{"Time":"2026-09-22T08:09:42.287767538+09:00","Action":"start","Package":"github.com/hkjang/Vendra/internal/config"}
{"Time":"2026-09-22T08:09:42.293202081+09:00","Action":"run","Package":"github.com/hkjang/Vendra/internal/config","Test":"TestLoadOnlyRequiredDeploymentInputs"}
{"Time":"2026-09-22T08:09:42.293851515+09:00","Action":"output","Package":"github.com/hkjang/Vendra/internal/config","Test":"TestLoadOnlyRequiredDeploymentInputs","Output":"=== RUN   TestLoadOnlyRequiredDeploymentInputs\n"}
{"Time":"2026-09-22T08:09:42.294461784+09:00","Action":"output","Package":"github.com/hkjang/Vendra/internal/config","Test":"TestLoadOnlyRequiredDeploymentInputs","Output":"--- PASS: TestLoadOnlyRequiredDeploymentInputs (0.00s)\n"}
{"Time":"2026-09-22T08:09:42.295356324+09:00","Action":"pass","Package":"github.com/hkjang/Vendra/internal/config","Test":"TestLoadOnlyRequiredDeploymentInputs","Elapsed":0}
{"Time":"2026-09-22T08:09:42.295915185+09:00","Action":"run","Package":"github.com/hkjang/Vendra/internal/config","Test":"TestLoadRejectsInvalidEncryptionKey"}
{"Time":"2026-09-22T08:09:42.296400499+09:00","Action":"output","Package":"github.com/hkjang/Vendra/internal/config","Test":"TestLoadRejectsInvalidEncryptionKey","Output":"=== RUN   TestLoadRejectsInvalidEncryptionKey\n"}
{"Time":"2026-09-22T08:09:42.296877815+09:00","Action":"output","Package":"github.com/hkjang/Vendra/internal/config","Test":"TestLoadRejectsInvalidEncryptionKey","Output":"2026/09/22 08:09:42 WARN BOOTSTRAP_ADMIN_PASSWORD is shorter than the recommended minimum characters=8 recommended_minimum=10\n"}
{"Time":"2026-09-22T08:09:42.297326446+09:00","Action":"output","Package":"github.com/hkjang/Vendra/internal/config","Test":"TestLoadRejectsInvalidEncryptionKey","Output":"--- PASS: TestLoadRejectsInvalidEncryptionKey (0.00s)\n"}
{"Time":"2026-09-22T08:09:42.297760791+09:00","Action":"pass","Package":"github.com/hkjang/Vendra/internal/config","Test":"TestLoadRejectsInvalidEncryptionKey","Elapsed":0}
{"Time":"2026-09-22T08:09:42.298156412+09:00","Action":"run","Package":"github.com/hkjang/Vendra/internal/config","Test":"TestLoadRejectsBootstrapPasswordBcryptCannotHash"}
{"Time":"2026-09-22T08:09:42.298636861+09:00","Action":"output","Package":"github.com/hkjang/Vendra/internal/config","Test":"TestLoadRejectsBootstrapPasswordBcryptCannotHash","Output":"=== RUN   TestLoadRejectsBootstrapPasswordBcryptCannotHash\n"}
{"Time":"2026-09-22T08:09:42.299092882+09:00","Action":"output","Package":"github.com/hkjang/Vendra/internal/config","Test":"TestLoadRejectsBootstrapPasswordBcryptCannotHash","Output":"--- PASS: TestLoadRejectsBootstrapPasswordBcryptCannotHash (0.00s)\n"}
{"Time":"2026-09-22T08:09:42.299561042+09:00","Action":"pass","Package":"github.com/hkjang/Vendra/internal/config","Test":"TestLoadRejectsBootstrapPasswordBcryptCannotHash","Elapsed":0}
{"Time":"2026-09-22T08:09:42.300103936+09:00","Action":"run","Package":"github.com/hkjang/Vendra/internal/config","Test":"TestLoadWarnsButAcceptsShortBootstrapPassword"}
{"Time":"2026-09-22T08:09:42.30055762+09:00","Action":"output","Package":"github.com/hkjang/Vendra/internal/config","Test":"TestLoadWarnsButAcceptsShortBootstrapPassword","Output":"=== RUN   TestLoadWarnsButAcceptsShortBootstrapPassword\n"}
{"Time":"2026-09-22T08:09:42.301110761+09:00","Action":"output","Package":"github.com/hkjang/Vendra/internal/config","Test":"TestLoadWarnsButAcceptsShortBootstrapPassword","Output":"2026/09/22 08:09:42 WARN BOOTSTRAP_ADMIN_PASSWORD is shorter than the recommended minimum characters=5 recommended_minimum=10\n"}
{"Time":"2026-09-22T08:09:42.301571161+09:00","Action":"output","Package":"github.com/hkjang/Vendra/internal/config","Test":"TestLoadWarnsButAcceptsShortBootstrapPassword","Output":"--- PASS: TestLoadWarnsButAcceptsShortBootstrapPassword (0.00s)\n"}
{"Time":"2026-09-22T08:09:42.301954431+09:00","Action":"pass","Package":"github.com/hkjang/Vendra/internal/config","Test":"TestLoadWarnsButAcceptsShortBootstrapPassword","Elapsed":0}
{"Time":"2026-09-22T08:09:42.302337796+09:00","Action":"output","Package":"github.com/hkjang/Vendra/internal/config","Output":"PASS\n"}
{"Time":"2026-09-22T08:09:42.302906576+09:00","Action":"output","Package":"github.com/hkjang/Vendra/internal/config","Output":"ok  \tgithub.com/hkjang/Vendra/internal/config\t0.012s\n"}
{"Time":"2026-09-22T08:09:42.303370872+09:00","Action":"pass","Package":"github.com/hkjang/Vendra/internal/config","Elapsed":0.016}
{"Time":"2026-09-22T08:09:42.474670805+09:00","Action":"start","Package":"github.com/hkjang/Vendra/internal/db"}
{"Time":"2026-09-22T08:09:42.478299419+09:00","Action":"run","Package":"github.com/hkjang/Vendra/internal/db","Test":"TestConcurrentMigrateIsSerialised"}
{"Time":"2026-09-22T08:09:42.478781166+09:00","Action":"output","Package":"github.com/hkjang/Vendra/internal/db","Test":"TestConcurrentMigrateIsSerialised","Output":"=== RUN   TestConcurrentMigrateIsSerialised\n"}
{"Time":"2026-09-22T08:09:42.961982538+09:00","Action":"output","Package":"github.com/hkjang/Vendra/internal/db","Test":"TestConcurrentMigrateIsSerialised","Output":"--- PASS: TestConcurrentMigrateIsSerialised (0.48s)\n"}
{"Time":"2026-09-22T08:09:42.962820021+09:00","Action":"pass","Package":"github.com/hkjang/Vendra/internal/db","Test":"TestConcurrentMigrateIsSerialised","Elapsed":0.48}
{"Time":"2026-09-22T08:09:42.963629886+09:00","Action":"run","Package":"github.com/hkjang/Vendra/internal/db","Test":"TestLocalTimezoneName"}
{"Time":"2026-09-22T08:09:42.964525341+09:00","Action":"output","Package":"github.com/hkjang/Vendra/internal/db","Test":"TestLocalTimezoneName","Output":"=== RUN   TestLocalTimezoneName\n"}
{"Time":"2026-09-22T08:09:42.967341068+09:00","Action":"output","Package":"github.com/hkjang/Vendra/internal/db","Test":"TestLocalTimezoneName","Output":"--- PASS: TestLocalTimezoneName (0.00s)\n"}
{"Time":"2026-09-22T08:09:42.968197163+09:00","Action":"pass","Package":"github.com/hkjang/Vendra/internal/db","Test":"TestLocalTimezoneName","Elapsed":0}
{"Time":"2026-09-22T08:09:42.96892104+09:00","Action":"run","Package":"github.com/hkjang/Vendra/internal/db","Test":"TestUpgradeFromAnOlderSchemaWithData"}
{"Time":"2026-09-22T08:09:42.96979756+09:00","Action":"output","Package":"github.com/hkjang/Vendra/internal/db","Test":"TestUpgradeFromAnOlderSchemaWithData","Output":"=== RUN   TestUpgradeFromAnOlderSchemaWithData\n"}
{"Time":"2026-09-22T08:09:43.577736912+09:00","Action":"output","Package":"github.com/hkjang/Vendra/internal/db","Test":"TestUpgradeFromAnOlderSchemaWithData","Output":"--- PASS: TestUpgradeFromAnOlderSchemaWithData (0.62s)\n"}
{"Time":"2026-09-22T08:09:43.578632856+09:00","Action":"pass","Package":"github.com/hkjang/Vendra/internal/db","Test":"TestUpgradeFromAnOlderSchemaWithData","Elapsed":0.62}
{"Time":"2026-09-22T08:09:43.579246058+09:00","Action":"output","Package":"github.com/hkjang/Vendra/internal/db","Output":"PASS\n"}
{"Time":"2026-09-22T08:09:43.57982051+09:00","Action":"output","Package":"github.com/hkjang/Vendra/internal/db","Output":"ok  \tgithub.com/hkjang/Vendra/internal/db\t1.105s\n"}
{"Time":"2026-09-22T08:09:43.580327648+09:00","Action":"pass","Package":"github.com/hkjang/Vendra/internal/db","Elapsed":1.106}
{"Time":"2026-09-22T08:09:43.642828199+09:00","Action":"start","Package":"github.com/hkjang/Vendra/internal/httpapi"}
{"Time":"2026-09-22T08:09:43.643464365+09:00","Action":"start","Package":"github.com/hkjang/Vendra/internal/observability"}
{"Time":"2026-09-22T08:09:43.644018089+09:00","Action":"start","Package":"github.com/hkjang/Vendra/internal/security"}
{"Time":"2026-09-22T08:09:43.644543645+09:00","Action":"start","Package":"github.com/hkjang/Vendra/internal/tracking"}
{"Time":"2026-09-22T08:09:43.645214776+09:00","Action":"start","Package":"github.com/hkjang/Vendra/cmd/vendra"}
{"Time":"2026-09-22T08:09:43.645700732+09:00","Action":"output","Package":"github.com/hkjang/Vendra/cmd/vendra","Output":"?   \tgithub.com/hkjang/Vendra/cmd/vendra\t[no test files]\n"}
{"Time":"2026-09-22T08:09:43.646172779+09:00","Action":"skip","Package":"github.com/hkjang/Vendra/cmd/vendra","Elapsed":0.001}
{"Time":"2026-09-22T08:09:43.645750196+09:00","Action":"run","Package":"github.com/hkjang/Vendra/internal/observability","Test":"TestCaptureQueryAndRedaction"}
{"Time":"2026-09-22T08:09:43.647141076+09:00","Action":"output","Package":"github.com/hkjang/Vendra/internal/observability","Test":"TestCaptureQueryAndRedaction","Output":"=== RUN   TestCaptureQueryAndRedaction\n"}
{"Time":"2026-09-22T08:09:43.647635895+09:00","Action":"output","Package":"github.com/hkjang/Vendra/internal/observability","Test":"TestCaptureQueryAndRedaction","Output":"--- PASS: TestCaptureQueryAndRedaction (0.00s)\n"}
{"Time":"2026-09-22T08:09:43.646318281+09:00","Action":"run","Package":"github.com/hkjang/Vendra/internal/security","Test":"TestVaultRoundTripAndTamperDetection"}
{"Time":"2026-09-22T08:09:43.64684972+09:00","Action":"run","Package":"github.com/hkjang/Vendra/internal/tracking","Test":"TestAFreshInstallationTracksNothing"}
{"Time":"2026-09-22T08:09:43.648131149+09:00","Action":"pass","Package":"github.com/hkjang/Vendra/internal/observability","Test":"TestCaptureQueryAndRedaction","Elapsed":0}
{"Time":"2026-09-22T08:09:43.649558218+09:00","Action":"run","Package":"github.com/hkjang/Vendra/internal/observability","Test":"TestStoreKeepsNewestEntries"}
{"Time":"2026-09-22T08:09:43.64853266+09:00","Action":"output","Package":"github.com/hkjang/Vendra/internal/security","Test":"TestVaultRoundTripAndTamperDetection","Output":"=== RUN   TestVaultRoundTripAndTamperDetection\n"}
{"Time":"2026-09-22T08:09:43.649128665+09:00","Action":"output","Package":"github.com/hkjang/Vendra/internal/tracking","Test":"TestAFreshInstallationTracksNothing","Output":"=== RUN   TestAFreshInstallationTracksNothing\n"}
{"Time":"2026-09-22T08:09:43.649987231+09:00","Action":"output","Package":"github.com/hkjang/Vendra/internal/observability","Test":"TestStoreKeepsNewestEntries","Output":"=== RUN   TestStoreKeepsNewestEntries\n"}
{"Time":"2026-09-22T08:09:43.651235146+09:00","Action":"output","Package":"github.com/hkjang/Vendra/internal/observability","Test":"TestStoreKeepsNewestEntries","Output":"--- PASS: TestStoreKeepsNewestEntries (0.00s)\n"}
{"Time":"2026-09-22T08:09:43.651662908+09:00","Action":"pass","Package":"github.com/hkjang/Vendra/internal/observability","Test":"TestStoreKeepsNewestEntries","Elapsed":0}
{"Time":"2026-09-22T08:09:43.650413338+09:00","Action":"output","Package":"github.com/hkjang/Vendra/internal/security","Test":"TestVaultRoundTripAndTamperDetection","Output":"--- PASS: TestVaultRoundTripAndTamperDetection (0.00s)\n"}
{"Time":"2026-09-22T08:09:43.650860988+09:00","Action":"output","Package":"github.com/hkjang/Vendra/internal/tracking","Test":"TestAFreshInstallationTracksNothing","Output":"--- PASS: TestAFreshInstallationTracksNothing (0.00s)\n"}
{"Time":"2026-09-22T08:09:43.652145052+09:00","Action":"run","Package":"github.com/hkjang/Vendra/internal/observability","Test":"TestHandlerPreservesAttributeGroups"}
{"Time":"2026-09-22T08:09:43.653348301+09:00","Action":"output","Package":"github.com/hkjang/Vendra/internal/observability","Test":"TestHandlerPreservesAttributeGroups","Output":"=== RUN   TestHandlerPreservesAttributeGroups\n"}
{"Time":"2026-09-22T08:09:43.65372751+09:00","Action":"output","Package":"github.com/hkjang/Vendra/internal/observability","Test":"TestHandlerPreservesAttributeGroups","Output":"--- PASS: TestHandlerPreservesAttributeGroups (0.00s)\n"}
{"Time":"2026-09-22T08:09:43.652556635+09:00","Action":"pass","Package":"github.com/hkjang/Vendra/internal/security","Test":"TestVaultRoundTripAndTamperDetection","Elapsed":0}
{"Time":"2026-09-22T08:09:43.65296923+09:00","Action":"pass","Package":"github.com/hkjang/Vendra/internal/tracking","Test":"TestAFreshInstallationTracksNothing","Elapsed":0}
{"Time":"2026-09-22T08:09:43.654159566+09:00","Action":"pass","Package":"github.com/hkjang/Vendra/internal/observability","Test":"TestHandlerPreservesAttributeGroups","Elapsed":0}
{"Time":"2026-09-22T08:09:43.655548664+09:00","Action":"run","Package":"github.com/hkjang/Vendra/internal/observability","Test":"TestHandlerConvertsNonJSONAttribute"}
{"Time":"2026-09-22T08:09:43.654571869+09:00","Action":"run","Package":"github.com/hkjang/Vendra/internal/security","Test":"TestTokenHashIsStableAndDoesNotExposeToken"}
{"Time":"2026-09-22T08:09:43.655099544+09:00","Action":"run","Package":"github.com/hkjang/Vendra/internal/tracking","Test":"TestMomentoIsFirstAndThroughTheProxyNeedsNoExternalOrigin"}
{"Time":"2026-09-22T08:09:43.65601904+09:00","Action":"output","Package":"github.com/hkjang/Vendra/internal/observability","Test":"TestHandlerConvertsNonJSONAttribute","Output":"=== RUN   TestHandlerConvertsNonJSONAttribute\n"}
{"Time":"2026-09-22T08:09:43.65743018+09:00","Action":"output","Package":"github.com/hkjang/Vendra/internal/observability","Test":"TestHandlerConvertsNonJSONAttribute","Output":"--- PASS: TestHandlerConvertsNonJSONAttribute (0.00s)\n"}
{"Time":"2026-09-22T08:09:43.656403894+09:00","Action":"output","Package":"github.com/hkjang/Vendra/internal/security","Test":"TestTokenHashIsStableAndDoesNotExposeToken","Output":"=== RUN   TestTokenHashIsStableAndDoesNotExposeToken\n"}
{"Time":"2026-09-22T08:09:43.656845216+09:00","Action":"output","Package":"github.com/hkjang/Vendra/internal/tracking","Test":"TestMomentoIsFirstAndThroughTheProxyNeedsNoExternalOrigin","Output":"=== RUN   TestMomentoIsFirstAndThroughTheProxyNeedsNoExternalOrigin\n"}
{"Time":"2026-09-22T08:09:43.657966358+09:00","Action":"pass","Package":"github.com/hkjang/Vendra/internal/observability","Test":"TestHandlerConvertsNonJSONAttribute","Elapsed":0}
{"Time":"2026-09-22T08:09:43.658615008+09:00","Action":"output","Package":"github.com/hkjang/Vendra/internal/security","Test":"TestTokenHashIsStableAndDoesNotExposeToken","Output":"--- PASS: TestTokenHashIsStableAndDoesNotExposeToken (0.00s)\n"}
{"Time":"2026-09-22T08:09:43.659137801+09:00","Action":"output","Package":"github.com/hkjang/Vendra/internal/tracking","Test":"TestMomentoIsFirstAndThroughTheProxyNeedsNoExternalOrigin","Output":"--- PASS: TestMomentoIsFirstAndThroughTheProxyNeedsNoExternalOrigin (0.00s)\n"}
{"Time":"2026-09-22T08:09:43.659649711+09:00","Action":"output","Package":"github.com/hkjang/Vendra/internal/observability","Output":"PASS\n"}
{"Time":"2026-09-22T08:09:43.660179289+09:00","Action":"pass","Package":"github.com/hkjang/Vendra/internal/security","Test":"TestTokenHashIsStableAndDoesNotExposeToken","Elapsed":0}
{"Time":"2026-09-22T08:09:43.661563669+09:00","Action":"output","Package":"github.com/hkjang/Vendra/internal/security","Output":"PASS\n"}
{"Time":"2026-09-22T08:09:43.66062315+09:00","Action":"pass","Package":"github.com/hkjang/Vendra/internal/tracking","Test":"TestMomentoIsFirstAndThroughTheProxyNeedsNoExternalOrigin","Elapsed":0}
{"Time":"2026-09-22T08:09:43.661077098+09:00","Action":"output","Package":"github.com/hkjang/Vendra/internal/observability","Output":"ok  \tgithub.com/hkjang/Vendra/internal/observability\t0.017s\n"}
{"Time":"2026-09-22T08:09:43.66214586+09:00","Action":"output","Package":"github.com/hkjang/Vendra/internal/security","Output":"ok  \tgithub.com/hkjang/Vendra/internal/security\t0.018s\n"}
{"Time":"2026-09-22T08:09:43.663563832+09:00","Action":"pass","Package":"github.com/hkjang/Vendra/internal/security","Elapsed":0.02}
{"Time":"2026-09-22T08:09:43.662575518+09:00","Action":"run","Package":"github.com/hkjang/Vendra/internal/tracking","Test":"TestEveryScriptTagCarriesTheRequestNonce"}
{"Time":"2026-09-22T08:09:43.663147861+09:00","Action":"pass","Package":"github.com/hkjang/Vendra/internal/observability","Elapsed":0.02}
{"Time":"2026-09-22T08:09:43.664569301+09:00","Action":"output","Package":"github.com/hkjang/Vendra/internal/tracking","Test":"TestEveryScriptTagCarriesTheRequestNonce","Output":"=== RUN   TestEveryScriptTagCarriesTheRequestNonce\n"}
{"Time":"2026-09-22T08:09:43.665406327+09:00","Action":"output","Package":"github.com/hkjang/Vendra/internal/tracking","Test":"TestEveryScriptTagCarriesTheRequestNonce","Output":"--- PASS: TestEveryScriptTagCarriesTheRequestNonce (0.00s)\n"}
{"Time":"2026-09-22T08:09:43.665848068+09:00","Action":"pass","Package":"github.com/hkjang/Vendra/internal/tracking","Test":"TestEveryScriptTagCarriesTheRequestNonce","Elapsed":0}
{"Time":"2026-09-22T08:09:43.666295501+09:00","Action":"run","Package":"github.com/hkjang/Vendra/internal/tracking","Test":"TestPolicySourcesAreReadOutOfThePastedSnippet"}
{"Time":"2026-09-22T08:09:43.666707015+09:00","Action":"output","Package":"github.com/hkjang/Vendra/internal/tracking","Test":"TestPolicySourcesAreReadOutOfThePastedSnippet","Output":"=== RUN   TestPolicySourcesAreReadOutOfThePastedSnippet\n"}
{"Time":"2026-09-22T08:09:43.667168242+09:00","Action":"output","Package":"github.com/hkjang/Vendra/internal/tracking","Test":"TestPolicySourcesAreReadOutOfThePastedSnippet","Output":"--- PASS: TestPolicySourcesAreReadOutOfThePastedSnippet (0.00s)\n"}
{"Time":"2026-09-22T08:09:43.667609075+09:00","Action":"pass","Package":"github.com/hkjang/Vendra/internal/tracking","Test":"TestPolicySourcesAreReadOutOfThePastedSnippet","Elapsed":0}
{"Time":"2026-09-22T08:09:43.667994418+09:00","Action":"run","Package":"github.com/hkjang/Vendra/internal/tracking","Test":"TestAdministrativePagesAreLeftAloneUnlessAskedFor"}
{"Time":"2026-09-22T08:09:43.668357512+09:00","Action":"output","Package":"github.com/hkjang/Vendra/internal/tracking","Test":"TestAdministrativePagesAreLeftAloneUnlessAskedFor","Output":"=== RUN   TestAdministrativePagesAreLeftAloneUnlessAskedFor\n"}
{"Time":"2026-09-22T08:09:43.668781689+09:00","Action":"output","Package":"github.com/hkjang/Vendra/internal/tracking","Test":"TestAdministrativePagesAreLeftAloneUnlessAskedFor","Output":"--- PASS: TestAdministrativePagesAreLeftAloneUnlessAskedFor (0.00s)\n"}
{"Time":"2026-09-22T08:09:43.669150228+09:00","Action":"pass","Package":"github.com/hkjang/Vendra/internal/tracking","Test":"TestAdministrativePagesAreLeftAloneUnlessAskedFor","Elapsed":0}
{"Time":"2026-09-22T08:09:43.669538422+09:00","Action":"run","Package":"github.com/hkjang/Vendra/internal/tracking","Test":"TestWhatCannotBeStored"}
{"Time":"2026-09-22T08:09:43.669947073+09:00","Action":"output","Package":"github.com/hkjang/Vendra/internal/tracking","Test":"TestWhatCannotBeStored","Output":"=== RUN   TestWhatCannotBeStored\n"}
{"Time":"2026-09-22T08:09:43.670317954+09:00","Action":"output","Package":"github.com/hkjang/Vendra/internal/tracking","Test":"TestWhatCannotBeStored","Output":"--- PASS: TestWhatCannotBeStored (0.00s)\n"}
{"Time":"2026-09-22T08:09:43.670687908+09:00","Action":"pass","Package":"github.com/hkjang/Vendra/internal/tracking","Test":"TestWhatCannotBeStored","Elapsed":0}
{"Time":"2026-09-22T08:09:43.671069365+09:00","Action":"run","Package":"github.com/hkjang/Vendra/internal/tracking","Test":"TestRecorderKeepsDistinctOriginsNotCounts"}
{"Time":"2026-09-22T08:09:43.671431542+09:00","Action":"output","Package":"github.com/hkjang/Vendra/internal/tracking","Test":"TestRecorderKeepsDistinctOriginsNotCounts","Output":"=== RUN   TestRecorderKeepsDistinctOriginsNotCounts\n"}
{"Time":"2026-09-22T08:09:43.671790453+09:00","Action":"output","Package":"github.com/hkjang/Vendra/internal/tracking","Test":"TestRecorderKeepsDistinctOriginsNotCounts","Output":"--- PASS: TestRecorderKeepsDistinctOriginsNotCounts (0.00s)\n"}
{"Time":"2026-09-22T08:09:43.672152566+09:00","Action":"pass","Package":"github.com/hkjang/Vendra/internal/tracking","Test":"TestRecorderKeepsDistinctOriginsNotCounts","Elapsed":0}
{"Time":"2026-09-22T08:09:43.672580185+09:00","Action":"run","Package":"github.com/hkjang/Vendra/internal/tracking","Test":"TestAddAllowedHostKeepsTheListTidy"}
{"Time":"2026-09-22T08:09:43.672959145+09:00","Action":"output","Package":"github.com/hkjang/Vendra/internal/tracking","Test":"TestAddAllowedHostKeepsTheListTidy","Output":"=== RUN   TestAddAllowedHostKeepsTheListTidy\n"}
{"Time":"2026-09-22T08:09:43.673369863+09:00","Action":"output","Package":"github.com/hkjang/Vendra/internal/tracking","Test":"TestAddAllowedHostKeepsTheListTidy","Output":"--- PASS: TestAddAllowedHostKeepsTheListTidy (0.00s)\n"}
{"Time":"2026-09-22T08:09:43.673762367+09:00","Action":"pass","Package":"github.com/hkjang/Vendra/internal/tracking","Test":"TestAddAllowedHostKeepsTheListTidy","Elapsed":0}
{"Time":"2026-09-22T08:09:43.674129215+09:00","Action":"output","Package":"github.com/hkjang/Vendra/internal/tracking","Output":"PASS\n"}
{"Time":"2026-09-22T08:09:43.674585856+09:00","Action":"output","Package":"github.com/hkjang/Vendra/internal/tracking","Output":"ok  \tgithub.com/hkjang/Vendra/internal/tracking\t0.029s\n"}
{"Time":"2026-09-22T08:09:43.674993834+09:00","Action":"pass","Package":"github.com/hkjang/Vendra/internal/tracking","Elapsed":0.03}
{"Time":"2026-09-22T08:09:43.685962234+09:00","Action":"run","Package":"github.com/hkjang/Vendra/internal/httpapi","Test":"TestTypeOnlyDelegationDoesNotWidenDataScope"}
{"Time":"2026-09-22T08:09:43.686369485+09:00","Action":"output","Package":"github.com/hkjang/Vendra/internal/httpapi","Test":"TestTypeOnlyDelegationDoesNotWidenDataScope","Output":"=== RUN   TestTypeOnlyDelegationDoesNotWidenDataScope\n"}
{"Time":"2026-09-22T08:09:44.234188494+09:00","Action":"output","Package":"github.com/hkjang/Vendra/internal/httpapi","Test":"TestTypeOnlyDelegationDoesNotWidenDataScope","Output":"2026/09/22 08:09:44 INFO request method=POST path=/api/auth/login duration_ms=11 request_id=JQU3u_W666bXRLoC\n"}
{"Time":"2026-09-22T08:09:44.241377142+09:00","Action":"output","Package":"github.com/hkjang/Vendra/internal/httpapi","Test":"TestTypeOnlyDelegationDoesNotWidenDataScope","Output":"2026/09/22 08:09:44 INFO request method=POST path=/api/auth/login duration_ms=7 request_id=wwRb4Mmb__K7cDsQ\n"}
{"Time":"2026-09-22T08:09:44.304400069+09:00","Action":"run","Package":"github.com/hkjang/Vendra/internal/httpapi","Test":"TestTypeOnlyDelegationDoesNotWidenDataScope/read_another_department's_contract"}
{"Time":"2026-09-22T08:09:44.305086012+09:00","Action":"output","Package":"github.com/hkjang/Vendra/internal/httpapi","Test":"TestTypeOnlyDelegationDoesNotWidenDataScope/read_another_department's_contract","Output":"=== RUN   TestTypeOnlyDelegationDoesNotWidenDataScope/read_another_department's_contract\n"}
{"Time":"2026-09-22T08:09:44.314891396+09:00","Action":"output","Package":"github.com/hkjang/Vendra/internal/httpapi","Test":"TestTypeOnlyDelegationDoesNotWidenDataScope/read_another_department's_contract","Output":"2026/09/22 08:09:44 INFO request method=POST path=/api/auth/login duration_ms=7 request_id=qcLZe7lXsk5AqNwB\n"}
{"Time":"2026-09-22T08:09:44.320327835+09:00","Action":"output","Package":"github.com/hkjang/Vendra/internal/httpapi","Test":"TestTypeOnlyDelegationDoesNotWidenDataScope/read_another_department's_contract","Output":"2026/09/22 08:09:44 INFO request method=GET path=/api/v1/contracts/f1a65270-5ba9-4b09-aa6d-86a6fd18b030 duration_ms=5 request_id=dpAncjeXDJ4VKE96\n"}
{"Time":"2026-09-22T08:09:44.332222511+09:00","Action":"output","Package":"github.com/hkjang/Vendra/internal/httpapi","Test":"TestTypeOnlyDelegationDoesNotWidenDataScope/read_another_department's_contract","Output":"2026/09/22 08:09:44 INFO request method=POST path=/api/auth/login duration_ms=7 request_id=uQSP6nQJYVDU-2Hw\n"}
{"Time":"2026-09-22T08:09:44.334678219+09:00","Action":"output","Package":"github.com/hkjang/Vendra/internal/httpapi","Test":"TestTypeOnlyDelegationDoesNotWidenDataScope/read_another_department's_contract","Output":"2026/09/22 08:09:44 INFO request method=GET path=/api/v1/contracts/f1a65270-5ba9-4b09-aa6d-86a6fd18b030 duration_ms=2 request_id=hXDgza-MGHoXvbCP\n"}
{"Time":"2026-09-22T08:09:44.33518039+09:00","Action":"output","Package":"github.com/hkjang/Vendra/internal/httpapi","Test":"TestTypeOnlyDelegationDoesNotWidenDataScope/read_another_department's_contract","Output":"--- PASS: TestTypeOnlyDelegationDoesNotWidenDataScope/read_another_department's_contract (0.03s)\n"}
{"Time":"2026-09-22T08:09:44.33565859+09:00","Action":"pass","Package":"github.com/hkjang/Vendra/internal/httpapi","Test":"TestTypeOnlyDelegationDoesNotWidenDataScope/read_another_department's_contract","Elapsed":0.03}
{"Time":"2026-09-22T08:09:44.336126805+09:00","Action":"run","Package":"github.com/hkjang/Vendra/internal/httpapi","Test":"TestTypeOnlyDelegationDoesNotWidenDataScope/read_another_department's_supplier"}
{"Time":"2026-09-22T08:09:44.336523041+09:00","Action":"output","Package":"github.com/hkjang/Vendra/internal/httpapi","Test":"TestTypeOnlyDelegationDoesNotWidenDataScope/read_another_department's_supplier","Output":"=== RUN   TestTypeOnlyDelegationDoesNotWidenDataScope/read_another_department's_supplier\n"}
{"Time":"2026-09-22T08:09:44.343638316+09:00","Action":"output","Package":"github.com/hkjang/Vendra/internal/httpapi","Test":"TestTypeOnlyDelegationDoesNotWidenDataScope/read_another_department's_supplier","Output":"2026/09/22 08:09:44 INFO request method=POST path=/api/auth/login duration_ms=6 request_id=SxBG9ERicHA0ey6E\n"}
{"Time":"2026-09-22T08:09:44.34615894+09:00","Action":"output","Package":"github.com/hkjang/Vendra/internal/httpapi","Test":"TestTypeOnlyDelegationDoesNotWidenDataScope/read_another_department's_supplier","Output":"2026/09/22 08:09:44 INFO request method=GET path=/api/v1/suppliers/6f0d7099-5451-49a8-84b5-5d6455c47365 duration_ms=2 request_id=-_ul4-GPU6wwtWfj\n"}
{"Time":"2026-09-22T08:09:44.355314848+09:00","Action":"output","Package":"github.com/hkjang/Vendra/internal/httpapi","Test":"TestTypeOnlyDelegationDoesNotWidenDataScope/read_another_department's_supplier","Output":"2026/09/22 08:09:44 INFO request method=POST path=/api/auth/login duration_ms=6 request_id=I5WP0llGTW-x6A1v\n"}
{"Time":"2026-09-22T08:09:44.357373923+09:00","Action":"output","Package":"github.com/hkjang/Vendra/internal/httpapi","Test":"TestTypeOnlyDelegationDoesNotWidenDataScope/read_another_department's_supplier","Output":"2026/09/22 08:09:44 INFO request method=GET path=/api/v1/suppliers/6f0d7099-5451-49a8-84b5-5d6455c47365 duration_ms=1 request_id=BtpkTTh83TNXqfhK\n"}
{"Time":"2026-09-22T08:09:44.357804159+09:00","Action":"output","Package":"github.com/hkjang/Vendra/internal/httpapi","Test":"TestTypeOnlyDelegationDoesNotWidenDataScope/read_another_department's_supplier","Output":"--- PASS: TestTypeOnlyDelegationDoesNotWidenDataScope/read_another_department's_supplier (0.02s)\n"}
{"Time":"2026-09-22T08:09:44.35818885+09:00","Action":"pass","Package":"github.com/hkjang/Vendra/internal/httpapi","Test":"TestTypeOnlyDelegationDoesNotWidenDataScope/read_another_department's_supplier","Elapsed":0.02}
{"Time":"2026-09-22T08:09:44.358583676+09:00","Action":"run","Package":"github.com/hkjang/Vendra/internal/httpapi","Test":"TestTypeOnlyDelegationDoesNotWidenDataScope/download_another_department's_document"}
{"Time":"2026-09-22T08:09:44.358992083+09:00","Action":"output","Package":"github.com/hkjang/Vendra/internal/httpapi","Test":"TestTypeOnlyDelegationDoesNotWidenDataScope/download_another_department's_document","Output":"=== RUN   TestTypeOnlyDelegationDoesNotWidenDataScope/download_another_department's_document\n"}
{"Time":"2026-09-22T08:09:44.367441592+09:00","Action":"output","Package":"github.com/hkjang/Vendra/internal/httpapi","Test":"TestTypeOnlyDelegationDoesNotWidenDataScope/download_another_department's_document","Output":"2026/09/22 08:09:44 INFO request method=POST path=/api/auth/login duration_ms=8 request_id=R4-_lNJbGC-QUPT6\n"}
{"Time":"2026-09-22T08:09:44.370298316+09:00","Action":"output","Package":"github.com/hkjang/Vendra/internal/httpapi","Test":"TestTypeOnlyDelegationDoesNotWidenDataScope/download_another_department's_document","Output":"2026/09/22 08:09:44 INFO request method=GET path=/api/v1/documents/eb55b2b7-124a-42f6-9708-ec4f3395ee76/download duration_ms=2 request_id=DnOeh2Hs-zPOPli1\n"}
{"Time":"2026-09-22T08:09:44.378814279+09:00","Action":"output","Package":"github.com/hkjang/Vendra/internal/httpapi","Test":"TestTypeOnlyDelegationDoesNotWidenDataScope/download_another_department's_document","Output":"2026/09/22 08:09:44 INFO request method=POST path=/api/auth/login duration_ms=6 request_id=dNdYh7PRWm5NDBw_\n"}
{"Time":"2026-09-22T08:09:44.381126101+09:00","Action":"output","Package":"github.com/hkjang/Vendra/internal/httpapi","Test":"TestTypeOnlyDelegationDoesNotWidenDataScope/download_another_department's_document","Output":"2026/09/22 08:09:44 INFO request method=GET path=/api/v1/documents/eb55b2b7-124a-42f6-9708-ec4f3395ee76/download duration_ms=2 request_id=mCp6e608Tsb2LlD-\n"}
{"Time":"2026-09-22T08:09:44.381573067+09:00","Action":"output","Package":"github.com/hkjang/Vendra/internal/httpapi","Test":"TestTypeOnlyDelegationDoesNotWidenDataScope/download_another_department's_document","Output":"--- PASS: TestTypeOnlyDelegationDoesNotWidenDataScope/download_another_department's_document (0.02s)\n"}
{"Time":"2026-09-22T08:09:44.382060174+09:00","Action":"pass","Package":"github.com/hkjang/Vendra/internal/httpapi","Test":"TestTypeOnlyDelegationDoesNotWidenDataScope/download_another_department's_document","Elapsed":0.02}
{"Time":"2026-09-22T08:09:44.382483116+09:00","Action":"run","Package":"github.com/hkjang/Vendra/internal/httpapi","Test":"TestTypeOnlyDelegationDoesNotWidenDataScope/file_an_order_into_another_organisation"}
{"Time":"2026-09-22T08:09:44.382944015+09:00","Action":"output","Package":"github.com/hkjang/Vendra/internal/httpapi","Test":"TestTypeOnlyDelegationDoesNotWidenDataScope/file_an_order_into_another_organisation","Output":"=== RUN   TestTypeOnlyDelegationDoesNotWidenDataScope/file_an_order_into_another_organisation\n"}
{"Time":"2026-09-22T08:09:44.389144201+09:00","Action":"output","Package":"github.com/hkjang/Vendra/internal/httpapi","Test":"TestTypeOnlyDelegationDoesNotWidenDataScope/file_an_order_into_another_organisation","Output":"2026/09/22 08:09:44 INFO request method=POST path=/api/auth/login duration_ms=6 request_id=UdODu4B4oHQHXSBK\n"}
{"Time":"2026-09-22T08:09:44.39130321+09:00","Action":"output","Package":"github.com/hkjang/Vendra/internal/httpapi","Test":"TestTypeOnlyDelegationDoesNotWidenDataScope/file_an_order_into_another_organisation","Output":"2026/09/22 08:09:44 INFO request method=POST path=/api/v1/purchase-orders duration_ms=2 request_id=mlCk28QvlXq4heNZ\n"}
{"Time":"2026-09-22T08:09:44.39977274+09:00","Action":"output","Package":"github.com/hkjang/Vendra/internal/httpapi","Test":"TestTypeOnlyDelegationDoesNotWidenDataScope/file_an_order_into_another_organisation","Output":"2026/09/22 08:09:44 INFO request method=POST path=/api/auth/login duration_ms=6 request_id=segBf-WyV05Ez4No\n"}
{"Time":"2026-09-22T08:09:44.401560327+09:00","Action":"output","Package":"github.com/hkjang/Vendra/internal/httpapi","Test":"TestTypeOnlyDelegationDoesNotWidenDataScope/file_an_order_into_another_organisation","Output":"2026/09/22 08:09:44 INFO request method=POST path=/api/v1/purchase-orders duration_ms=1 request_id=NRxnY0OJbgNtizz_\n"}
{"Time":"2026-09-22T08:09:44.402025646+09:00","Action":"output","Package":"github.com/hkjang/Vendra/internal/httpapi","Test":"TestTypeOnlyDelegationDoesNotWidenDataScope/file_an_order_into_another_organisation","Output":"--- PASS: TestTypeOnlyDelegationDoesNotWidenDataScope/file_an_order_into_another_organisation (0.02s)\n"}
{"Time":"2026-09-22T08:09:44.40244852+09:00","Action":"pass","Package":"github.com/hkjang/Vendra/internal/httpapi","Test":"TestTypeOnlyDelegationDoesNotWidenDataScope/file_an_order_into_another_organisation","Elapsed":0.02}
{"Time":"2026-09-22T08:09:44.402838559+09:00","Action":"run","Package":"github.com/hkjang/Vendra/internal/httpapi","Test":"TestTypeOnlyDelegationDoesNotWidenDataScope/file_an_order_against_another_department's_supplier"}
{"Time":"2026-09-22T08:09:44.403222676+09:00","Action":"output","Package":"github.com/hkjang/Vendra/internal/httpapi","Test":"TestTypeOnlyDelegationDoesNotWidenDataScope/file_an_order_against_another_department's_supplier","Output":"=== RUN   TestTypeOnlyDelegationDoesNotWidenDataScope/file_an_order_against_another_department's_supplier\n"}
{"Time":"2026-09-22T08:09:44.409661096+09:00","Action":"output","Package":"github.com/hkjang/Vendra/internal/httpapi","Test":"TestTypeOnlyDelegationDoesNotWidenDataScope/file_an_order_against_another_department's_supplier","Output":"2026/09/22 08:09:44 INFO request method=POST path=/api/auth/login duration_ms=6 request_id=Q54uEQYtyFJ3dUMe\n"}
{"Time":"2026-09-22T08:09:44.411860033+09:00","Action":"output","Package":"github.com/hkjang/Vendra/internal/httpapi","Test":"TestTypeOnlyDelegationDoesNotWidenDataScope/file_an_order_against_another_department's_supplier","Output":"2026/09/22 08:09:44 INFO request method=POST path=/api/v1/purchase-orders duration_ms=2 request_id=xgw-eZvuBQ6NZDsu\n"}
{"Time":"2026-09-22T08:09:44.420253149+09:00","Action":"output","Package":"github.com/hkjang/Vendra/internal/httpapi","Test":"TestTypeOnlyDelegationDoesNotWidenDataScope/file_an_order_against_another_department's_supplier","Output":"2026/09/22 08:09:44 INFO request method=POST path=/api/auth/login duration_ms=6 request_id=2E_AW4HIGrj4-c1S\n"}
{"Time":"2026-09-22T08:09:44.422553627+09:00","Action":"output","Package":"github.com/hkjang/Vendra/internal/httpapi","Test":"TestTypeOnlyDelegationDoesNotWidenDataScope/file_an_order_against_another_department's_supplier","Output":"2026/09/22 08:09:44 INFO request method=POST path=/api/v1/purchase-orders duration_ms=2 request_id=s8d3hb0QARMkciYg\n"}
{"Time":"2026-09-22T08:09:44.423078376+09:00","Action":"output","Package":"github.com/hkjang/Vendra/internal/httpapi","Test":"TestTypeOnlyDelegationDoesNotWidenDataScope/file_an_order_against_another_department's_supplier","Output":"--- PASS: TestTypeOnlyDelegationDoesNotWidenDataScope/file_an_order_against_another_department's_supplier (0.02s)\n"}
{"Time":"2026-09-22T08:09:44.423496887+09:00","Action":"pass","Package":"github.com/hkjang/Vendra/internal/httpapi","Test":"TestTypeOnlyDelegationDoesNotWidenDataScope/file_an_order_against_another_department's_supplier","Elapsed":0.02}
{"Time":"2026-09-22T08:09:44.423865228+09:00","Action":"run","Package":"github.com/hkjang/Vendra/internal/httpapi","Test":"TestTypeOnlyDelegationDoesNotWidenDataScope/attach_a_document_to_another_department's_contract"}
{"Time":"2026-09-22T08:09:44.424228264+09:00","Action":"output","Package":"github.com/hkjang/Vendra/internal/httpapi","Test":"TestTypeOnlyDelegationDoesNotWidenDataScope/attach_a_document_to_another_department's_contract","Output":"=== RUN   TestTypeOnlyDelegationDoesNotWidenDataScope/attach_a_document_to_another_department's_contract\n"}
{"Time":"2026-09-22T08:09:44.430477208+09:00","Action":"output","Package":"github.com/hkjang/Vendra/internal/httpapi","Test":"TestTypeOnlyDelegationDoesNotWidenDataScope/attach_a_document_to_another_department's_contract","Output":"2026/09/22 08:09:44 INFO request method=POST path=/api/auth/login duration_ms=6 request_id=kTYUvdlfBWvIpezc\n"}
{"Time":"2026-09-22T08:09:44.43285867+09:00","Action":"output","Package":"github.com/hkjang/Vendra/internal/httpapi","Test":"TestTypeOnlyDelegationDoesNotWidenDataScope/attach_a_document_to_another_department's_contract","Output":"2026/09/22 08:09:44 INFO request method=POST path=/api/v1/documents/upload duration_ms=2 request_id=SBaIzxRj6sk29Xlc\n"}
{"Time":"2026-09-22T08:09:44.441246708+09:00","Action":"output","Package":"github.com/hkjang/Vendra/internal/httpapi","Test":"TestTypeOnlyDelegationDoesNotWidenDataScope/attach_a_document_to_another_department's_contract","Output":"2026/09/22 08:09:44 INFO request method=POST path=/api/auth/login duration_ms=6 request_id=on4SN9JDchSSkT67\n"}
{"Time":"2026-09-22T08:09:44.443085954+09:00","Action":"output","Package":"github.com/hkjang/Vendra/internal/httpapi","Test":"TestTypeOnlyDelegationDoesNotWidenDataScope/attach_a_document_to_another_department's_contract","Output":"2026/09/22 08:09:44 INFO request method=POST path=/api/v1/documents/upload duration_ms=1 request_id=G5M19GL91BBcCOga\n"}
{"Time":"2026-09-22T08:09:44.443588974+09:00","Action":"output","Package":"github.com/hkjang/Vendra/internal/httpapi","Test":"TestTypeOnlyDelegationDoesNotWidenDataScope/attach_a_document_to_another_department's_contract","Output":"--- PASS: TestTypeOnlyDelegationDoesNotWidenDataScope/attach_a_document_to_another_department's_contract (0.02s)\n"}
{"Time":"2026-09-22T08:09:44.444059191+09:00","Action":"pass","Package":"github.com/hkjang/Vendra/internal/httpapi","Test":"TestTypeOnlyDelegationDoesNotWidenDataScope/attach_a_document_to_another_department's_contract","Elapsed":0.02}
{"Time":"2026-09-22T08:09:44.444538913+09:00","Action":"output","Package":"github.com/hkjang/Vendra/internal/httpapi","Test":"TestTypeOnlyDelegationDoesNotWidenDataScope","Output":"--- PASS: TestTypeOnlyDelegationDoesNotWidenDataScope (0.76s)\n"}
{"Time":"2026-09-22T08:09:44.44505817+09:00","Action":"pass","Package":"github.com/hkjang/Vendra/internal/httpapi","Test":"TestTypeOnlyDelegationDoesNotWidenDataScope","Elapsed":0.76}
{"Time":"2026-09-22T08:09:44.445545356+09:00","Action":"run","Package":"github.com/hkjang/Vendra/internal/httpapi","Test":"TestRecordDelegationReachesThatRecordOnly"}
{"Time":"2026-09-22T08:09:44.446089168+09:00","Action":"output","Package":"github.com/hkjang/Vendra/internal/httpapi","Test":"TestRecordDelegationReachesThatRecordOnly","Output":"=== RUN   TestRecordDelegationReachesThatRecordOnly\n"}
{"Time":"2026-09-22T08:09:44.598941112+09:00","Action":"output","Package":"github.com/hkjang/Vendra/internal/httpapi","Test":"TestRecordDelegationReachesThatRecordOnly","Output":"2026/09/22 08:09:44 INFO request method=POST path=/api/auth/login duration_ms=9 request_id=uw3xyf6jH--pz-ib\n"}
{"Time":"2026-09-22T08:09:44.605271709+09:00","Action":"output","Package":"github.com/hkjang/Vendra/internal/httpapi","Test":"TestRecordDelegationReachesThatRecordOnly","Output":"2026/09/22 08:09:44 INFO request method=POST path=/api/auth/login duration_ms=6 request_id=EdJp-eevkpZS8aln\n"}
{"Time":"2026-09-22T08:09:44.676540468+09:00","Action":"output","Package":"github.com/hkjang/Vendra/internal/httpapi","Test":"TestRecordDelegationReachesThatRecordOnly","Output":"2026/09/22 08:09:44 INFO request method=POST path=/api/auth/login duration_ms=6 request_id=-ed88YXnQL73-rMH\n"}
{"Time":"2026-09-22T08:09:44.681323725+09:00","Action":"output","Package":"github.com/hkjang/Vendra/internal/httpapi","Test":"TestRecordDelegationReachesThatRecordOnly","Output":"2026/09/22 08:09:44 INFO request method=GET path=/api/v1/contracts/74dba2e5-f89b-4253-9b0d-686e8f7433f7 duration_ms=4 request_id=ovSKET99bMaEThib\n"}
{"Time":"2026-09-22T08:09:44.683809167+09:00","Action":"output","Package":"github.com/hkjang/Vendra/internal/httpapi","Test":"TestRecordDelegationReachesThatRecordOnly","Output":"2026/09/22 08:09:44 INFO request method=GET path=/api/v1/purchase-orders/0cf99326-4b7e-4f49-a327-dd98d4028c48 duration_ms=2 request_id=dje63EbHPiD5B-m2\n"}
{"Time":"2026-09-22T08:09:44.684274502+09:00","Action":"output","Package":"github.com/hkjang/Vendra/internal/httpapi","Test":"TestRecordDelegationReachesThatRecordOnly","Output":"--- PASS: TestRecordDelegationReachesThatRecordOnly (0.24s)\n"}
{"Time":"2026-09-22T08:09:44.684664636+09:00","Action":"pass","Package":"github.com/hkjang/Vendra/internal/httpapi","Test":"TestRecordDelegationReachesThatRecordOnly","Elapsed":0.24}
{"Time":"2026-09-22T08:09:44.685239724+09:00","Action":"run","Package":"github.com/hkjang/Vendra/internal/httpapi","Test":"TestExpiredDelegationGrantsNothing"}
{"Time":"2026-09-22T08:09:44.685610287+09:00","Action":"output","Package":"github.com/hkjang/Vendra/internal/httpapi","Test":"TestExpiredDelegationGrantsNothing","Output":"=== RUN   TestExpiredDelegationGrantsNothing\n"}
{"Time":"2026-09-22T08:09:44.831153171+09:00","Action":"output","Package":"github.com/hkjang/Vendra/internal/httpapi","Test":"TestExpiredDelegationGrantsNothing","Output":"2026/09/22 08:09:44 INFO request method=POST path=/api/auth/login duration_ms=10 request_id=bhZQEhOH05d__5E2\n"}
{"Time":"2026-09-22T08:09:44.8372076+09:00","Action":"output","Package":"github.com/hkjang/Vendra/internal/httpapi","Test":"TestExpiredDelegationGrantsNothing","Output":"2026/09/22 08:09:44 INFO request method=POST path=/api/auth/login duration_ms=6 request_id=T6PrvjGR1q3nEA8e\n"}
{"Time":"2026-09-22T08:09:44.907739075+09:00","Action":"output","Package":"github.com/hkjang/Vendra/internal/httpapi","Test":"TestExpiredDelegationGrantsNothing","Output":"2026/09/22 08:09:44 INFO request method=POST path=/api/auth/login duration_ms=6 request_id=Q_4aJC9Yxz9mEpNa\n"}
{"Time":"2026-09-22T08:09:44.9123505+09:00","Action":"output","Package":"github.com/hkjang/Vendra/internal/httpapi","Test":"TestExpiredDelegationGrantsNothing","Output":"2026/09/22 08:09:44 INFO request method=GET path=/api/v1/contracts/56dcf4d8-2412-49c3-8d8f-a74d4e9d0201 duration_ms=4 request_id=XwmaZxKC-cF9QbuE\n"}
{"Time":"2026-09-22T08:09:44.912978529+09:00","Action":"output","Package":"github.com/hkjang/Vendra/internal/httpapi","Test":"TestExpiredDelegationGrantsNothing","Output":"--- PASS: TestExpiredDelegationGrantsNothing (0.23s)\n"}
{"Time":"2026-09-22T08:09:44.913462662+09:00","Action":"pass","Package":"github.com/hkjang/Vendra/internal/httpapi","Test":"TestExpiredDelegationGrantsNothing","Elapsed":0.23}
{"Time":"2026-09-22T08:09:44.913878878+09:00","Action":"run","Package":"github.com/hkjang/Vendra/internal/httpapi","Test":"TestAICallsAreBoundedPerHour"}
{"Time":"2026-09-22T08:09:44.914301205+09:00","Action":"output","Package":"github.com/hkjang/Vendra/internal/httpapi","Test":"TestAICallsAreBoundedPerHour","Output":"=== RUN   TestAICallsAreBoundedPerHour\n"}
{"Time":"2026-09-22T08:09:45.060629262+09:00","Action":"output","Package":"github.com/hkjang/Vendra/internal/httpapi","Test":"TestAICallsAreBoundedPerHour","Output":"2026/09/22 08:09:45 INFO request method=POST path=/api/auth/login duration_ms=9 request_id=di7gJYuWdc4RKKeQ\n"}
{"Time":"2026-09-22T08:09:45.066788159+09:00","Action":"output","Package":"github.com/hkjang/Vendra/internal/httpapi","Test":"TestAICallsAreBoundedPerHour","Output":"2026/09/22 08:09:45 INFO request method=POST path=/api/auth/login duration_ms=6 request_id=K6czu6dqRj_hTtX0\n"}
{"Time":"2026-09-22T08:09:45.13328081+09:00","Action":"output","Package":"github.com/hkjang/Vendra/internal/httpapi","Test":"TestAICallsAreBoundedPerHour","Output":"2026/09/22 08:09:45 INFO request method=POST path=/api/auth/login duration_ms=6 request_id=vJYEsjfH_AQt0aeS\n"}
{"Time":"2026-09-22T08:09:45.144476778+09:00","Action":"output","Package":"github.com/hkjang/Vendra/internal/httpapi","Test":"TestAICallsAreBoundedPerHour","Output":"2026/09/22 08:09:45 INFO request method=POST path=/api/v1/ai/contracts/7c7c75ce-10e3-4789-8c6c-4c646cc0d6b7/analyze duration_ms=11 request_id=jlwyrQ7T1nNkEaWJ\n"}
{"Time":"2026-09-22T08:09:45.150823537+09:00","Action":"output","Package":"github.com/hkjang/Vendra/internal/httpapi","Test":"TestAICallsAreBoundedPerHour","Output":"2026/09/22 08:09:45 INFO request method=POST path=/api/v1/ai/contracts/7c7c75ce-10e3-4789-8c6c-4c646cc0d6b7/analyze duration_ms=6 request_id=NTEngtrzTOo9SBq2\n"}
{"Time":"2026-09-22T08:09:45.157087467+09:00","Action":"output","Package":"github.com/hkjang/Vendra/internal/httpapi","Test":"TestAICallsAreBoundedPerHour","Output":"2026/09/22 08:09:45 INFO request method=POST path=/api/v1/ai/contracts/7c7c75ce-10e3-4789-8c6c-4c646cc0d6b7/analyze duration_ms=6 request_id=hSxAF729f0BqT_64\n"}
{"Time":"2026-09-22T08:09:45.163005093+09:00","Action":"output","Package":"github.com/hkjang/Vendra/internal/httpapi","Test":"TestAICallsAreBoundedPerHour","Output":"2026/09/22 08:09:45 INFO request method=POST path=/api/v1/ai/contracts/7c7c75ce-10e3-4789-8c6c-4c646cc0d6b7/analyze duration_ms=5 request_id=Tfi71FLYuLkGOTQz\n"}
{"Time":"2026-09-22T08:09:45.168993439+09:00","Action":"output","Package":"github.com/hkjang/Vendra/internal/httpapi","Test":"TestAICallsAreBoundedPerHour","Output":"2026/09/22 08:09:45 INFO request method=POST path=/api/v1/ai/contracts/7c7c75ce-10e3-4789-8c6c-4c646cc0d6b7/analyze duration_ms=5 request_id=x5Xcse6ff_9c45_w\n"}
{"Time":"2026-09-22T08:09:45.171845558+09:00","Action":"output","Package":"github.com/hkjang/Vendra/internal/httpapi","Test":"TestAICallsAreBoundedPerHour","Output":"2026/09/22 08:09:45 INFO request method=POST path=/api/v1/ai/contracts/7c7c75ce-10e3-4789-8c6c-4c646cc0d6b7/analyze duration_ms=2 request_id=AkBRVtrnTACw160i\n"}
{"Time":"2026-09-22T08:09:45.174151718+09:00","Action":"output","Package":"github.com/hkjang/Vendra/internal/httpapi","Test":"TestAICallsAreBoundedPerHour","Output":"2026/09/22 08:09:45 INFO request method=POST path=/api/v1/ai/contracts/7c7c75ce-10e3-4789-8c6c-4c646cc0d6b7/analyze duration_ms=2 request_id=pn8qTlKv9U0efXZ0\n"}
{"Time":"2026-09-22T08:09:45.176645985+09:00","Action":"output","Package":"github.com/hkjang/Vendra/internal/httpapi","Test":"TestAICallsAreBoundedPerHour","Output":"2026/09/22 08:09:45 INFO request method=POST path=/api/v1/ai/contracts/7c7c75ce-10e3-4789-8c6c-4c646cc0d6b7/analyze duration_ms=2 request_id=xOHwXsoHAayEezqS\n"}
{"Time":"2026-09-22T08:09:45.179025104+09:00","Action":"output","Package":"github.com/hkjang/Vendra/internal/httpapi","Test":"TestAICallsAreBoundedPerHour","Output":"2026/09/22 08:09:45 INFO request method=POST path=/api/v1/ai/contracts/7c7c75ce-10e3-4789-8c6c-4c646cc0d6b7/analyze duration_ms=2 request_id=683ZG9oHdwwrzMsv\n"}
{"Time":"2026-09-22T08:09:45.181293574+09:00","Action":"output","Package":"github.com/hkjang/Vendra/internal/httpapi","Test":"TestAICallsAreBoundedPerHour","Output":"2026/09/22 08:09:45 INFO request method=POST path=/api/v1/ai/contracts/7c7c75ce-10e3-4789-8c6c-4c646cc0d6b7/analyze duration_ms=2 request_id=mdfwaACBUePOzVD9\n"}
{"Time":"2026-09-22T08:09:45.183564768+09:00","Action":"output","Package":"github.com/hkjang/Vendra/internal/httpapi","Test":"TestAICallsAreBoundedPerHour","Output":"2026/09/22 08:09:45 INFO request method=POST path=/api/v1/ai/contracts/7c7c75ce-10e3-4789-8c6c-4c646cc0d6b7/analyze duration_ms=2 request_id=mMPFBRobKS6R_FeW\n"}
{"Time":"2026-09-22T08:09:45.185786112+09:00","Action":"output","Package":"github.com/hkjang/Vendra/internal/httpapi","Test":"TestAICallsAreBoundedPerHour","Output":"2026/09/22 08:09:45 INFO request method=POST path=/api/v1/ai/contracts/7c7c75ce-10e3-4789-8c6c-4c646cc0d6b7/analyze duration_ms=2 request_id=-L8xsDtcVKp5Bhue\n"}
{"Time":"2026-09-22T08:09:45.189467031+09:00","Action":"output","Package":"github.com/hkjang/Vendra/internal/httpapi","Test":"TestAICallsAreBoundedPerHour","Output":"--- PASS: TestAICallsAreBoundedPerHour (0.28s)\n"}
{"Time":"2026-09-22T08:09:45.189968163+09:00","Action":"pass","Package":"github.com/hkjang/Vendra/internal/httpapi","Test":"TestAICallsAreBoundedPerHour","Elapsed":0.28}
{"Time":"2026-09-22T08:09:45.190399334+09:00","Action":"run","Package":"github.com/hkjang/Vendra/internal/httpapi","Test":"TestAIBudgetDefaultsAndOptOut"}
{"Time":"2026-09-22T08:09:45.190821916+09:00","Action":"output","Package":"github.com/hkjang/Vendra/internal/httpapi","Test":"TestAIBudgetDefaultsAndOptOut","Output":"=== RUN   TestAIBudgetDefaultsAndOptOut\n"}
{"Time":"2026-09-22T08:09:45.251681279+09:00","Action":"output","Package":"github.com/hkjang/Vendra/internal/httpapi","Test":"TestAIBudgetDefaultsAndOptOut","Output":"2026/09/22 08:09:45 ERROR notification scheduling failed error=\"context canceled\"\n"}
{"Time":"2026-09-22T08:09:45.252188132+09:00","Action":"output","Package":"github.com/hkjang/Vendra/internal/httpapi","Test":"TestAIBudgetDefaultsAndOptOut","Output":"2026/09/22 08:09:45 ERROR notification dispatch failed error=\"context canceled\"\n"}
{"Time":"2026-09-22T08:09:45.252580864+09:00","Action":"output","Package":"github.com/hkjang/Vendra/internal/httpapi","Test":"TestAIBudgetDefaultsAndOptOut","Output":"2026/09/22 08:09:45 ERROR retention sweep failed error=\"context canceled\"\n"}
{"Time":"2026-09-22T08:09:45.253743502+09:00","Action":"output","Package":"github.com/hkjang/Vendra/internal/httpapi","Test":"TestAIBudgetDefaultsAndOptOut","Output":"--- PASS: TestAIBudgetDefaultsAndOptOut (0.06s)\n"}
{"Time":"2026-09-22T08:09:45.254131893+09:00","Action":"pass","Package":"github.com/hkjang/Vendra/internal/httpapi","Test":"TestAIBudgetDefaultsAndOptOut","Elapsed":0.06}
{"Time":"2026-09-22T08:09:45.254506898+09:00","Action":"run","Package":"github.com/hkjang/Vendra/internal/httpapi","Test":"TestAIFailureDoesNotRevealTheEndpoint"}
{"Time":"2026-09-22T08:09:45.254875097+09:00","Action":"output","Package":"github.com/hkjang/Vendra/internal/httpapi","Test":"TestAIFailureDoesNotRevealTheEndpoint","Output":"=== RUN   TestAIFailureDoesNotRevealTheEndpoint\n"}
{"Time":"2026-09-22T08:09:45.401258512+09:00","Action":"output","Package":"github.com/hkjang/Vendra/internal/httpapi","Test":"TestAIFailureDoesNotRevealTheEndpoint","Output":"2026/09/22 08:09:45 INFO request method=POST path=/api/auth/login duration_ms=9 request_id=ccthR5sjvWxuY72N\n"}
{"Time":"2026-09-22T08:09:45.407449596+09:00","Action":"output","Package":"github.com/hkjang/Vendra/internal/httpapi","Test":"TestAIFailureDoesNotRevealTheEndpoint","Output":"2026/09/22 08:09:45 INFO request method=POST path=/api/auth/login duration_ms=6 request_id=4oRU6hC9nxrdLbhi\n"}
{"Time":"2026-09-22T08:09:45.474079275+09:00","Action":"output","Package":"github.com/hkjang/Vendra/internal/httpapi","Test":"TestAIFailureDoesNotRevealTheEndpoint","Output":"2026/09/22 08:09:45 INFO request method=POST path=/api/auth/login duration_ms=7 request_id=U69N5qvM_PLqKH5Y\n"}
{"Time":"2026-09-22T08:09:45.489162424+09:00","Action":"output","Package":"github.com/hkjang/Vendra/internal/httpapi","Test":"TestAIFailureDoesNotRevealTheEndpoint","Output":"2026/09/22 08:09:45 ERROR ai call failed error=\"AI 모델에 연결할 수 없습니다: Post \\\"http://ai-gateway.internal.corp:8443/v1/chat/completions\\\": dial tcp: lookup ai-gateway.internal.corp on 10.255.255.254:53: no such host\" request_id=4VVsZj6NJsJnQXMr\n"}
{"Time":"2026-09-22T08:09:45.489625395+09:00","Action":"output","Package":"github.com/hkjang/Vendra/internal/httpapi","Test":"TestAIFailureDoesNotRevealTheEndpoint","Output":"2026/09/22 08:09:45 INFO request method=POST path=/api/v1/ai/contracts/d5ea2edd-57bf-4c3e-b5a1-64b6303267d8/analyze duration_ms=15 request_id=4VVsZj6NJsJnQXMr\n"}
{"Time":"2026-09-22T08:09:45.490761044+09:00","Action":"output","Package":"github.com/hkjang/Vendra/internal/httpapi","Test":"TestAIFailureDoesNotRevealTheEndpoint","Output":"--- PASS: TestAIFailureDoesNotRevealTheEndpoint (0.24s)\n"}
{"Time":"2026-09-22T08:09:45.491451504+09:00","Action":"pass","Package":"github.com/hkjang/Vendra/internal/httpapi","Test":"TestAIFailureDoesNotRevealTheEndpoint","Elapsed":0.24}
{"Time":"2026-09-22T08:09:45.49186825+09:00","Action":"run","Package":"github.com/hkjang/Vendra/internal/httpapi","Test":"TestPortalCannotTellMissingFromForbidden"}
{"Time":"2026-09-22T08:09:45.492226599+09:00","Action":"output","Package":"github.com/hkjang/Vendra/internal/httpapi","Test":"TestPortalCannotTellMissingFromForbidden","Output":"=== RUN   TestPortalCannotTellMissingFromForbidden\n"}
{"Time":"2026-09-22T08:09:45.584476242+09:00","Action":"output","Package":"github.com/hkjang/Vendra/internal/httpapi","Test":"TestPortalCannotTellMissingFromForbidden","Output":"2026/09/22 08:09:45 INFO request method=POST path=/api/auth/login duration_ms=10 request_id=T9ObzYNQ0cUQaMUk\n"}
{"Time":"2026-09-22T08:09:45.585014562+09:00","Action":"run","Package":"github.com/hkjang/Vendra/internal/httpapi","Test":"TestPortalCannotTellMissingFromForbidden/supplier"}
{"Time":"2026-09-22T08:09:45.585395748+09:00","Action":"output","Package":"github.com/hkjang/Vendra/internal/httpapi","Test":"TestPortalCannotTellMissingFromForbidden/supplier","Output":"=== RUN   TestPortalCannotTellMissingFromForbidden/supplier\n"}
{"Time":"2026-09-22T08:09:45.589030405+09:00","Action":"output","Package":"github.com/hkjang/Vendra/internal/httpapi","Test":"TestPortalCannotTellMissingFromForbidden/supplier","Output":"2026/09/22 08:09:45 INFO request method=GET path=/api/v1/suppliers/00000000-0000-0000-0000-0000000000ff duration_ms=4 request_id=nOVKwzM0CRYNEVDV\n"}
{"Time":"2026-09-22T08:09:45.590411053+09:00","Action":"output","Package":"github.com/hkjang/Vendra/internal/httpapi","Test":"TestPortalCannotTellMissingFromForbidden/supplier","Output":"2026/09/22 08:09:45 INFO request method=GET path=/api/v1/suppliers/012acb07-1544-4698-8a8c-2cfef5b74897 duration_ms=1 request_id=QRQM0NKr2VhOxWPN\n"}
{"Time":"2026-09-22T08:09:45.590886041+09:00","Action":"output","Package":"github.com/hkjang/Vendra/internal/httpapi","Test":"TestPortalCannotTellMissingFromForbidden/supplier","Output":"--- PASS: TestPortalCannotTellMissingFromForbidden/supplier (0.01s)\n"}
{"Time":"2026-09-22T08:09:45.591272666+09:00","Action":"pass","Package":"github.com/hkjang/Vendra/internal/httpapi","Test":"TestPortalCannotTellMissingFromForbidden/supplier","Elapsed":0.01}
{"Time":"2026-09-22T08:09:45.59167378+09:00","Action":"run","Package":"github.com/hkjang/Vendra/internal/httpapi","Test":"TestPortalCannotTellMissingFromForbidden/contract"}
{"Time":"2026-09-22T08:09:45.592071707+09:00","Action":"output","Package":"github.com/hkjang/Vendra/internal/httpapi","Test":"TestPortalCannotTellMissingFromForbidden/contract","Output":"=== RUN   TestPortalCannotTellMissingFromForbidden/contract\n"}
{"Time":"2026-09-22T08:09:45.592437203+09:00","Action":"output","Package":"github.com/hkjang/Vendra/internal/httpapi","Test":"TestPortalCannotTellMissingFromForbidden/contract","Output":"2026/09/22 08:09:45 INFO request method=GET path=/api/v1/contracts/00000000-0000-0000-0000-0000000000ff duration_ms=1 request_id=1awj2-x8zogYJMcC\n"}
{"Time":"2026-09-22T08:09:45.593502397+09:00","Action":"output","Package":"github.com/hkjang/Vendra/internal/httpapi","Test":"TestPortalCannotTellMissingFromForbidden/contract","Output":"2026/09/22 08:09:45 INFO request method=GET path=/api/v1/contracts/0710d7f7-eb91-4cbe-b297-f3b0f6358284 duration_ms=1 request_id=NC1kfhlz_DstdKMp\n"}
{"Time":"2026-09-22T08:09:45.593856288+09:00","Action":"output","Package":"github.com/hkjang/Vendra/internal/httpapi","Test":"TestPortalCannotTellMissingFromForbidden/contract","Output":"--- PASS: TestPortalCannotTellMissingFromForbidden/contract (0.00s)\n"}
{"Time":"2026-09-22T08:09:45.594215778+09:00","Action":"pass","Package":"github.com/hkjang/Vendra/internal/httpapi","Test":"TestPortalCannotTellMissingFromForbidden/contract","Elapsed":0}
{"Time":"2026-09-22T08:09:45.594569452+09:00","Action":"run","Package":"github.com/hkjang/Vendra/internal/httpapi","Test":"TestPortalCannotTellMissingFromForbidden/sourcing_questions"}
{"Time":"2026-09-22T08:09:45.594955626+09:00","Action":"output","Package":"github.com/hkjang/Vendra/internal/httpapi","Test":"TestPortalCannotTellMissingFromForbidden/sourcing_questions","Output":"=== RUN   TestPortalCannotTellMissingFromForbidden/sourcing_questions\n"}
{"Time":"2026-09-22T08:09:45.596093165+09:00","Action":"output","Package":"github.com/hkjang/Vendra/internal/httpapi","Test":"TestPortalCannotTellMissingFromForbidden/sourcing_questions","Output":"2026/09/22 08:09:45 INFO request method=GET path=/api/v1/portal/sourcing/00000000-0000-0000-0000-0000000000ff/questions duration_ms=2 request_id=s4DGj1mhmTVfypPe\n"}
{"Time":"2026-09-22T08:09:45.59791092+09:00","Action":"output","Package":"github.com/hkjang/Vendra/internal/httpapi","Test":"TestPortalCannotTellMissingFromForbidden/sourcing_questions","Output":"2026/09/22 08:09:45 INFO request method=GET path=/api/v1/portal/sourcing/0710d7f7-eb91-4cbe-b297-f3b0f6358284/questions duration_ms=1 request_id=zSLHTNGTeoxzmPwh\n"}
{"Time":"2026-09-22T08:09:45.598321479+09:00","Action":"output","Package":"github.com/hkjang/Vendra/internal/httpapi","Test":"TestPortalCannotTellMissingFromForbidden/sourcing_questions","Output":"--- PASS: TestPortalCannotTellMissingFromForbidden/sourcing_questions (0.00s)\n"}
{"Time":"2026-09-22T08:09:45.598705819+09:00","Action":"pass","Package":"github.com/hkjang/Vendra/internal/httpapi","Test":"TestPortalCannotTellMissingFromForbidden/sourcing_questions","Elapsed":0}
{"Time":"2026-09-22T08:09:45.616874317+09:00","Action":"output","Package":"github.com/hkjang/Vendra/internal/httpapi","Test":"TestPortalCannotTellMissingFromForbidden","Output":"--- PASS: TestPortalCannotTellMissingFromForbidden (0.13s)\n"}
{"Time":"2026-09-22T08:09:45.617278392+09:00","Action":"pass","Package":"github.com/hkjang/Vendra/internal/httpapi","Test":"TestPortalCannotTellMissingFromForbidden","Elapsed":0.13}
{"Time":"2026-09-22T08:09:45.617612326+09:00","Action":"run","Package":"github.com/hkjang/Vendra/internal/httpapi","Test":"TestScreeningCreationIsAllOrNothing"}
{"Time":"2026-09-22T08:09:45.617980313+09:00","Action":"output","Package":"github.com/hkjang/Vendra/internal/httpapi","Test":"TestScreeningCreationIsAllOrNothing","Output":"=== RUN   TestScreeningCreationIsAllOrNothing\n"}
{"Time":"2026-09-22T08:09:45.725591482+09:00","Action":"output","Package":"github.com/hkjang/Vendra/internal/httpapi","Test":"TestScreeningCreationIsAllOrNothing","Output":"2026/09/22 08:09:45 INFO request method=POST path=/api/auth/login duration_ms=48 request_id=AF64nZg_Az--IHd9\n"}
{"Time":"2026-09-22T08:09:45.739911702+09:00","Action":"output","Package":"github.com/hkjang/Vendra/internal/httpapi","Test":"TestScreeningCreationIsAllOrNothing","Output":"2026/09/22 08:09:45 ERROR database error error=\"ERROR: blocked by test (SQLSTATE P0001)\"\n"}
{"Time":"2026-09-22T08:09:45.740347176+09:00","Action":"output","Package":"github.com/hkjang/Vendra/internal/httpapi","Test":"TestScreeningCreationIsAllOrNothing","Output":"2026/09/22 08:09:45 INFO request method=POST path=/api/v1/suppliers/d4d6cbb6-f049-4fb8-b81b-f2dd75b84563/screenings duration_ms=7 request_id=vTZr9BojmuPgxeLZ\n"}
{"Time":"2026-09-22T08:09:45.742920025+09:00","Action":"output","Package":"github.com/hkjang/Vendra/internal/httpapi","Test":"TestScreeningCreationIsAllOrNothing","Output":"응답 500, 남은 심사 0건, 공급업체 상태 \"active\"\n"}
{"Time":"2026-09-22T08:09:45.75136814+09:00","Action":"output","Package":"github.com/hkjang/Vendra/internal/httpapi","Test":"TestScreeningCreationIsAllOrNothing","Output":"--- PASS: TestScreeningCreationIsAllOrNothing (0.13s)\n"}
{"Time":"2026-09-22T08:09:45.751897082+09:00","Action":"pass","Package":"github.com/hkjang/Vendra/internal/httpapi","Test":"TestScreeningCreationIsAllOrNothing","Elapsed":0.13}
{"Time":"2026-09-22T08:09:45.752313796+09:00","Action":"run","Package":"github.com/hkjang/Vendra/internal/httpapi","Test":"TestAuditValueRedactsSecretsAndBoundsSize"}
{"Time":"2026-09-22T08:09:45.752680187+09:00","Action":"output","Package":"github.com/hkjang/Vendra/internal/httpapi","Test":"TestAuditValueRedactsSecretsAndBoundsSize","Output":"=== RUN   TestAuditValueRedactsSecretsAndBoundsSize\n"}
{"Time":"2026-09-22T08:09:45.753051307+09:00","Action":"run","Package":"github.com/hkjang/Vendra/internal/httpapi","Test":"TestAuditValueRedactsSecretsAndBoundsSize/bank_account"}
{"Time":"2026-09-22T08:09:45.75340039+09:00","Action":"output","Package":"github.com/hkjang/Vendra/internal/httpapi","Test":"TestAuditValueRedactsSecretsAndBoundsSize/bank_account","Output":"=== RUN   TestAuditValueRedactsSecretsAndBoundsSize/bank_account\n"}
{"Time":"2026-09-22T08:09:45.753781217+09:00","Action":"output","Package":"github.com/hkjang/Vendra/internal/httpapi","Test":"TestAuditValueRedactsSecretsAndBoundsSize/bank_account","Output":"--- PASS: TestAuditValueRedactsSecretsAndBoundsSize/bank_account (0.00s)\n"}
{"Time":"2026-09-22T08:09:45.754141586+09:00","Action":"pass","Package":"github.com/hkjang/Vendra/internal/httpapi","Test":"TestAuditValueRedactsSecretsAndBoundsSize/bank_account","Elapsed":0}
{"Time":"2026-09-22T08:09:45.754498658+09:00","Action":"run","Package":"github.com/hkjang/Vendra/internal/httpapi","Test":"TestAuditValueRedactsSecretsAndBoundsSize/password"}
{"Time":"2026-09-22T08:09:45.754888889+09:00","Action":"output","Package":"github.com/hkjang/Vendra/internal/httpapi","Test":"TestAuditValueRedactsSecretsAndBoundsSize/password","Output":"=== RUN   TestAuditValueRedactsSecretsAndBoundsSize/password\n"}
{"Time":"2026-09-22T08:09:45.755241916+09:00","Action":"output","Package":"github.com/hkjang/Vendra/internal/httpapi","Test":"TestAuditValueRedactsSecretsAndBoundsSize/password","Output":"--- PASS: TestAuditValueRedactsSecretsAndBoundsSize/password (0.00s)\n"}
{"Time":"2026-09-22T08:09:45.755602985+09:00","Action":"pass","Package":"github.com/hkjang/Vendra/internal/httpapi","Test":"TestAuditValueRedactsSecretsAndBoundsSize/password","Elapsed":0}
{"Time":"2026-09-22T08:09:45.755968237+09:00","Action":"run","Package":"github.com/hkjang/Vendra/internal/httpapi","Test":"TestAuditValueRedactsSecretsAndBoundsSize/nested_api_key"}
{"Time":"2026-09-22T08:09:45.756314728+09:00","Action":"output","Package":"github.com/hkjang/Vendra/internal/httpapi","Test":"TestAuditValueRedactsSecretsAndBoundsSize/nested_api_key","Output":"=== RUN   TestAuditValueRedactsSecretsAndBoundsSize/nested_api_key\n"}
{"Time":"2026-09-22T08:09:45.756678389+09:00","Action":"output","Package":"github.com/hkjang/Vendra/internal/httpapi","Test":"TestAuditValueRedactsSecretsAndBoundsSize/nested_api_key","Output":"--- PASS: TestAuditValueRedactsSecretsAndBoundsSize/nested_api_key (0.00s)\n"}
{"Time":"2026-09-22T08:09:45.757034629+09:00","Action":"pass","Package":"github.com/hkjang/Vendra/internal/httpapi","Test":"TestAuditValueRedactsSecretsAndBoundsSize/nested_api_key","Elapsed":0}
{"Time":"2026-09-22T08:09:45.757407175+09:00","Action":"run","Package":"github.com/hkjang/Vendra/internal/httpapi","Test":"TestAuditValueRedactsSecretsAndBoundsSize/inside_a_list"}
{"Time":"2026-09-22T08:09:45.757762365+09:00","Action":"output","Package":"github.com/hkjang/Vendra/internal/httpapi","Test":"TestAuditValueRedactsSecretsAndBoundsSize/inside_a_list","Output":"=== RUN   TestAuditValueRedactsSecretsAndBoundsSize/inside_a_list\n"}
{"Time":"2026-09-22T08:09:45.758112869+09:00","Action":"output","Package":"github.com/hkjang/Vendra/internal/httpapi","Test":"TestAuditValueRedactsSecretsAndBoundsSize/inside_a_list","Output":"--- PASS: TestAuditValueRedactsSecretsAndBoundsSize/inside_a_list (0.00s)\n"}
{"Time":"2026-09-22T08:09:45.758466109+09:00","Action":"pass","Package":"github.com/hkjang/Vendra/internal/httpapi","Test":"TestAuditValueRedactsSecretsAndBoundsSize/inside_a_list","Elapsed":0}
{"Time":"2026-09-22T08:09:45.758814964+09:00","Action":"run","Package":"github.com/hkjang/Vendra/internal/httpapi","Test":"TestAuditValueRedactsSecretsAndBoundsSize/snake_case"}
{"Time":"2026-09-22T08:09:45.759166157+09:00","Action":"output","Package":"github.com/hkjang/Vendra/internal/httpapi","Test":"TestAuditValueRedactsSecretsAndBoundsSize/snake_case","Output":"=== RUN   TestAuditValueRedactsSecretsAndBoundsSize/snake_case\n"}
{"Time":"2026-09-22T08:09:45.759522753+09:00","Action":"output","Package":"github.com/hkjang/Vendra/internal/httpapi","Test":"TestAuditValueRedactsSecretsAndBoundsSize/snake_case","Output":"--- PASS: TestAuditValueRedactsSecretsAndBoundsSize/snake_case (0.00s)\n"}
{"Time":"2026-09-22T08:09:45.759962664+09:00","Action":"pass","Package":"github.com/hkjang/Vendra/internal/httpapi","Test":"TestAuditValueRedactsSecretsAndBoundsSize/snake_case","Elapsed":0}
{"Time":"2026-09-22T08:09:45.760311715+09:00","Action":"run","Package":"github.com/hkjang/Vendra/internal/httpapi","Test":"TestAuditValueRedactsSecretsAndBoundsSize/change_flags_survive"}
{"Time":"2026-09-22T08:09:45.760665644+09:00","Action":"output","Package":"github.com/hkjang/Vendra/internal/httpapi","Test":"TestAuditValueRedactsSecretsAndBoundsSize/change_flags_survive","Output":"=== RUN   TestAuditValueRedactsSecretsAndBoundsSize/change_flags_survive\n"}
{"Time":"2026-09-22T08:09:45.76100667+09:00","Action":"output","Package":"github.com/hkjang/Vendra/internal/httpapi","Test":"TestAuditValueRedactsSecretsAndBoundsSize/change_flags_survive","Output":"--- PASS: TestAuditValueRedactsSecretsAndBoundsSize/change_flags_survive (0.00s)\n"}
{"Time":"2026-09-22T08:09:45.761361717+09:00","Action":"pass","Package":"github.com/hkjang/Vendra/internal/httpapi","Test":"TestAuditValueRedactsSecretsAndBoundsSize/change_flags_survive","Elapsed":0}
{"Time":"2026-09-22T08:09:45.761705749+09:00","Action":"run","Package":"github.com/hkjang/Vendra/internal/httpapi","Test":"TestAuditValueRedactsSecretsAndBoundsSize/oversized_value_is_bounded"}
{"Time":"2026-09-22T08:09:45.762065339+09:00","Action":"output","Package":"github.com/hkjang/Vendra/internal/httpapi","Test":"TestAuditValueRedactsSecretsAndBoundsSize/oversized_value_is_bounded","Output":"=== RUN   TestAuditValueRedactsSecretsAndBoundsSize/oversized_value_is_bounded\n"}
{"Time":"2026-09-22T08:09:45.762409884+09:00","Action":"output","Package":"github.com/hkjang/Vendra/internal/httpapi","Test":"TestAuditValueRedactsSecretsAndBoundsSize/oversized_value_is_bounded","Output":"--- PASS: TestAuditValueRedactsSecretsAndBoundsSize/oversized_value_is_bounded (0.00s)\n"}
{"Time":"2026-09-22T08:09:45.762811623+09:00","Action":"pass","Package":"github.com/hkjang/Vendra/internal/httpapi","Test":"TestAuditValueRedactsSecretsAndBoundsSize/oversized_value_is_bounded","Elapsed":0}
{"Time":"2026-09-22T08:09:45.763212026+09:00","Action":"output","Package":"github.com/hkjang/Vendra/internal/httpapi","Test":"TestAuditValueRedactsSecretsAndBoundsSize","Output":"--- PASS: TestAuditValueRedactsSecretsAndBoundsSize (0.00s)\n"}
{"Time":"2026-09-22T08:09:45.76358771+09:00","Action":"pass","Package":"github.com/hkjang/Vendra/internal/httpapi","Test":"TestAuditValueRedactsSecretsAndBoundsSize","Elapsed":0}
{"Time":"2026-09-22T08:09:45.76394236+09:00","Action":"run","Package":"github.com/hkjang/Vendra/internal/httpapi","Test":"TestPortalInputDoesNotLeakSecretsIntoTheTrail"}
{"Time":"2026-09-22T08:09:45.764297878+09:00","Action":"output","Package":"github.com/hkjang/Vendra/internal/httpapi","Test":"TestPortalInputDoesNotLeakSecretsIntoTheTrail","Output":"=== RUN   TestPortalInputDoesNotLeakSecretsIntoTheTrail\n"}
{"Time":"2026-09-22T08:09:45.844061983+09:00","Action":"output","Package":"github.com/hkjang/Vendra/internal/httpapi","Test":"TestPortalInputDoesNotLeakSecretsIntoTheTrail","Output":"2026/09/22 08:09:45 INFO request method=POST path=/api/auth/login duration_ms=11 request_id=iOZxPN5AlIUlIg2J\n"}
{"Time":"2026-09-22T08:09:45.852110718+09:00","Action":"output","Package":"github.com/hkjang/Vendra/internal/httpapi","Test":"TestPortalInputDoesNotLeakSecretsIntoTheTrail","Output":"2026/09/22 08:09:45 INFO request method=PATCH path=/api/v1/portal/profile duration_ms=7 request_id=RZE7mQm-9hWDSpzu\n"}
{"Time":"2026-09-22T08:09:45.874528224+09:00","Action":"output","Package":"github.com/hkjang/Vendra/internal/httpapi","Test":"TestPortalInputDoesNotLeakSecretsIntoTheTrail","Output":"--- PASS: TestPortalInputDoesNotLeakSecretsIntoTheTrail (0.12s)\n"}
{"Time":"2026-09-22T08:09:45.875159528+09:00","Action":"pass","Package":"github.com/hkjang/Vendra/internal/httpapi","Test":"TestPortalInputDoesNotLeakSecretsIntoTheTrail","Elapsed":0.12}
{"Time":"2026-09-22T08:09:45.875671836+09:00","Action":"run","Package":"github.com/hkjang/Vendra/internal/httpapi","Test":"TestSignInAndSignOutAreOnTheRecord"}
{"Time":"2026-09-22T08:09:45.876106091+09:00","Action":"output","Package":"github.com/hkjang/Vendra/internal/httpapi","Test":"TestSignInAndSignOutAreOnTheRecord","Output":"=== RUN   TestSignInAndSignOutAreOnTheRecord\n"}
{"Time":"2026-09-22T08:09:45.986053049+09:00","Action":"output","Package":"github.com/hkjang/Vendra/internal/httpapi","Test":"TestSignInAndSignOutAreOnTheRecord","Output":"2026/09/22 08:09:45 INFO request method=POST path=/api/auth/login duration_ms=47 request_id=VZDBIk5AKO6lwVjS\n"}
{"Time":"2026-09-22T08:09:46.0383304+09:00","Action":"output","Package":"github.com/hkjang/Vendra/internal/httpapi","Test":"TestSignInAndSignOutAreOnTheRecord","Output":"2026/09/22 08:09:46 INFO request method=POST path=/api/auth/login duration_ms=52 request_id=uQIpPsNVmTt0lxAd\n"}
{"Time":"2026-09-22T08:09:46.046774454+09:00","Action":"output","Package":"github.com/hkjang/Vendra/internal/httpapi","Test":"TestSignInAndSignOutAreOnTheRecord","Output":"2026/09/22 08:09:46 INFO request method=POST path=/api/auth/logout duration_ms=8 request_id=deuYd7qa6UcFVVxg\n"}
{"Time":"2026-09-22T08:09:46.04985625+09:00","Action":"output","Package":"github.com/hkjang/Vendra/internal/httpapi","Test":"TestSignInAndSignOutAreOnTheRecord","Output":"--- PASS: TestSignInAndSignOutAreOnTheRecord (0.18s)\n"}
{"Time":"2026-09-22T08:09:46.050406851+09:00","Action":"pass","Package":"github.com/hkjang/Vendra/internal/httpapi","Test":"TestSignInAndSignOutAreOnTheRecord","Elapsed":0.18}
{"Time":"2026-09-22T08:09:46.050857969+09:00","Action":"run","Package":"github.com/hkjang/Vendra/internal/httpapi","Test":"TestAuditRecordSurvivesTheCallerLeaving"}
{"Time":"2026-09-22T08:09:46.051248877+09:00","Action":"output","Package":"github.com/hkjang/Vendra/internal/httpapi","Test":"TestAuditRecordSurvivesTheCallerLeaving","Output":"=== RUN   TestAuditRecordSurvivesTheCallerLeaving\n"}
{"Time":"2026-09-22T08:09:46.116576852+09:00","Action":"output","Package":"github.com/hkjang/Vendra/internal/httpapi","Test":"TestAuditRecordSurvivesTheCallerLeaving","Output":"2026/09/22 08:09:46 ERROR notification scheduling failed error=\"context canceled\"\n"}
{"Time":"2026-09-22T08:09:46.119585611+09:00","Action":"output","Package":"github.com/hkjang/Vendra/internal/httpapi","Test":"TestAuditRecordSurvivesTheCallerLeaving","Output":"2026/09/22 08:09:46 ERROR notification dispatch failed error=\"context canceled\"\n"}
{"Time":"2026-09-22T08:09:46.120081745+09:00","Action":"output","Package":"github.com/hkjang/Vendra/internal/httpapi","Test":"TestAuditRecordSurvivesTheCallerLeaving","Output":"2026/09/22 08:09:46 ERROR retention sweep failed error=\"context canceled\"\n"}
{"Time":"2026-09-22T08:09:46.120492427+09:00","Action":"output","Package":"github.com/hkjang/Vendra/internal/httpapi","Test":"TestAuditRecordSurvivesTheCallerLeaving","Output":"--- PASS: TestAuditRecordSurvivesTheCallerLeaving (0.07s)\n"}
{"Time":"2026-09-22T08:09:46.120936367+09:00","Action":"pass","Package":"github.com/hkjang/Vendra/internal/httpapi","Test":"TestAuditRecordSurvivesTheCallerLeaving","Elapsed":0.07}
{"Time":"2026-09-22T08:09:46.121361965+09:00","Action":"run","Package":"github.com/hkjang/Vendra/internal/httpapi","Test":"TestAuthOutageIsNotUnauthenticated"}
{"Time":"2026-09-22T08:09:46.121798128+09:00","Action":"output","Package":"github.com/hkjang/Vendra/internal/httpapi","Test":"TestAuthOutageIsNotUnauthenticated","Output":"=== RUN   TestAuthOutageIsNotUnauthenticated\n"}
{"Time":"2026-09-22T08:09:46.122266554+09:00","Action":"run","Package":"github.com/hkjang/Vendra/internal/httpapi","Test":"TestAuthOutageIsNotUnauthenticated/session_cookie"}
{"Time":"2026-09-22T08:09:46.122818794+09:00","Action":"output","Package":"github.com/hkjang/Vendra/internal/httpapi","Test":"TestAuthOutageIsNotUnauthenticated/session_cookie","Output":"=== RUN   TestAuthOutageIsNotUnauthenticated/session_cookie\n"}
{"Time":"2026-09-22T08:09:46.123263132+09:00","Action":"output","Package":"github.com/hkjang/Vendra/internal/httpapi","Test":"TestAuthOutageIsNotUnauthenticated/session_cookie","Output":"2026/09/22 08:09:46 ERROR database error error=\"failed to connect to `user=vendra database=vendra`: 127.0.0.1:43575 (127.0.0.1): dial error: dial tcp 127.0.0.1:43575: connect: connection refused\"\n"}
{"Time":"2026-09-22T08:09:46.123682682+09:00","Action":"output","Package":"github.com/hkjang/Vendra/internal/httpapi","Test":"TestAuthOutageIsNotUnauthenticated/session_cookie","Output":"--- PASS: TestAuthOutageIsNotUnauthenticated/session_cookie (0.00s)\n"}
{"Time":"2026-09-22T08:09:46.1240623+09:00","Action":"pass","Package":"github.com/hkjang/Vendra/internal/httpapi","Test":"TestAuthOutageIsNotUnauthenticated/session_cookie","Elapsed":0}
{"Time":"2026-09-22T08:09:46.124455329+09:00","Action":"run","Package":"github.com/hkjang/Vendra/internal/httpapi","Test":"TestAuthOutageIsNotUnauthenticated/api_key"}
{"Time":"2026-09-22T08:09:46.124794621+09:00","Action":"output","Package":"github.com/hkjang/Vendra/internal/httpapi","Test":"TestAuthOutageIsNotUnauthenticated/api_key","Output":"=== RUN   TestAuthOutageIsNotUnauthenticated/api_key\n"}
{"Time":"2026-09-22T08:09:46.125161829+09:00","Action":"output","Package":"github.com/hkjang/Vendra/internal/httpapi","Test":"TestAuthOutageIsNotUnauthenticated/api_key","Output":"2026/09/22 08:09:46 ERROR database error error=\"failed to connect to `user=vendra database=vendra`: 127.0.0.1:43575 (127.0.0.1): dial error: dial tcp 127.0.0.1:43575: connect: connection refused\"\n"}
{"Time":"2026-09-22T08:09:46.12552329+09:00","Action":"output","Package":"github.com/hkjang/Vendra/internal/httpapi","Test":"TestAuthOutageIsNotUnauthenticated/api_key","Output":"--- PASS: TestAuthOutageIsNotUnauthenticated/api_key (0.00s)\n"}
{"Time":"2026-09-22T08:09:46.125915487+09:00","Action":"pass","Package":"github.com/hkjang/Vendra/internal/httpapi","Test":"TestAuthOutageIsNotUnauthenticated/api_key","Elapsed":0}
{"Time":"2026-09-22T08:09:46.126248052+09:00","Action":"output","Package":"github.com/hkjang/Vendra/internal/httpapi","Test":"TestAuthOutageIsNotUnauthenticated","Output":"--- PASS: TestAuthOutageIsNotUnauthenticated (0.00s)\n"}
{"Time":"2026-09-22T08:09:46.126670947+09:00","Action":"pass","Package":"github.com/hkjang/Vendra/internal/httpapi","Test":"TestAuthOutageIsNotUnauthenticated","Elapsed":0}
{"Time":"2026-09-22T08:09:46.127089676+09:00","Action":"run","Package":"github.com/hkjang/Vendra/internal/httpapi","Test":"TestMissingCredentialsStayUnauthenticated"}
{"Time":"2026-09-22T08:09:46.127477048+09:00","Action":"output","Package":"github.com/hkjang/Vendra/internal/httpapi","Test":"TestMissingCredentialsStayUnauthenticated","Output":"=== RUN   TestMissingCredentialsStayUnauthenticated\n"}
{"Time":"2026-09-22T08:09:46.127916938+09:00","Action":"output","Package":"github.com/hkjang/Vendra/internal/httpapi","Test":"TestMissingCredentialsStayUnauthenticated","Output":"--- PASS: TestMissingCredentialsStayUnauthenticated (0.00s)\n"}
{"Time":"2026-09-22T08:09:46.128282778+09:00","Action":"pass","Package":"github.com/hkjang/Vendra/internal/httpapi","Test":"TestMissingCredentialsStayUnauthenticated","Elapsed":0}
{"Time":"2026-09-22T08:09:46.128668736+09:00","Action":"run","Package":"github.com/hkjang/Vendra/internal/httpapi","Test":"TestOptionalAuthDuringOutage"}
{"Time":"2026-09-22T08:09:46.129057826+09:00","Action":"output","Package":"github.com/hkjang/Vendra/internal/httpapi","Test":"TestOptionalAuthDuringOutage","Output":"=== RUN   TestOptionalAuthDuringOutage\n"}
{"Time":"2026-09-22T08:09:46.129436877+09:00","Action":"output","Package":"github.com/hkjang/Vendra/internal/httpapi","Test":"TestOptionalAuthDuringOutage","Output":"2026/09/22 08:09:46 ERROR database error error=\"failed to connect to `user=vendra database=vendra`: 127.0.0.1:43841 (127.0.0.1): dial error: dial tcp 127.0.0.1:43841: connect: connection refused\"\n"}
{"Time":"2026-09-22T08:09:46.129774685+09:00","Action":"output","Package":"github.com/hkjang/Vendra/internal/httpapi","Test":"TestOptionalAuthDuringOutage","Output":"--- PASS: TestOptionalAuthDuringOutage (0.00s)\n"}
{"Time":"2026-09-22T08:09:46.130139559+09:00","Action":"pass","Package":"github.com/hkjang/Vendra/internal/httpapi","Test":"TestOptionalAuthDuringOutage","Elapsed":0}
{"Time":"2026-09-22T08:09:46.130542364+09:00","Action":"run","Package":"github.com/hkjang/Vendra/internal/httpapi","Test":"TestLoginDuringOutage"}
{"Time":"2026-09-22T08:09:46.130933945+09:00","Action":"output","Package":"github.com/hkjang/Vendra/internal/httpapi","Test":"TestLoginDuringOutage","Output":"=== RUN   TestLoginDuringOutage\n"}
{"Time":"2026-09-22T08:09:46.131328613+09:00","Action":"output","Package":"github.com/hkjang/Vendra/internal/httpapi","Test":"TestLoginDuringOutage","Output":"2026/09/22 08:09:46 ERROR database error error=\"failed to connect to `user=vendra database=vendra`: 127.0.0.1:44077 (127.0.0.1): dial error: dial tcp 127.0.0.1:44077: connect: connection refused\"\n"}
{"Time":"2026-09-22T08:09:46.131689274+09:00","Action":"output","Package":"github.com/hkjang/Vendra/internal/httpapi","Test":"TestLoginDuringOutage","Output":"2026/09/22 08:09:46 ERROR database error error=\"failed to connect to `user=vendra database=vendra`: 127.0.0.1:44077 (127.0.0.1): dial error: dial tcp 127.0.0.1:44077: connect: connection refused\"\n"}
{"Time":"2026-09-22T08:09:46.132068054+09:00","Action":"output","Package":"github.com/hkjang/Vendra/internal/httpapi","Test":"TestLoginDuringOutage","Output":"--- PASS: TestLoginDuringOutage (0.00s)\n"}
{"Time":"2026-09-22T08:09:46.132438797+09:00","Action":"pass","Package":"github.com/hkjang/Vendra/internal/httpapi","Test":"TestLoginDuringOutage","Elapsed":0}
{"Time":"2026-09-22T08:09:46.132811899+09:00","Action":"run","Package":"github.com/hkjang/Vendra/internal/httpapi","Test":"TestBackgroundStepSurvivesAPanic"}
{"Time":"2026-09-22T08:09:46.133187838+09:00","Action":"output","Package":"github.com/hkjang/Vendra/internal/httpapi","Test":"TestBackgroundStepSurvivesAPanic","Output":"=== RUN   TestBackgroundStepSurvivesAPanic\n"}
{"Time":"2026-09-22T08:09:46.133606412+09:00","Action":"output","Package":"github.com/hkjang/Vendra/internal/httpapi","Test":"TestBackgroundStepSurvivesAPanic","Output":"2026/09/22 08:09:46 ERROR background step panicked step=probe error=\"assignment to entry in nil map\" stack=\"goroutine 1242 [running]:\\nruntime/debug.Stack()\\n\\t/home/hkjang/sdk/go1.26.7/src/runtime/debug/stack.go:26 +0x5e\\ngithub.com/hkjang/Vendra/internal/httpapi.runBackgroundStep.func1()\\n\\t/home/hkjang/.cache/auto-improve-wt/Vendra-release/internal/httpapi/notifications.go:77 +0x125\\npanic({0xb9a700?, 0x12d4dc0?})\\n\\t/home/hkjang/sdk/go1.26.7/src/runtime/panic.go:860 +0x13a\\ngithub.com/hkjang/Vendra/internal/httpapi.TestBackgroundStepSurvivesAPanic.func1()\\n\\t/home/hkjang/.cache/auto-improve-wt/Vendra-release/internal/httpapi/background_test.go:19 +0x28\\ngithub.com/hkjang/Vendra/internal/httpapi.runBackgroundStep({0xc7c102?, 0x1062f70?}, 0x1263540?)\\n\\t/home/hkjang/.cache/auto-improve-wt/Vendra-release/internal/httpapi/notifications.go:80 +0x62\\ngithub.com/hkjang/Vendra/internal/httpapi.TestBackgroundStepSurvivesAPanic(0xc0ec53c1208)\\n\\t/home/hkjang/.cache/auto-improve-wt/Vendra-release/internal/httpapi/ba"}
{"Time":"2026-09-22T08:09:46.133952553+09:00","Action":"output","Package":"github.com/hkjang/Vendra/internal/httpapi","Test":"TestBackgroundStepSurvivesAPanic","Output":"ckground_test.go:17 +0x2f\\ntesting.tRunner(0xc0ec53c1208, 0xcfcaf0)\\n\\t/home/hkjang/sdk/go1.26.7/src/testing/testing.go:2036 +0xea\\ncreated by testing.(*T).Run in goroutine 1\\n\\t/home/hkjang/sdk/go1.26.7/src/testing/testing.go:2101 +0x4c5\\n\"\n"}
{"Time":"2026-09-22T08:09:46.134351148+09:00","Action":"output","Package":"github.com/hkjang/Vendra/internal/httpapi","Test":"TestBackgroundStepSurvivesAPanic","Output":"--- PASS: TestBackgroundStepSurvivesAPanic (0.00s)\n"}
{"Time":"2026-09-22T08:09:46.134700136+09:00","Action":"pass","Package":"github.com/hkjang/Vendra/internal/httpapi","Test":"TestBackgroundStepSurvivesAPanic","Elapsed":0}
{"Time":"2026-09-22T08:09:46.135067216+09:00","Action":"run","Package":"github.com/hkjang/Vendra/internal/httpapi","Test":"TestBackgroundStepPassesErrorsAndSuccessThrough"}
{"Time":"2026-09-22T08:09:46.135435766+09:00","Action":"output","Package":"github.com/hkjang/Vendra/internal/httpapi","Test":"TestBackgroundStepPassesErrorsAndSuccessThrough","Output":"=== RUN   TestBackgroundStepPassesErrorsAndSuccessThrough\n"}
{"Time":"2026-09-22T08:09:46.135803063+09:00","Action":"output","Package":"github.com/hkjang/Vendra/internal/httpapi","Test":"TestBackgroundStepPassesErrorsAndSuccessThrough","Output":"--- PASS: TestBackgroundStepPassesErrorsAndSuccessThrough (0.00s)\n"}
{"Time":"2026-09-22T08:09:46.13616885+09:00","Action":"pass","Package":"github.com/hkjang/Vendra/internal/httpapi","Test":"TestBackgroundStepPassesErrorsAndSuccessThrough","Elapsed":0}
{"Time":"2026-09-22T08:09:46.13649753+09:00","Action":"run","Package":"github.com/hkjang/Vendra/internal/httpapi","Test":"TestMetricsReportBackgroundLiveness"}
{"Time":"2026-09-22T08:09:46.136843618+09:00","Action":"output","Package":"github.com/hkjang/Vendra/internal/httpapi","Test":"TestMetricsReportBackgroundLiveness","Output":"=== RUN   TestMetricsReportBackgroundLiveness\n"}
{"Time":"2026-09-22T08:09:46.137192792+09:00","Action":"output","Package":"github.com/hkjang/Vendra/internal/httpapi","Test":"TestMetricsReportBackgroundLiveness","Output":"--- PASS: TestMetricsReportBackgroundLiveness (0.00s)\n"}
{"Time":"2026-09-22T08:09:46.13756132+09:00","Action":"pass","Package":"github.com/hkjang/Vendra/internal/httpapi","Test":"TestMetricsReportBackgroundLiveness","Elapsed":0}
{"Time":"2026-09-22T08:09:46.137882816+09:00","Action":"run","Package":"github.com/hkjang/Vendra/internal/httpapi","Test":"TestBackgroundPassSweepsOnlyExpiredRows"}
{"Time":"2026-09-22T08:09:46.138233204+09:00","Action":"output","Package":"github.com/hkjang/Vendra/internal/httpapi","Test":"TestBackgroundPassSweepsOnlyExpiredRows","Output":"=== RUN   TestBackgroundPassSweepsOnlyExpiredRows\n"}
{"Time":"2026-09-22T08:09:46.190389846+09:00","Action":"output","Package":"github.com/hkjang/Vendra/internal/httpapi","Test":"TestBackgroundPassSweepsOnlyExpiredRows","Output":"2026/09/22 08:09:46 INFO retention sweep table=sessions removed=1 older_than_days=7\n"}
{"Time":"2026-09-22T08:09:46.198307237+09:00","Action":"output","Package":"github.com/hkjang/Vendra/internal/httpapi","Test":"TestBackgroundPassSweepsOnlyExpiredRows","Output":"--- PASS: TestBackgroundPassSweepsOnlyExpiredRows (0.08s)\n"}
{"Time":"2026-09-22T08:09:46.198960425+09:00","Action":"pass","Package":"github.com/hkjang/Vendra/internal/httpapi","Test":"TestBackgroundPassSweepsOnlyExpiredRows","Elapsed":0.08}
{"Time":"2026-09-22T08:09:46.19942637+09:00","Action":"run","Package":"github.com/hkjang/Vendra/internal/httpapi","Test":"TestConcurrentSubmitsOpenOneApproval"}
{"Time":"2026-09-22T08:09:46.19983985+09:00","Action":"output","Package":"github.com/hkjang/Vendra/internal/httpapi","Test":"TestConcurrentSubmitsOpenOneApproval","Output":"=== RUN   TestConcurrentSubmitsOpenOneApproval\n"}
{"Time":"2026-09-22T08:09:46.355709725+09:00","Action":"output","Package":"github.com/hkjang/Vendra/internal/httpapi","Test":"TestConcurrentSubmitsOpenOneApproval","Output":"2026/09/22 08:09:46 INFO request method=POST path=/api/auth/login duration_ms=47 request_id=J57K08BoXn1UdtaR\n"}
{"Time":"2026-09-22T08:09:46.36384485+09:00","Action":"output","Package":"github.com/hkjang/Vendra/internal/httpapi","Test":"TestConcurrentSubmitsOpenOneApproval","Output":"2026/09/22 08:09:46 INFO request method=POST path=/api/v1/contracts duration_ms=8 request_id=FSd92weGLyR09QN1\n"}
{"Time":"2026-09-22T08:09:46.388064722+09:00","Action":"output","Package":"github.com/hkjang/Vendra/internal/httpapi","Test":"TestConcurrentSubmitsOpenOneApproval","Output":"2026/09/22 08:09:46 INFO request method=POST path=/api/v1/contracts/d35c83f5-7881-4305-a564-9eb87c98d318/submit duration_ms=23 request_id=QaBleNVoG0k-XspJ\n"}
{"Time":"2026-09-22T08:09:46.388735186+09:00","Action":"output","Package":"github.com/hkjang/Vendra/internal/httpapi","Test":"TestConcurrentSubmitsOpenOneApproval","Output":"2026/09/22 08:09:46 INFO request method=POST path=/api/v1/contracts/d35c83f5-7881-4305-a564-9eb87c98d318/submit duration_ms=24 request_id=8Y-Kg7ItHd7jZySl\n"}
{"Time":"2026-09-22T08:09:46.389255848+09:00","Action":"output","Package":"github.com/hkjang/Vendra/internal/httpapi","Test":"TestConcurrentSubmitsOpenOneApproval","Output":"2026/09/22 08:09:46 INFO request method=POST path=/api/v1/contracts/d35c83f5-7881-4305-a564-9eb87c98d318/submit duration_ms=24 request_id=Gi30CKtJaoqP9KyN\n"}
{"Time":"2026-09-22T08:09:46.389861772+09:00","Action":"output","Package":"github.com/hkjang/Vendra/internal/httpapi","Test":"TestConcurrentSubmitsOpenOneApproval","Output":"2026/09/22 08:09:46 INFO request method=POST path=/api/v1/contracts/d35c83f5-7881-4305-a564-9eb87c98d318/submit duration_ms=25 request_id=aJAHGsyXJwj47yrq\n"}
{"Time":"2026-09-22T08:09:46.390699912+09:00","Action":"output","Package":"github.com/hkjang/Vendra/internal/httpapi","Test":"TestConcurrentSubmitsOpenOneApproval","Output":"2026/09/22 08:09:46 INFO request method=POST path=/api/v1/contracts/d35c83f5-7881-4305-a564-9eb87c98d318/submit duration_ms=24 request_id=xw6UMS8dlVqRZihA\n"}
{"Time":"2026-09-22T08:09:46.39181914+09:00","Action":"output","Package":"github.com/hkjang/Vendra/internal/httpapi","Test":"TestConcurrentSubmitsOpenOneApproval","Output":"2026/09/22 08:09:46 INFO request method=POST path=/api/v1/contracts/d35c83f5-7881-4305-a564-9eb87c98d318/submit duration_ms=26 request_id=4W5nXsgnz--boH_W\n"}
{"Time":"2026-09-22T08:09:46.392331437+09:00","Action":"output","Package":"github.com/hkjang/Vendra/internal/httpapi","Test":"TestConcurrentSubmitsOpenOneApproval","Output":"2026/09/22 08:09:46 INFO request method=POST path=/api/v1/contracts/d35c83f5-7881-4305-a564-9eb87c98d318/submit duration_ms=25 request_id=eKkPjKgP_jGtSrDT\n"}
{"Time":"2026-09-22T08:09:46.392790856+09:00","Action":"output","Package":"github.com/hkjang/Vendra/internal/httpapi","Test":"TestConcurrentSubmitsOpenOneApproval","Output":"2026/09/22 08:09:46 INFO request method=POST path=/api/v1/contracts/d35c83f5-7881-4305-a564-9eb87c98d318/submit duration_ms=27 request_id=1Lz9GKSAR64IEpnS\n"}
{"Time":"2026-09-22T08:09:46.393259504+09:00","Action":"output","Package":"github.com/hkjang/Vendra/internal/httpapi","Test":"TestConcurrentSubmitsOpenOneApproval","Output":"2026/09/22 08:09:46 INFO request method=POST path=/api/v1/contracts/d35c83f5-7881-4305-a564-9eb87c98d318/submit duration_ms=25 request_id=lE99Jeff8zSaq_J-\n"}
{"Time":"2026-09-22T08:09:46.393733591+09:00","Action":"output","Package":"github.com/hkjang/Vendra/internal/httpapi","Test":"TestConcurrentSubmitsOpenOneApproval","Output":"2026/09/22 08:09:46 INFO request method=POST path=/api/v1/contracts/d35c83f5-7881-4305-a564-9eb87c98d318/submit duration_ms=27 request_id=HkaFVjlmrXHuP4AZ\n"}
{"Time":"2026-09-22T08:09:46.39419573+09:00","Action":"output","Package":"github.com/hkjang/Vendra/internal/httpapi","Test":"TestConcurrentSubmitsOpenOneApproval","Output":"2026/09/22 08:09:46 INFO request method=POST path=/api/v1/contracts/d35c83f5-7881-4305-a564-9eb87c98d318/submit duration_ms=26 request_id=W6l1bnOTogQmb3cO\n"}
{"Time":"2026-09-22T08:09:46.394583001+09:00","Action":"output","Package":"github.com/hkjang/Vendra/internal/httpapi","Test":"TestConcurrentSubmitsOpenOneApproval","Output":"2026/09/22 08:09:46 INFO request method=POST path=/api/v1/contracts/d35c83f5-7881-4305-a564-9eb87c98d318/submit duration_ms=25 request_id=B5ROx9F8eAfyZGQR\n"}
{"Time":"2026-09-22T08:09:46.395005069+09:00","Action":"output","Package":"github.com/hkjang/Vendra/internal/httpapi","Test":"TestConcurrentSubmitsOpenOneApproval","Output":"2026/09/22 08:09:46 INFO request method=POST path=/api/v1/contracts/d35c83f5-7881-4305-a564-9eb87c98d318/submit duration_ms=26 request_id=7UAn4_blT4TZoEd7\n"}
{"Time":"2026-09-22T08:09:46.395439516+09:00","Action":"output","Package":"github.com/hkjang/Vendra/internal/httpapi","Test":"TestConcurrentSubmitsOpenOneApproval","Output":"2026/09/22 08:09:46 INFO request method=POST path=/api/v1/contracts/d35c83f5-7881-4305-a564-9eb87c98d318/submit duration_ms=27 request_id=2w8XK01DiSwoG7Xt\n"}
{"Time":"2026-09-22T08:09:46.395822335+09:00","Action":"output","Package":"github.com/hkjang/Vendra/internal/httpapi","Test":"TestConcurrentSubmitsOpenOneApproval","Output":"2026/09/22 08:09:46 INFO request method=POST path=/api/v1/contracts/d35c83f5-7881-4305-a564-9eb87c98d318/submit duration_ms=28 request_id=jdCXo6c0RN-seOb2\n"}
{"Time":"2026-09-22T08:09:46.396212189+09:00","Action":"output","Package":"github.com/hkjang/Vendra/internal/httpapi","Test":"TestConcurrentSubmitsOpenOneApproval","Output":"2026/09/22 08:09:46 INFO request method=POST path=/api/v1/contracts/d35c83f5-7881-4305-a564-9eb87c98d318/submit duration_ms=28 request_id=PVhHKVxCxmpB9GJk\n"}
{"Time":"2026-09-22T08:09:46.396591854+09:00","Action":"output","Package":"github.com/hkjang/Vendra/internal/httpapi","Test":"TestConcurrentSubmitsOpenOneApproval","Output":"2026/09/22 08:09:46 INFO request method=POST path=/api/v1/contracts/d35c83f5-7881-4305-a564-9eb87c98d318/submit duration_ms=27 request_id=UzwcCW2anhWVgdVZ\n"}
{"Time":"2026-09-22T08:09:46.396971142+09:00","Action":"output","Package":"github.com/hkjang/Vendra/internal/httpapi","Test":"TestConcurrentSubmitsOpenOneApproval","Output":"2026/09/22 08:09:46 INFO request method=POST path=/api/v1/contracts/d35c83f5-7881-4305-a564-9eb87c98d318/submit duration_ms=28 request_id=jUVytSQHlyP4QUnh\n"}
{"Time":"2026-09-22T08:09:46.397350256+09:00","Action":"output","Package":"github.com/hkjang/Vendra/internal/httpapi","Test":"TestConcurrentSubmitsOpenOneApproval","Output":"2026/09/22 08:09:46 INFO request method=POST path=/api/v1/contracts/d35c83f5-7881-4305-a564-9eb87c98d318/submit duration_ms=28 request_id=RemH_fYbzoGrqkT3\n"}
{"Time":"2026-09-22T08:09:46.397717284+09:00","Action":"output","Package":"github.com/hkjang/Vendra/internal/httpapi","Test":"TestConcurrentSubmitsOpenOneApproval","Output":"2026/09/22 08:09:46 INFO request method=POST path=/api/v1/contracts/d35c83f5-7881-4305-a564-9eb87c98d318/submit duration_ms=29 request_id=IfRl5exxaO3nNIX3\n"}
{"Time":"2026-09-22T08:09:46.398073746+09:00","Action":"output","Package":"github.com/hkjang/Vendra/internal/httpapi","Test":"TestConcurrentSubmitsOpenOneApproval","Output":"2026/09/22 08:09:46 INFO request method=POST path=/api/v1/contracts/d35c83f5-7881-4305-a564-9eb87c98d318/submit duration_ms=29 request_id=HgE-Jyd4KETvNFaR\n"}
{"Time":"2026-09-22T08:09:46.39842689+09:00","Action":"output","Package":"github.com/hkjang/Vendra/internal/httpapi","Test":"TestConcurrentSubmitsOpenOneApproval","Output":"2026/09/22 08:09:46 INFO request method=POST path=/api/v1/contracts/d35c83f5-7881-4305-a564-9eb87c98d318/submit duration_ms=30 request_id=VhtMeoteNqrmBvrz\n"}
{"Time":"2026-09-22T08:09:46.398997939+09:00","Action":"output","Package":"github.com/hkjang/Vendra/internal/httpapi","Test":"TestConcurrentSubmitsOpenOneApproval","Output":"2026/09/22 08:09:46 INFO request method=POST path=/api/v1/contracts/d35c83f5-7881-4305-a564-9eb87c98d318/submit duration_ms=30 request_id=xvox2ht_zulfRvvE\n"}
{"Time":"2026-09-22T08:09:46.39936592+09:00","Action":"output","Package":"github.com/hkjang/Vendra/internal/httpapi","Test":"TestConcurrentSubmitsOpenOneApproval","Output":"2026/09/22 08:09:46 INFO request method=POST path=/api/v1/contracts/d35c83f5-7881-4305-a564-9eb87c98d318/submit duration_ms=30 request_id=DnOJ7avhovgV5EJH\n"}
{"Time":"2026-09-22T08:09:46.41076259+09:00","Action":"output","Package":"github.com/hkjang/Vendra/internal/httpapi","Test":"TestConcurrentSubmitsOpenOneApproval","Output":"--- PASS: TestConcurrentSubmitsOpenOneApproval (0.21s)\n"}
{"Time":"2026-09-22T08:09:46.415171355+09:00","Action":"pass","Package":"github.com/hkjang/Vendra/internal/httpapi","Test":"TestConcurrentSubmitsOpenOneApproval","Elapsed":0.21}
{"Time":"2026-09-22T08:09:46.415760962+09:00","Action":"run","Package":"github.com/hkjang/Vendra/internal/httpapi","Test":"TestConcurrentApprovalsActOnce"}
{"Time":"2026-09-22T08:09:46.416257943+09:00","Action":"output","Package":"github.com/hkjang/Vendra/internal/httpapi","Test":"TestConcurrentApprovalsActOnce","Output":"=== RUN   TestConcurrentApprovalsActOnce\n"}
{"Time":"2026-09-22T08:09:46.571143281+09:00","Action":"output","Package":"github.com/hkjang/Vendra/internal/httpapi","Test":"TestConcurrentApprovalsActOnce","Output":"2026/09/22 08:09:46 INFO request method=POST path=/api/auth/login duration_ms=50 request_id=6A1OmBKTM98cmERM\n"}
{"Time":"2026-09-22T08:09:46.618923566+09:00","Action":"output","Package":"github.com/hkjang/Vendra/internal/httpapi","Test":"TestConcurrentApprovalsActOnce","Output":"2026/09/22 08:09:46 INFO request method=POST path=/api/auth/login duration_ms=45 request_id=Fk15mexglSm8yTZj\n"}
{"Time":"2026-09-22T08:09:46.666519763+09:00","Action":"output","Package":"github.com/hkjang/Vendra/internal/httpapi","Test":"TestConcurrentApprovalsActOnce","Output":"2026/09/22 08:09:46 INFO request method=POST path=/api/auth/login duration_ms=45 request_id=gzFCT6YQPurCbums\n"}
{"Time":"2026-09-22T08:09:46.714743889+09:00","Action":"output","Package":"github.com/hkjang/Vendra/internal/httpapi","Test":"TestConcurrentApprovalsActOnce","Output":"2026/09/22 08:09:46 INFO request method=POST path=/api/auth/login duration_ms=45 request_id=N84p3SZgMA5Q48Je\n"}
{"Time":"2026-09-22T08:09:46.732457441+09:00","Action":"output","Package":"github.com/hkjang/Vendra/internal/httpapi","Test":"TestConcurrentApprovalsActOnce","Output":"2026/09/22 08:09:46 INFO request method=POST path=/api/v1/approvals/443c6601-dfdc-4ef9-ad57-ce8759353bef/actions duration_ms=11 request_id=RAp3FxN3TJlLwkVh\n"}
{"Time":"2026-09-22T08:09:46.733461175+09:00","Action":"output","Package":"github.com/hkjang/Vendra/internal/httpapi","Test":"TestConcurrentApprovalsActOnce","Output":"2026/09/22 08:09:46 INFO request method=POST path=/api/v1/approvals/443c6601-dfdc-4ef9-ad57-ce8759353bef/actions duration_ms=12 request_id=C3TNy6AVDjQgcfH3\n"}
{"Time":"2026-09-22T08:09:46.736012476+09:00","Action":"output","Package":"github.com/hkjang/Vendra/internal/httpapi","Test":"TestConcurrentApprovalsActOnce","Output":"2026/09/22 08:09:46 INFO request method=POST path=/api/v1/approvals/443c6601-dfdc-4ef9-ad57-ce8759353bef/actions duration_ms=14 request_id=MX4fjvsjRtGw-r_G\n"}
{"Time":"2026-09-22T08:09:46.736470978+09:00","Action":"output","Package":"github.com/hkjang/Vendra/internal/httpapi","Test":"TestConcurrentApprovalsActOnce","Output":"2026/09/22 08:09:46 INFO request method=POST path=/api/v1/approvals/443c6601-dfdc-4ef9-ad57-ce8759353bef/actions duration_ms=15 request_id=77CPKVQ8gDmlV3ll\n"}
{"Time":"2026-09-22T08:09:46.75335125+09:00","Action":"output","Package":"github.com/hkjang/Vendra/internal/httpapi","Test":"TestConcurrentApprovalsActOnce","Output":"--- PASS: TestConcurrentApprovalsActOnce (0.34s)\n"}
{"Time":"2026-09-22T08:09:46.756162556+09:00","Action":"pass","Package":"github.com/hkjang/Vendra/internal/httpapi","Test":"TestConcurrentApprovalsActOnce","Elapsed":0.34}
{"Time":"2026-09-22T08:09:46.756731574+09:00","Action":"run","Package":"github.com/hkjang/Vendra/internal/httpapi","Test":"TestConcurrentUploadsGetDistinctVersions"}
{"Time":"2026-09-22T08:09:46.757229988+09:00","Action":"output","Package":"github.com/hkjang/Vendra/internal/httpapi","Test":"TestConcurrentUploadsGetDistinctVersions","Output":"=== RUN   TestConcurrentUploadsGetDistinctVersions\n"}
{"Time":"2026-09-22T08:09:46.875734225+09:00","Action":"output","Package":"github.com/hkjang/Vendra/internal/httpapi","Test":"TestConcurrentUploadsGetDistinctVersions","Output":"2026/09/22 08:09:46 INFO request method=POST path=/api/auth/login duration_ms=51 request_id=_-bxihfFMqxB6HRa\n"}
{"Time":"2026-09-22T08:09:46.889644695+09:00","Action":"output","Package":"github.com/hkjang/Vendra/internal/httpapi","Test":"TestConcurrentUploadsGetDistinctVersions","Output":"2026/09/22 08:09:46 INFO request method=POST path=/api/v1/documents/upload duration_ms=13 request_id=FC791jvYDyQ0YW7g\n"}
{"Time":"2026-09-22T08:09:46.896882674+09:00","Action":"output","Package":"github.com/hkjang/Vendra/internal/httpapi","Test":"TestConcurrentUploadsGetDistinctVersions","Output":"2026/09/22 08:09:46 INFO request method=POST path=/api/v1/documents/upload duration_ms=21 request_id=PrJGw2NhoK-xNsnd\n"}
{"Time":"2026-09-22T08:09:46.902384789+09:00","Action":"output","Package":"github.com/hkjang/Vendra/internal/httpapi","Test":"TestConcurrentUploadsGetDistinctVersions","Output":"2026/09/22 08:09:46 INFO request method=POST path=/api/v1/documents/upload duration_ms=26 request_id=_1Yc9a8BHECEb1ci\n"}
{"Time":"2026-09-22T08:09:46.907637909+09:00","Action":"output","Package":"github.com/hkjang/Vendra/internal/httpapi","Test":"TestConcurrentUploadsGetDistinctVersions","Output":"2026/09/22 08:09:46 INFO request method=POST path=/api/v1/documents/upload duration_ms=31 request_id=i4tYoJGdher7S8NB\n"}
{"Time":"2026-09-22T08:09:46.912110706+09:00","Action":"output","Package":"github.com/hkjang/Vendra/internal/httpapi","Test":"TestConcurrentUploadsGetDistinctVersions","Output":"2026/09/22 08:09:46 INFO request method=POST path=/api/v1/documents/upload duration_ms=35 request_id=_ijVmEBX2J0tpQRb\n"}
{"Time":"2026-09-22T08:09:46.912730296+09:00","Action":"output","Package":"github.com/hkjang/Vendra/internal/httpapi","Test":"TestConcurrentUploadsGetDistinctVersions","Output":"2026/09/22 08:09:46 INFO request method=POST path=/api/v1/documents/upload duration_ms=36 request_id=Ng_2u7zkVpZrwbov\n"}
{"Time":"2026-09-22T08:09:46.917572087+09:00","Action":"output","Package":"github.com/hkjang/Vendra/internal/httpapi","Test":"TestConcurrentUploadsGetDistinctVersions","Output":"2026/09/22 08:09:46 INFO request method=POST path=/api/v1/documents/upload duration_ms=41 request_id=Z2Ij83ix_pOs_-NH\n"}
{"Time":"2026-09-22T08:09:46.921402368+09:00","Action":"output","Package":"github.com/hkjang/Vendra/internal/httpapi","Test":"TestConcurrentUploadsGetDistinctVersions","Output":"2026/09/22 08:09:46 INFO request method=POST path=/api/v1/documents/upload duration_ms=45 request_id=yuwl1P-MScYLJcvy\n"}
{"Time":"2026-09-22T08:09:46.925312571+09:00","Action":"output","Package":"github.com/hkjang/Vendra/internal/httpapi","Test":"TestConcurrentUploadsGetDistinctVersions","Output":"2026/09/22 08:09:46 INFO request method=POST path=/api/v1/documents/upload duration_ms=48 request_id=6SV89MENVv7sS7pW\n"}
{"Time":"2026-09-22T08:09:46.928798111+09:00","Action":"output","Package":"github.com/hkjang/Vendra/internal/httpapi","Test":"TestConcurrentUploadsGetDistinctVersions","Output":"2026/09/22 08:09:46 INFO request method=POST path=/api/v1/documents/upload duration_ms=51 request_id=XUSxtaiRw_0YjmTu\n"}
{"Time":"2026-09-22T08:09:46.933141669+09:00","Action":"output","Package":"github.com/hkjang/Vendra/internal/httpapi","Test":"TestConcurrentUploadsGetDistinctVersions","Output":"2026/09/22 08:09:46 INFO request method=POST path=/api/v1/documents/upload duration_ms=56 request_id=JPaYTTaNtJZFrLHw\n"}
{"Time":"2026-09-22T08:09:46.933804261+09:00","Action":"output","Package":"github.com/hkjang/Vendra/internal/httpapi","Test":"TestConcurrentUploadsGetDistinctVersions","Output":"2026/09/22 08:09:46 INFO request method=POST path=/api/v1/documents/upload duration_ms=57 request_id=ERII3eYbCiR70Ddi\n"}
{"Time":"2026-09-22T08:09:46.948782179+09:00","Action":"output","Package":"github.com/hkjang/Vendra/internal/httpapi","Test":"TestConcurrentUploadsGetDistinctVersions","Output":"--- PASS: TestConcurrentUploadsGetDistinctVersions (0.20s)\n"}
{"Time":"2026-09-22T08:09:46.94953669+09:00","Action":"pass","Package":"github.com/hkjang/Vendra/internal/httpapi","Test":"TestConcurrentUploadsGetDistinctVersions","Elapsed":0.2}
{"Time":"2026-09-22T08:09:46.950196197+09:00","Action":"run","Package":"github.com/hkjang/Vendra/internal/httpapi","Test":"TestConcurrentDraftSavesKeepTheirOwnDraft"}
{"Time":"2026-09-22T08:09:46.95064705+09:00","Action":"output","Package":"github.com/hkjang/Vendra/internal/httpapi","Test":"TestConcurrentDraftSavesKeepTheirOwnDraft","Output":"=== RUN   TestConcurrentDraftSavesKeepTheirOwnDraft\n"}
{"Time":"2026-09-22T08:09:47.072761209+09:00","Action":"output","Package":"github.com/hkjang/Vendra/internal/httpapi","Test":"TestConcurrentDraftSavesKeepTheirOwnDraft","Output":"2026/09/22 08:09:47 INFO request method=POST path=/api/auth/login duration_ms=52 request_id=xvQd18NPjfkkNhes\n"}
{"Time":"2026-09-22T08:09:47.135509341+09:00","Action":"output","Package":"github.com/hkjang/Vendra/internal/httpapi","Test":"TestConcurrentDraftSavesKeepTheirOwnDraft","Output":"2026/09/22 08:09:47 INFO request method=PUT path=/api/v1/me/drafts/racer-001 duration_ms=11 request_id=4kPpoVw7lrAKoHH7\n"}
{"Time":"2026-09-22T08:09:47.139311378+09:00","Action":"output","Package":"github.com/hkjang/Vendra/internal/httpapi","Test":"TestConcurrentDraftSavesKeepTheirOwnDraft","Output":"2026/09/22 08:09:47 INFO request method=PUT path=/api/v1/me/drafts/racer-008 duration_ms=14 request_id=sQ3CvqWkVdR9BEOx\n"}
{"Time":"2026-09-22T08:09:47.147526353+09:00","Action":"output","Package":"github.com/hkjang/Vendra/internal/httpapi","Test":"TestConcurrentDraftSavesKeepTheirOwnDraft","Output":"2026/09/22 08:09:47 INFO request method=PUT path=/api/v1/me/drafts/racer-015 duration_ms=23 request_id=cWUvmSHe_z3e9f6-\n"}
{"Time":"2026-09-22T08:09:47.1486977+09:00","Action":"output","Package":"github.com/hkjang/Vendra/internal/httpapi","Test":"TestConcurrentDraftSavesKeepTheirOwnDraft","Output":"2026/09/22 08:09:47 INFO request method=PUT path=/api/v1/me/drafts/racer-002 duration_ms=24 request_id=2g8XP7j7VZhyfchp\n"}
{"Time":"2026-09-22T08:09:47.150058708+09:00","Action":"output","Package":"github.com/hkjang/Vendra/internal/httpapi","Test":"TestConcurrentDraftSavesKeepTheirOwnDraft","Output":"2026/09/22 08:09:47 INFO request method=PUT path=/api/v1/me/drafts/racer-013 duration_ms=25 request_id=bGVVuKzSy4oefRqW\n"}
{"Time":"2026-09-22T08:09:47.150529725+09:00","Action":"output","Package":"github.com/hkjang/Vendra/internal/httpapi","Test":"TestConcurrentDraftSavesKeepTheirOwnDraft","Output":"2026/09/22 08:09:47 INFO request method=PUT path=/api/v1/me/drafts/racer-011 duration_ms=25 request_id=JLF4X1VftAiva7cr\n"}
{"Time":"2026-09-22T08:09:47.15125805+09:00","Action":"output","Package":"github.com/hkjang/Vendra/internal/httpapi","Test":"TestConcurrentDraftSavesKeepTheirOwnDraft","Output":"2026/09/22 08:09:47 INFO request method=PUT path=/api/v1/me/drafts/racer-014 duration_ms=25 request_id=ZozEGVg7pOOKB4SS\n"}
{"Time":"2026-09-22T08:09:47.151725315+09:00","Action":"output","Package":"github.com/hkjang/Vendra/internal/httpapi","Test":"TestConcurrentDraftSavesKeepTheirOwnDraft","Output":"2026/09/22 08:09:47 INFO request method=PUT path=/api/v1/me/drafts/racer-010 duration_ms=25 request_id=M18Lt1T0-BdSUvEo\n"}
{"Time":"2026-09-22T08:09:47.152174789+09:00","Action":"output","Package":"github.com/hkjang/Vendra/internal/httpapi","Test":"TestConcurrentDraftSavesKeepTheirOwnDraft","Output":"2026/09/22 08:09:47 INFO request method=PUT path=/api/v1/me/drafts/racer-000 duration_ms=26 request_id=6kfFnjV-rhuc9KFM\n"}
{"Time":"2026-09-22T08:09:47.15263178+09:00","Action":"output","Package":"github.com/hkjang/Vendra/internal/httpapi","Test":"TestConcurrentDraftSavesKeepTheirOwnDraft","Output":"2026/09/22 08:09:47 INFO request method=PUT path=/api/v1/me/drafts/racer-012 duration_ms=26 request_id=OHgXeSKcRb3wBCkU\n"}
{"Time":"2026-09-22T08:09:47.153339553+09:00","Action":"output","Package":"github.com/hkjang/Vendra/internal/httpapi","Test":"TestConcurrentDraftSavesKeepTheirOwnDraft","Output":"2026/09/22 08:09:47 INFO request method=PUT path=/api/v1/me/drafts/racer-007 duration_ms=26 request_id=oXkM2yR0Ti69VlYR\n"}
{"Time":"2026-09-22T08:09:47.15387642+09:00","Action":"output","Package":"github.com/hkjang/Vendra/internal/httpapi","Test":"TestConcurrentDraftSavesKeepTheirOwnDraft","Output":"2026/09/22 08:09:47 INFO request method=PUT path=/api/v1/me/drafts/racer-003 duration_ms=26 request_id=nsaWF1RD3NOdTODz\n"}
{"Time":"2026-09-22T08:09:47.154946581+09:00","Action":"output","Package":"github.com/hkjang/Vendra/internal/httpapi","Test":"TestConcurrentDraftSavesKeepTheirOwnDraft","Output":"2026/09/22 08:09:47 INFO request method=PUT path=/api/v1/me/drafts/racer-006 duration_ms=27 request_id=tpQs4DTLGDK4u-RJ\n"}
{"Time":"2026-09-22T08:09:47.15535562+09:00","Action":"output","Package":"github.com/hkjang/Vendra/internal/httpapi","Test":"TestConcurrentDraftSavesKeepTheirOwnDraft","Output":"2026/09/22 08:09:47 INFO request method=PUT path=/api/v1/me/drafts/racer-009 duration_ms=27 request_id=KMDFuHF7AUjzuk84\n"}
{"Time":"2026-09-22T08:09:47.155775286+09:00","Action":"output","Package":"github.com/hkjang/Vendra/internal/httpapi","Test":"TestConcurrentDraftSavesKeepTheirOwnDraft","Output":"2026/09/22 08:09:47 INFO request method=PUT path=/api/v1/me/drafts/racer-004 duration_ms=27 request_id=ahy9aBCDNKFH2gAw\n"}
{"Time":"2026-09-22T08:09:47.158574092+09:00","Action":"output","Package":"github.com/hkjang/Vendra/internal/httpapi","Test":"TestConcurrentDraftSavesKeepTheirOwnDraft","Output":"2026/09/22 08:09:47 INFO request method=PUT path=/api/v1/me/drafts/racer-005 duration_ms=33 request_id=VZhG3tYKclx_BpKu\n"}
{"Time":"2026-09-22T08:09:47.162163606+09:00","Action":"output","Package":"github.com/hkjang/Vendra/internal/httpapi","Test":"TestConcurrentDraftSavesKeepTheirOwnDraft","Output":"--- PASS: TestConcurrentDraftSavesKeepTheirOwnDraft (0.21s)\n"}
{"Time":"2026-09-22T08:09:47.16719114+09:00","Action":"pass","Package":"github.com/hkjang/Vendra/internal/httpapi","Test":"TestConcurrentDraftSavesKeepTheirOwnDraft","Elapsed":0.21}
{"Time":"2026-09-22T08:09:47.167671843+09:00","Action":"run","Package":"github.com/hkjang/Vendra/internal/httpapi","Test":"TestEveryStoredContactDetailIsOne"}
{"Time":"2026-09-22T08:09:47.168226087+09:00","Action":"output","Package":"github.com/hkjang/Vendra/internal/httpapi","Test":"TestEveryStoredContactDetailIsOne","Output":"=== RUN   TestEveryStoredContactDetailIsOne\n"}
{"Time":"2026-09-22T08:09:47.182141927+09:00","Action":"output","Package":"github.com/hkjang/Vendra/internal/httpapi","Test":"TestEveryStoredContactDetailIsOne","Output":"--- PASS: TestEveryStoredContactDetailIsOne (0.02s)\n"}
{"Time":"2026-09-22T08:09:47.182714216+09:00","Action":"pass","Package":"github.com/hkjang/Vendra/internal/httpapi","Test":"TestEveryStoredContactDetailIsOne","Elapsed":0.02}
{"Time":"2026-09-22T08:09:47.183266079+09:00","Action":"run","Package":"github.com/hkjang/Vendra/internal/httpapi","Test":"TestARejectedContactDetailNamesTheBox"}
{"Time":"2026-09-22T08:09:47.183737171+09:00","Action":"output","Package":"github.com/hkjang/Vendra/internal/httpapi","Test":"TestARejectedContactDetailNamesTheBox","Output":"=== RUN   TestARejectedContactDetailNamesTheBox\n"}
{"Time":"2026-09-22T08:09:47.184216835+09:00","Action":"output","Package":"github.com/hkjang/Vendra/internal/httpapi","Test":"TestARejectedContactDetailNamesTheBox","Output":"--- PASS: TestARejectedContactDetailNamesTheBox (0.00s)\n"}
{"Time":"2026-09-22T08:09:47.184653635+09:00","Action":"pass","Package":"github.com/hkjang/Vendra/internal/httpapi","Test":"TestARejectedContactDetailNamesTheBox","Elapsed":0}
{"Time":"2026-09-22T08:09:47.185254491+09:00","Action":"run","Package":"github.com/hkjang/Vendra/internal/httpapi","Test":"TestCrossOriginWrite"}
{"Time":"2026-09-22T08:09:47.185704968+09:00","Action":"output","Package":"github.com/hkjang/Vendra/internal/httpapi","Test":"TestCrossOriginWrite","Output":"=== RUN   TestCrossOriginWrite\n"}
{"Time":"2026-09-22T08:09:47.186203927+09:00","Action":"run","Package":"github.com/hkjang/Vendra/internal/httpapi","Test":"TestCrossOriginWrite/the_app's_own_page"}
{"Time":"2026-09-22T08:09:47.18671185+09:00","Action":"output","Package":"github.com/hkjang/Vendra/internal/httpapi","Test":"TestCrossOriginWrite/the_app's_own_page","Output":"=== RUN   TestCrossOriginWrite/the_app's_own_page\n"}
{"Time":"2026-09-22T08:09:47.187229889+09:00","Action":"output","Package":"github.com/hkjang/Vendra/internal/httpapi","Test":"TestCrossOriginWrite/the_app's_own_page","Output":"--- PASS: TestCrossOriginWrite/the_app's_own_page (0.00s)\n"}
{"Time":"2026-09-22T08:09:47.187699157+09:00","Action":"pass","Package":"github.com/hkjang/Vendra/internal/httpapi","Test":"TestCrossOriginWrite/the_app's_own_page","Elapsed":0}
{"Time":"2026-09-22T08:09:47.188165387+09:00","Action":"run","Package":"github.com/hkjang/Vendra/internal/httpapi","Test":"TestCrossOriginWrite/a_sibling_host_on_the_same_domain"}
{"Time":"2026-09-22T08:09:47.188580405+09:00","Action":"output","Package":"github.com/hkjang/Vendra/internal/httpapi","Test":"TestCrossOriginWrite/a_sibling_host_on_the_same_domain","Output":"=== RUN   TestCrossOriginWrite/a_sibling_host_on_the_same_domain\n"}
{"Time":"2026-09-22T08:09:47.188995274+09:00","Action":"output","Package":"github.com/hkjang/Vendra/internal/httpapi","Test":"TestCrossOriginWrite/a_sibling_host_on_the_same_domain","Output":"--- PASS: TestCrossOriginWrite/a_sibling_host_on_the_same_domain (0.00s)\n"}
{"Time":"2026-09-22T08:09:47.189421566+09:00","Action":"pass","Package":"github.com/hkjang/Vendra/internal/httpapi","Test":"TestCrossOriginWrite/a_sibling_host_on_the_same_domain","Elapsed":0}
{"Time":"2026-09-22T08:09:47.189885789+09:00","Action":"run","Package":"github.com/hkjang/Vendra/internal/httpapi","Test":"TestCrossOriginWrite/another_site_entirely"}
{"Time":"2026-09-22T08:09:47.190324694+09:00","Action":"output","Package":"github.com/hkjang/Vendra/internal/httpapi","Test":"TestCrossOriginWrite/another_site_entirely","Output":"=== RUN   TestCrossOriginWrite/another_site_entirely\n"}
{"Time":"2026-09-22T08:09:47.190727095+09:00","Action":"output","Package":"github.com/hkjang/Vendra/internal/httpapi","Test":"TestCrossOriginWrite/another_site_entirely","Output":"--- PASS: TestCrossOriginWrite/another_site_entirely (0.00s)\n"}
{"Time":"2026-09-22T08:09:47.191147806+09:00","Action":"pass","Package":"github.com/hkjang/Vendra/internal/httpapi","Test":"TestCrossOriginWrite/another_site_entirely","Elapsed":0}
{"Time":"2026-09-22T08:09:47.191581064+09:00","Action":"run","Package":"github.com/hkjang/Vendra/internal/httpapi","Test":"TestCrossOriginWrite/a_sibling_host_without_Sec-Fetch-Site"}
{"Time":"2026-09-22T08:09:47.191991889+09:00","Action":"output","Package":"github.com/hkjang/Vendra/internal/httpapi","Test":"TestCrossOriginWrite/a_sibling_host_without_Sec-Fetch-Site","Output":"=== RUN   TestCrossOriginWrite/a_sibling_host_without_Sec-Fetch-Site\n"}
{"Time":"2026-09-22T08:09:47.192434339+09:00","Action":"output","Package":"github.com/hkjang/Vendra/internal/httpapi","Test":"TestCrossOriginWrite/a_sibling_host_without_Sec-Fetch-Site","Output":"--- PASS: TestCrossOriginWrite/a_sibling_host_without_Sec-Fetch-Site (0.00s)\n"}
{"Time":"2026-09-22T08:09:47.192840637+09:00","Action":"pass","Package":"github.com/hkjang/Vendra/internal/httpapi","Test":"TestCrossOriginWrite/a_sibling_host_without_Sec-Fetch-Site","Elapsed":0}
{"Time":"2026-09-22T08:09:47.193229928+09:00","Action":"run","Package":"github.com/hkjang/Vendra/internal/httpapi","Test":"TestCrossOriginWrite/a_different_port_is_a_different_origin"}
{"Time":"2026-09-22T08:09:47.193672411+09:00","Action":"output","Package":"github.com/hkjang/Vendra/internal/httpapi","Test":"TestCrossOriginWrite/a_different_port_is_a_different_origin","Output":"=== RUN   TestCrossOriginWrite/a_different_port_is_a_different_origin\n"}
{"Time":"2026-09-22T08:09:47.194211218+09:00","Action":"output","Package":"github.com/hkjang/Vendra/internal/httpapi","Test":"TestCrossOriginWrite/a_different_port_is_a_different_origin","Output":"--- PASS: TestCrossOriginWrite/a_different_port_is_a_different_origin (0.00s)\n"}
{"Time":"2026-09-22T08:09:47.194644609+09:00","Action":"pass","Package":"github.com/hkjang/Vendra/internal/httpapi","Test":"TestCrossOriginWrite/a_different_port_is_a_different_origin","Elapsed":0}
{"Time":"2026-09-22T08:09:47.195062999+09:00","Action":"run","Package":"github.com/hkjang/Vendra/internal/httpapi","Test":"TestCrossOriginWrite/typed_into_the_address_bar"}
{"Time":"2026-09-22T08:09:47.19549448+09:00","Action":"output","Package":"github.com/hkjang/Vendra/internal/httpapi","Test":"TestCrossOriginWrite/typed_into_the_address_bar","Output":"=== RUN   TestCrossOriginWrite/typed_into_the_address_bar\n"}
{"Time":"2026-09-22T08:09:47.195921436+09:00","Action":"output","Package":"github.com/hkjang/Vendra/internal/httpapi","Test":"TestCrossOriginWrite/typed_into_the_address_bar","Output":"--- PASS: TestCrossOriginWrite/typed_into_the_address_bar (0.00s)\n"}
{"Time":"2026-09-22T08:09:47.196344818+09:00","Action":"pass","Package":"github.com/hkjang/Vendra/internal/httpapi","Test":"TestCrossOriginWrite/typed_into_the_address_bar","Elapsed":0}
{"Time":"2026-09-22T08:09:47.196776979+09:00","Action":"run","Package":"github.com/hkjang/Vendra/internal/httpapi","Test":"TestCrossOriginWrite/behind_a_proxy_that_rewrote_Host"}
{"Time":"2026-09-22T08:09:47.19722119+09:00","Action":"output","Package":"github.com/hkjang/Vendra/internal/httpapi","Test":"TestCrossOriginWrite/behind_a_proxy_that_rewrote_Host","Output":"=== RUN   TestCrossOriginWrite/behind_a_proxy_that_rewrote_Host\n"}
{"Time":"2026-09-22T08:09:47.197627578+09:00","Action":"output","Package":"github.com/hkjang/Vendra/internal/httpapi","Test":"TestCrossOriginWrite/behind_a_proxy_that_rewrote_Host","Output":"--- PASS: TestCrossOriginWrite/behind_a_proxy_that_rewrote_Host (0.00s)\n"}
{"Time":"2026-09-22T08:09:47.198022373+09:00","Action":"pass","Package":"github.com/hkjang/Vendra/internal/httpapi","Test":"TestCrossOriginWrite/behind_a_proxy_that_rewrote_Host","Elapsed":0}
{"Time":"2026-09-22T08:09:47.198433562+09:00","Action":"run","Package":"github.com/hkjang/Vendra/internal/httpapi","Test":"TestCrossOriginWrite/a_forwarded_name_that_still_does_not_match"}
{"Time":"2026-09-22T08:09:47.198874629+09:00","Action":"output","Package":"github.com/hkjang/Vendra/internal/httpapi","Test":"TestCrossOriginWrite/a_forwarded_name_that_still_does_not_match","Output":"=== RUN   TestCrossOriginWrite/a_forwarded_name_that_still_does_not_match\n"}
{"Time":"2026-09-22T08:09:47.199252206+09:00","Action":"output","Package":"github.com/hkjang/Vendra/internal/httpapi","Test":"TestCrossOriginWrite/a_forwarded_name_that_still_does_not_match","Output":"--- PASS: TestCrossOriginWrite/a_forwarded_name_that_still_does_not_match (0.00s)\n"}
{"Time":"2026-09-22T08:09:47.199644317+09:00","Action":"pass","Package":"github.com/hkjang/Vendra/internal/httpapi","Test":"TestCrossOriginWrite/a_forwarded_name_that_still_does_not_match","Elapsed":0}
{"Time":"2026-09-22T08:09:47.200104405+09:00","Action":"run","Package":"github.com/hkjang/Vendra/internal/httpapi","Test":"TestCrossOriginWrite/a_read_from_anywhere"}
{"Time":"2026-09-22T08:09:47.20047907+09:00","Action":"output","Package":"github.com/hkjang/Vendra/internal/httpapi","Test":"TestCrossOriginWrite/a_read_from_anywhere","Output":"=== RUN   TestCrossOriginWrite/a_read_from_anywhere\n"}
{"Time":"2026-09-22T08:09:47.200870997+09:00","Action":"output","Package":"github.com/hkjang/Vendra/internal/httpapi","Test":"TestCrossOriginWrite/a_read_from_anywhere","Output":"--- PASS: TestCrossOriginWrite/a_read_from_anywhere (0.00s)\n"}
{"Time":"2026-09-22T08:09:47.201286705+09:00","Action":"pass","Package":"github.com/hkjang/Vendra/internal/httpapi","Test":"TestCrossOriginWrite/a_read_from_anywhere","Elapsed":0}
{"Time":"2026-09-22T08:09:47.201712939+09:00","Action":"run","Package":"github.com/hkjang/Vendra/internal/httpapi","Test":"TestCrossOriginWrite/an_API_key_from_a_script"}
{"Time":"2026-09-22T08:09:47.202122783+09:00","Action":"output","Package":"github.com/hkjang/Vendra/internal/httpapi","Test":"TestCrossOriginWrite/an_API_key_from_a_script","Output":"=== RUN   TestCrossOriginWrite/an_API_key_from_a_script\n"}
{"Time":"2026-09-22T08:09:47.202547268+09:00","Action":"output","Package":"github.com/hkjang/Vendra/internal/httpapi","Test":"TestCrossOriginWrite/an_API_key_from_a_script","Output":"--- PASS: TestCrossOriginWrite/an_API_key_from_a_script (0.00s)\n"}
{"Time":"2026-09-22T08:09:47.203053792+09:00","Action":"pass","Package":"github.com/hkjang/Vendra/internal/httpapi","Test":"TestCrossOriginWrite/an_API_key_from_a_script","Elapsed":0}
{"Time":"2026-09-22T08:09:47.203473596+09:00","Action":"run","Package":"github.com/hkjang/Vendra/internal/httpapi","Test":"TestCrossOriginWrite/a_script_with_no_browser_headers"}
{"Time":"2026-09-22T08:09:47.203996967+09:00","Action":"output","Package":"github.com/hkjang/Vendra/internal/httpapi","Test":"TestCrossOriginWrite/a_script_with_no_browser_headers","Output":"=== RUN   TestCrossOriginWrite/a_script_with_no_browser_headers\n"}
{"Time":"2026-09-22T08:09:47.204425349+09:00","Action":"output","Package":"github.com/hkjang/Vendra/internal/httpapi","Test":"TestCrossOriginWrite/a_script_with_no_browser_headers","Output":"--- PASS: TestCrossOriginWrite/a_script_with_no_browser_headers (0.00s)\n"}
{"Time":"2026-09-22T08:09:47.204793738+09:00","Action":"pass","Package":"github.com/hkjang/Vendra/internal/httpapi","Test":"TestCrossOriginWrite/a_script_with_no_browser_headers","Elapsed":0}
{"Time":"2026-09-22T08:09:47.205178726+09:00","Action":"output","Package":"github.com/hkjang/Vendra/internal/httpapi","Test":"TestCrossOriginWrite","Output":"--- PASS: TestCrossOriginWrite (0.00s)\n"}
{"Time":"2026-09-22T08:09:47.205580677+09:00","Action":"pass","Package":"github.com/hkjang/Vendra/internal/httpapi","Test":"TestCrossOriginWrite","Elapsed":0}
{"Time":"2026-09-22T08:09:47.20595863+09:00","Action":"run","Package":"github.com/hkjang/Vendra/internal/httpapi","Test":"TestMiddlewareRefusesACrossOriginWrite"}
{"Time":"2026-09-22T08:09:47.206341507+09:00","Action":"output","Package":"github.com/hkjang/Vendra/internal/httpapi","Test":"TestMiddlewareRefusesACrossOriginWrite","Output":"=== RUN   TestMiddlewareRefusesACrossOriginWrite\n"}
{"Time":"2026-09-22T08:09:47.206721045+09:00","Action":"output","Package":"github.com/hkjang/Vendra/internal/httpapi","Test":"TestMiddlewareRefusesACrossOriginWrite","Output":"2026/09/22 08:09:47 WARN refused a cross-origin write carrying the session cookie origin=https://wiki.corp.example sec_fetch_site=\"\" method=POST path=/api/v1/suppliers request_id=\"\"\n"}
{"Time":"2026-09-22T08:09:47.207184089+09:00","Action":"output","Package":"github.com/hkjang/Vendra/internal/httpapi","Test":"TestMiddlewareRefusesACrossOriginWrite","Output":"--- PASS: TestMiddlewareRefusesACrossOriginWrite (0.00s)\n"}
{"Time":"2026-09-22T08:09:47.207605045+09:00","Action":"pass","Package":"github.com/hkjang/Vendra/internal/httpapi","Test":"TestMiddlewareRefusesACrossOriginWrite","Elapsed":0}
{"Time":"2026-09-22T08:09:47.208055144+09:00","Action":"run","Package":"github.com/hkjang/Vendra/internal/httpapi","Test":"TestABidIsPricedInTheCurrencyTheTenderWasPutOutIn"}
{"Time":"2026-09-22T08:09:47.208453178+09:00","Action":"output","Package":"github.com/hkjang/Vendra/internal/httpapi","Test":"TestABidIsPricedInTheCurrencyTheTenderWasPutOutIn","Output":"=== RUN   TestABidIsPricedInTheCurrencyTheTenderWasPutOutIn\n"}
{"Time":"2026-09-22T08:09:47.283533781+09:00","Action":"output","Package":"github.com/hkjang/Vendra/internal/httpapi","Test":"TestABidIsPricedInTheCurrencyTheTenderWasPutOutIn","Output":"2026/09/22 08:09:47 INFO request method=POST path=/api/auth/login duration_ms=11 request_id=ncYbVIO2cInP1YiE\n"}
{"Time":"2026-09-22T08:09:47.293657959+09:00","Action":"output","Package":"github.com/hkjang/Vendra/internal/httpapi","Test":"TestABidIsPricedInTheCurrencyTheTenderWasPutOutIn","Output":"2026/09/22 08:09:47 INFO request method=PUT path=/api/v1/portal/sourcing/cfa248b1-2f32-4eb9-884c-fcb454ca9723/response duration_ms=5 request_id=HH74QwY_8QpLaRzt\n"}
{"Time":"2026-09-22T08:09:47.296807195+09:00","Action":"output","Package":"github.com/hkjang/Vendra/internal/httpapi","Test":"TestABidIsPricedInTheCurrencyTheTenderWasPutOutIn","Output":"2026/09/22 08:09:47 INFO request method=PUT path=/api/v1/portal/sourcing/cfa248b1-2f32-4eb9-884c-fcb454ca9723/response duration_ms=1 request_id=2ef-NfzDx2txCaOO\n"}
{"Time":"2026-09-22T08:09:47.303717083+09:00","Action":"output","Package":"github.com/hkjang/Vendra/internal/httpapi","Test":"TestABidIsPricedInTheCurrencyTheTenderWasPutOutIn","Output":"2026/09/22 08:09:47 INFO request method=PUT path=/api/v1/portal/sourcing/cfa248b1-2f32-4eb9-884c-fcb454ca9723/response duration_ms=6 request_id=b1shCjsbwKEOiagv\n"}
{"Time":"2026-09-22T08:09:47.31556426+09:00","Action":"output","Package":"github.com/hkjang/Vendra/internal/httpapi","Test":"TestABidIsPricedInTheCurrencyTheTenderWasPutOutIn","Output":"2026/09/22 08:09:47 INFO request method=PUT path=/api/v1/portal/sourcing/cfa248b1-2f32-4eb9-884c-fcb454ca9723/response duration_ms=11 request_id=EMv1nQQSqApAECcH\n"}
{"Time":"2026-09-22T08:09:47.32175924+09:00","Action":"output","Package":"github.com/hkjang/Vendra/internal/httpapi","Test":"TestABidIsPricedInTheCurrencyTheTenderWasPutOutIn","Output":"2026/09/22 08:09:47 INFO request method=GET path=/api/v1/portal/sourcing duration_ms=5 request_id=bNjJ3zKaiAKIMyIM\n"}
{"Time":"2026-09-22T08:09:47.35010015+09:00","Action":"output","Package":"github.com/hkjang/Vendra/internal/httpapi","Test":"TestABidIsPricedInTheCurrencyTheTenderWasPutOutIn","Output":"--- PASS: TestABidIsPricedInTheCurrencyTheTenderWasPutOutIn (0.17s)\n"}
{"Time":"2026-09-22T08:09:47.350824244+09:00","Action":"pass","Package":"github.com/hkjang/Vendra/internal/httpapi","Test":"TestABidIsPricedInTheCurrencyTheTenderWasPutOutIn","Elapsed":0.17}
{"Time":"2026-09-22T08:09:47.351370844+09:00","Action":"run","Package":"github.com/hkjang/Vendra/internal/httpapi","Test":"TestACurrencyOnABusinessObjectIsOneAndCanBeCorrected"}
{"Time":"2026-09-22T08:09:47.351806271+09:00","Action":"output","Package":"github.com/hkjang/Vendra/internal/httpapi","Test":"TestACurrencyOnABusinessObjectIsOneAndCanBeCorrected","Output":"=== RUN   TestACurrencyOnABusinessObjectIsOneAndCanBeCorrected\n"}
{"Time":"2026-09-22T08:09:47.47453526+09:00","Action":"output","Package":"github.com/hkjang/Vendra/internal/httpapi","Test":"TestACurrencyOnABusinessObjectIsOneAndCanBeCorrected","Output":"2026/09/22 08:09:47 INFO request method=POST path=/api/auth/login duration_ms=56 request_id=-ySTaE7_SbswQVMW\n"}
{"Time":"2026-09-22T08:09:47.479413484+09:00","Action":"output","Package":"github.com/hkjang/Vendra/internal/httpapi","Test":"TestACurrencyOnABusinessObjectIsOneAndCanBeCorrected","Output":"2026/09/22 08:09:47 INFO request method=POST path=/api/v1/rfq duration_ms=4 request_id=OVumyoDQSZlL5n9g\n"}
{"Time":"2026-09-22T08:09:47.485980247+09:00","Action":"output","Package":"github.com/hkjang/Vendra/internal/httpapi","Test":"TestACurrencyOnABusinessObjectIsOneAndCanBeCorrected","Output":"2026/09/22 08:09:47 INFO request method=POST path=/api/v1/rfq duration_ms=6 request_id=RS3Nwswkqj-J5SGP\n"}
{"Time":"2026-09-22T08:09:47.489258076+09:00","Action":"output","Package":"github.com/hkjang/Vendra/internal/httpapi","Test":"TestACurrencyOnABusinessObjectIsOneAndCanBeCorrected","Output":"2026/09/22 08:09:47 INFO request method=PATCH path=/api/v1/rfq/f116e663-0fe9-449d-94fd-cd3b6773beb3 duration_ms=3 request_id=BiupmIT8aLys6EqI\n"}
{"Time":"2026-09-22T08:09:47.495259728+09:00","Action":"output","Package":"github.com/hkjang/Vendra/internal/httpapi","Test":"TestACurrencyOnABusinessObjectIsOneAndCanBeCorrected","Output":"2026/09/22 08:09:47 INFO request method=PATCH path=/api/v1/rfq/f116e663-0fe9-449d-94fd-cd3b6773beb3 duration_ms=5 request_id=e_dcYSEK7wAFaWc3\n"}
{"Time":"2026-09-22T08:09:47.501503986+09:00","Action":"output","Package":"github.com/hkjang/Vendra/internal/httpapi","Test":"TestACurrencyOnABusinessObjectIsOneAndCanBeCorrected","Output":"2026/09/22 08:09:47 INFO request method=PATCH path=/api/v1/rfq/f116e663-0fe9-449d-94fd-cd3b6773beb3 duration_ms=5 request_id=fvwc3notTJaVo3fM\n"}
{"Time":"2026-09-22T08:09:47.506698884+09:00","Action":"output","Package":"github.com/hkjang/Vendra/internal/httpapi","Test":"TestACurrencyOnABusinessObjectIsOneAndCanBeCorrected","Output":"--- PASS: TestACurrencyOnABusinessObjectIsOneAndCanBeCorrected (0.16s)\n"}
{"Time":"2026-09-22T08:09:47.507379966+09:00","Action":"pass","Package":"github.com/hkjang/Vendra/internal/httpapi","Test":"TestACurrencyOnABusinessObjectIsOneAndCanBeCorrected","Elapsed":0.16}
{"Time":"2026-09-22T08:09:47.507920533+09:00","Action":"run","Package":"github.com/hkjang/Vendra/internal/httpapi","Test":"TestEveryStoredCurrencyIsOneTheApplicationCanPrice"}
{"Time":"2026-09-22T08:09:47.508401352+09:00","Action":"output","Package":"github.com/hkjang/Vendra/internal/httpapi","Test":"TestEveryStoredCurrencyIsOneTheApplicationCanPrice","Output":"=== RUN   TestEveryStoredCurrencyIsOneTheApplicationCanPrice\n"}
{"Time":"2026-09-22T08:09:47.52363477+09:00","Action":"output","Package":"github.com/hkjang/Vendra/internal/httpapi","Test":"TestEveryStoredCurrencyIsOneTheApplicationCanPrice","Output":"--- PASS: TestEveryStoredCurrencyIsOneTheApplicationCanPrice (0.02s)\n"}
{"Time":"2026-09-22T08:09:47.524259274+09:00","Action":"pass","Package":"github.com/hkjang/Vendra/internal/httpapi","Test":"TestEveryStoredCurrencyIsOneTheApplicationCanPrice","Elapsed":0.02}
{"Time":"2026-09-22T08:09:47.524882113+09:00","Action":"run","Package":"github.com/hkjang/Vendra/internal/httpapi","Test":"TestARejectedCurrencyNamesTheBox"}
{"Time":"2026-09-22T08:09:47.525392496+09:00","Action":"output","Package":"github.com/hkjang/Vendra/internal/httpapi","Test":"TestARejectedCurrencyNamesTheBox","Output":"=== RUN   TestARejectedCurrencyNamesTheBox\n"}
{"Time":"2026-09-22T08:09:47.525889468+09:00","Action":"output","Package":"github.com/hkjang/Vendra/internal/httpapi","Test":"TestARejectedCurrencyNamesTheBox","Output":"--- PASS: TestARejectedCurrencyNamesTheBox (0.00s)\n"}
{"Time":"2026-09-22T08:09:47.526472147+09:00","Action":"pass","Package":"github.com/hkjang/Vendra/internal/httpapi","Test":"TestARejectedCurrencyNamesTheBox","Elapsed":0}
{"Time":"2026-09-22T08:09:47.527024652+09:00","Action":"run","Package":"github.com/hkjang/Vendra/internal/httpapi","Test":"TestDepartmentScopeRefusesAnotherDepartmentsRecords"}
{"Time":"2026-09-22T08:09:47.527651021+09:00","Action":"output","Package":"github.com/hkjang/Vendra/internal/httpapi","Test":"TestDepartmentScopeRefusesAnotherDepartmentsRecords","Output":"=== RUN   TestDepartmentScopeRefusesAnotherDepartmentsRecords\n"}
{"Time":"2026-09-22T08:09:47.685438108+09:00","Action":"output","Package":"github.com/hkjang/Vendra/internal/httpapi","Test":"TestDepartmentScopeRefusesAnotherDepartmentsRecords","Output":"2026/09/22 08:09:47 INFO request method=POST path=/api/auth/login duration_ms=10 request_id=LbJDMz45k8ZQvZAD\n"}
{"Time":"2026-09-22T08:09:47.692187635+09:00","Action":"output","Package":"github.com/hkjang/Vendra/internal/httpapi","Test":"TestDepartmentScopeRefusesAnotherDepartmentsRecords","Output":"2026/09/22 08:09:47 INFO request method=POST path=/api/auth/login duration_ms=6 request_id=_6gXQkVBikBKrRVo\n"}
{"Time":"2026-09-22T08:09:47.692676421+09:00","Action":"run","Package":"github.com/hkjang/Vendra/internal/httpapi","Test":"TestDepartmentScopeRefusesAnotherDepartmentsRecords/GET_suppliers/3373dad1-79d8-40a1-ab4e-9cbc945243f3"}
{"Time":"2026-09-22T08:09:47.693122673+09:00","Action":"output","Package":"github.com/hkjang/Vendra/internal/httpapi","Test":"TestDepartmentScopeRefusesAnotherDepartmentsRecords/GET_suppliers/3373dad1-79d8-40a1-ab4e-9cbc945243f3","Output":"=== RUN   TestDepartmentScopeRefusesAnotherDepartmentsRecords/GET_suppliers/3373dad1-79d8-40a1-ab4e-9cbc945243f3\n"}
{"Time":"2026-09-22T08:09:47.697130098+09:00","Action":"output","Package":"github.com/hkjang/Vendra/internal/httpapi","Test":"TestDepartmentScopeRefusesAnotherDepartmentsRecords/GET_suppliers/3373dad1-79d8-40a1-ab4e-9cbc945243f3","Output":"2026/09/22 08:09:47 INFO request method=GET path=/api/v1/suppliers/3373dad1-79d8-40a1-ab4e-9cbc945243f3 duration_ms=4 request_id=PJgoO3YeLsQiaKv9\n"}
{"Time":"2026-09-22T08:09:47.69758332+09:00","Action":"output","Package":"github.com/hkjang/Vendra/internal/httpapi","Test":"TestDepartmentScopeRefusesAnotherDepartmentsRecords/GET_suppliers/3373dad1-79d8-40a1-ab4e-9cbc945243f3","Output":"--- PASS: TestDepartmentScopeRefusesAnotherDepartmentsRecords/GET_suppliers/3373dad1-79d8-40a1-ab4e-9cbc945243f3 (0.00s)\n"}
{"Time":"2026-09-22T08:09:47.697973799+09:00","Action":"pass","Package":"github.com/hkjang/Vendra/internal/httpapi","Test":"TestDepartmentScopeRefusesAnotherDepartmentsRecords/GET_suppliers/3373dad1-79d8-40a1-ab4e-9cbc945243f3","Elapsed":0}
{"Time":"2026-09-22T08:09:47.698372464+09:00","Action":"run","Package":"github.com/hkjang/Vendra/internal/httpapi","Test":"TestDepartmentScopeRefusesAnotherDepartmentsRecords/PATCH_suppliers/3373dad1-79d8-40a1-ab4e-9cbc945243f3"}
{"Time":"2026-09-22T08:09:47.698804763+09:00","Action":"output","Package":"github.com/hkjang/Vendra/internal/httpapi","Test":"TestDepartmentScopeRefusesAnotherDepartmentsRecords/PATCH_suppliers/3373dad1-79d8-40a1-ab4e-9cbc945243f3","Output":"=== RUN   TestDepartmentScopeRefusesAnotherDepartmentsRecords/PATCH_suppliers/3373dad1-79d8-40a1-ab4e-9cbc945243f3\n"}
{"Time":"2026-09-22T08:09:47.699498858+09:00","Action":"output","Package":"github.com/hkjang/Vendra/internal/httpapi","Test":"TestDepartmentScopeRefusesAnotherDepartmentsRecords/PATCH_suppliers/3373dad1-79d8-40a1-ab4e-9cbc945243f3","Output":"2026/09/22 08:09:47 INFO request method=PATCH path=/api/v1/suppliers/3373dad1-79d8-40a1-ab4e-9cbc945243f3 duration_ms=2 request_id=2kvqYRVzNw8DEa7j\n"}
{"Time":"2026-09-22T08:09:47.699919876+09:00","Action":"output","Package":"github.com/hkjang/Vendra/internal/httpapi","Test":"TestDepartmentScopeRefusesAnotherDepartmentsRecords/PATCH_suppliers/3373dad1-79d8-40a1-ab4e-9cbc945243f3","Output":"--- PASS: TestDepartmentScopeRefusesAnotherDepartmentsRecords/PATCH_suppliers/3373dad1-79d8-40a1-ab4e-9cbc945243f3 (0.00s)\n"}
{"Time":"2026-09-22T08:09:47.700303141+09:00","Action":"pass","Package":"github.com/hkjang/Vendra/internal/httpapi","Test":"TestDepartmentScopeRefusesAnotherDepartmentsRecords/PATCH_suppliers/3373dad1-79d8-40a1-ab4e-9cbc945243f3","Elapsed":0}
{"Time":"2026-09-22T08:09:47.700730335+09:00","Action":"run","Package":"github.com/hkjang/Vendra/internal/httpapi","Test":"TestDepartmentScopeRefusesAnotherDepartmentsRecords/GET_suppliers/3373dad1-79d8-40a1-ab4e-9cbc945243f3/activity"}
{"Time":"2026-09-22T08:09:47.701168296+09:00","Action":"output","Package":"github.com/hkjang/Vendra/internal/httpapi","Test":"TestDepartmentScopeRefusesAnotherDepartmentsRecords/GET_suppliers/3373dad1-79d8-40a1-ab4e-9cbc945243f3/activity","Output":"=== RUN   TestDepartmentScopeRefusesAnotherDepartmentsRecords/GET_suppliers/3373dad1-79d8-40a1-ab4e-9cbc945243f3/activity\n"}
{"Time":"2026-09-22T08:09:47.70162121+09:00","Action":"output","Package":"github.com/hkjang/Vendra/internal/httpapi","Test":"TestDepartmentScopeRefusesAnotherDepartmentsRecords/GET_suppliers/3373dad1-79d8-40a1-ab4e-9cbc945243f3/activity","Output":"2026/09/22 08:09:47 INFO request method=GET path=/api/v1/suppliers/3373dad1-79d8-40a1-ab4e-9cbc945243f3/activity duration_ms=2 request_id=SHq876wwCh6yI39q\n"}
{"Time":"2026-09-22T08:09:47.702081228+09:00","Action":"output","Package":"github.com/hkjang/Vendra/internal/httpapi","Test":"TestDepartmentScopeRefusesAnotherDepartmentsRecords/GET_suppliers/3373dad1-79d8-40a1-ab4e-9cbc945243f3/activity","Output":"--- PASS: TestDepartmentScopeRefusesAnotherDepartmentsRecords/GET_suppliers/3373dad1-79d8-40a1-ab4e-9cbc945243f3/activity (0.00s)\n"}
{"Time":"2026-09-22T08:09:47.702475503+09:00","Action":"pass","Package":"github.com/hkjang/Vendra/internal/httpapi","Test":"TestDepartmentScopeRefusesAnotherDepartmentsRecords/GET_suppliers/3373dad1-79d8-40a1-ab4e-9cbc945243f3/activity","Elapsed":0}
{"Time":"2026-09-22T08:09:47.702928757+09:00","Action":"run","Package":"github.com/hkjang/Vendra/internal/httpapi","Test":"TestDepartmentScopeRefusesAnotherDepartmentsRecords/GET_suppliers/3373dad1-79d8-40a1-ab4e-9cbc945243f3/contacts"}
{"Time":"2026-09-22T08:09:47.703370359+09:00","Action":"output","Package":"github.com/hkjang/Vendra/internal/httpapi","Test":"TestDepartmentScopeRefusesAnotherDepartmentsRecords/GET_suppliers/3373dad1-79d8-40a1-ab4e-9cbc945243f3/contacts","Output":"=== RUN   TestDepartmentScopeRefusesAnotherDepartmentsRecords/GET_suppliers/3373dad1-79d8-40a1-ab4e-9cbc945243f3/contacts\n"}
{"Time":"2026-09-22T08:09:47.70379028+09:00","Action":"output","Package":"github.com/hkjang/Vendra/internal/httpapi","Test":"TestDepartmentScopeRefusesAnotherDepartmentsRecords/GET_suppliers/3373dad1-79d8-40a1-ab4e-9cbc945243f3/contacts","Output":"2026/09/22 08:09:47 INFO request method=GET path=/api/v1/suppliers/3373dad1-79d8-40a1-ab4e-9cbc945243f3/contacts duration_ms=2 request_id=vu2wPk3SW3oTrIO5\n"}
{"Time":"2026-09-22T08:09:47.704220379+09:00","Action":"output","Package":"github.com/hkjang/Vendra/internal/httpapi","Test":"TestDepartmentScopeRefusesAnotherDepartmentsRecords/GET_suppliers/3373dad1-79d8-40a1-ab4e-9cbc945243f3/contacts","Output":"--- PASS: TestDepartmentScopeRefusesAnotherDepartmentsRecords/GET_suppliers/3373dad1-79d8-40a1-ab4e-9cbc945243f3/contacts (0.00s)\n"}
{"Time":"2026-09-22T08:09:47.704640825+09:00","Action":"pass","Package":"github.com/hkjang/Vendra/internal/httpapi","Test":"TestDepartmentScopeRefusesAnotherDepartmentsRecords/GET_suppliers/3373dad1-79d8-40a1-ab4e-9cbc945243f3/contacts","Elapsed":0}
{"Time":"2026-09-22T08:09:47.705089684+09:00","Action":"run","Package":"github.com/hkjang/Vendra/internal/httpapi","Test":"TestDepartmentScopeRefusesAnotherDepartmentsRecords/POST_suppliers/3373dad1-79d8-40a1-ab4e-9cbc945243f3/contacts"}
{"Time":"2026-09-22T08:09:47.705523902+09:00","Action":"output","Package":"github.com/hkjang/Vendra/internal/httpapi","Test":"TestDepartmentScopeRefusesAnotherDepartmentsRecords/POST_suppliers/3373dad1-79d8-40a1-ab4e-9cbc945243f3/contacts","Output":"=== RUN   TestDepartmentScopeRefusesAnotherDepartmentsRecords/POST_suppliers/3373dad1-79d8-40a1-ab4e-9cbc945243f3/contacts\n"}
{"Time":"2026-09-22T08:09:47.705953301+09:00","Action":"output","Package":"github.com/hkjang/Vendra/internal/httpapi","Test":"TestDepartmentScopeRefusesAnotherDepartmentsRecords/POST_suppliers/3373dad1-79d8-40a1-ab4e-9cbc945243f3/contacts","Output":"2026/09/22 08:09:47 INFO request method=POST path=/api/v1/suppliers/3373dad1-79d8-40a1-ab4e-9cbc945243f3/contacts duration_ms=2 request_id=zGYq671oCKrRxSZ1\n"}
{"Time":"2026-09-22T08:09:47.706404281+09:00","Action":"output","Package":"github.com/hkjang/Vendra/internal/httpapi","Test":"TestDepartmentScopeRefusesAnotherDepartmentsRecords/POST_suppliers/3373dad1-79d8-40a1-ab4e-9cbc945243f3/contacts","Output":"--- PASS: TestDepartmentScopeRefusesAnotherDepartmentsRecords/POST_suppliers/3373dad1-79d8-40a1-ab4e-9cbc945243f3/contacts (0.00s)\n"}
{"Time":"2026-09-22T08:09:47.706901682+09:00","Action":"pass","Package":"github.com/hkjang/Vendra/internal/httpapi","Test":"TestDepartmentScopeRefusesAnotherDepartmentsRecords/POST_suppliers/3373dad1-79d8-40a1-ab4e-9cbc945243f3/contacts","Elapsed":0}
{"Time":"2026-09-22T08:09:47.70728246+09:00","Action":"run","Package":"github.com/hkjang/Vendra/internal/httpapi","Test":"TestDepartmentScopeRefusesAnotherDepartmentsRecords/GET_suppliers/3373dad1-79d8-40a1-ab4e-9cbc945243f3/objects"}
{"Time":"2026-09-22T08:09:47.707684798+09:00","Action":"output","Package":"github.com/hkjang/Vendra/internal/httpapi","Test":"TestDepartmentScopeRefusesAnotherDepartmentsRecords/GET_suppliers/3373dad1-79d8-40a1-ab4e-9cbc945243f3/objects","Output":"=== RUN   TestDepartmentScopeRefusesAnotherDepartmentsRecords/GET_suppliers/3373dad1-79d8-40a1-ab4e-9cbc945243f3/objects\n"}
{"Time":"2026-09-22T08:09:47.708287266+09:00","Action":"output","Package":"github.com/hkjang/Vendra/internal/httpapi","Test":"TestDepartmentScopeRefusesAnotherDepartmentsRecords/GET_suppliers/3373dad1-79d8-40a1-ab4e-9cbc945243f3/objects","Output":"2026/09/22 08:09:47 INFO request method=GET path=/api/v1/suppliers/3373dad1-79d8-40a1-ab4e-9cbc945243f3/objects duration_ms=2 request_id=7jl5zEyHu6VAJtBj\n"}
{"Time":"2026-09-22T08:09:47.708687271+09:00","Action":"output","Package":"github.com/hkjang/Vendra/internal/httpapi","Test":"TestDepartmentScopeRefusesAnotherDepartmentsRecords/GET_suppliers/3373dad1-79d8-40a1-ab4e-9cbc945243f3/objects","Output":"--- PASS: TestDepartmentScopeRefusesAnotherDepartmentsRecords/GET_suppliers/3373dad1-79d8-40a1-ab4e-9cbc945243f3/objects (0.00s)\n"}
{"Time":"2026-09-22T08:09:47.709103391+09:00","Action":"pass","Package":"github.com/hkjang/Vendra/internal/httpapi","Test":"TestDepartmentScopeRefusesAnotherDepartmentsRecords/GET_suppliers/3373dad1-79d8-40a1-ab4e-9cbc945243f3/objects","Elapsed":0}
{"Time":"2026-09-22T08:09:47.709548794+09:00","Action":"run","Package":"github.com/hkjang/Vendra/internal/httpapi","Test":"TestDepartmentScopeRefusesAnotherDepartmentsRecords/GET_suppliers/3373dad1-79d8-40a1-ab4e-9cbc945243f3/risks"}
{"Time":"2026-09-22T08:09:47.709962317+09:00","Action":"output","Package":"github.com/hkjang/Vendra/internal/httpapi","Test":"TestDepartmentScopeRefusesAnotherDepartmentsRecords/GET_suppliers/3373dad1-79d8-40a1-ab4e-9cbc945243f3/risks","Output":"=== RUN   TestDepartmentScopeRefusesAnotherDepartmentsRecords/GET_suppliers/3373dad1-79d8-40a1-ab4e-9cbc945243f3/risks\n"}
{"Time":"2026-09-22T08:09:47.710420406+09:00","Action":"output","Package":"github.com/hkjang/Vendra/internal/httpapi","Test":"TestDepartmentScopeRefusesAnotherDepartmentsRecords/GET_suppliers/3373dad1-79d8-40a1-ab4e-9cbc945243f3/risks","Output":"2026/09/22 08:09:47 INFO request method=GET path=/api/v1/suppliers/3373dad1-79d8-40a1-ab4e-9cbc945243f3/risks duration_ms=1 request_id=u3G12CV5dWMeIMcf\n"}
{"Time":"2026-09-22T08:09:47.715389597+09:00","Action":"output","Package":"github.com/hkjang/Vendra/internal/httpapi","Test":"TestDepartmentScopeRefusesAnotherDepartmentsRecords/GET_suppliers/3373dad1-79d8-40a1-ab4e-9cbc945243f3/risks","Output":"--- PASS: TestDepartmentScopeRefusesAnotherDepartmentsRecords/GET_suppliers/3373dad1-79d8-40a1-ab4e-9cbc945243f3/risks (0.00s)\n"}
{"Time":"2026-09-22T08:09:47.71590826+09:00","Action":"pass","Package":"github.com/hkjang/Vendra/internal/httpapi","Test":"TestDepartmentScopeRefusesAnotherDepartmentsRecords/GET_suppliers/3373dad1-79d8-40a1-ab4e-9cbc945243f3/risks","Elapsed":0}
{"Time":"2026-09-22T08:09:47.71637536+09:00","Action":"run","Package":"github.com/hkjang/Vendra/internal/httpapi","Test":"TestDepartmentScopeRefusesAnotherDepartmentsRecords/POST_suppliers/3373dad1-79d8-40a1-ab4e-9cbc945243f3/risks"}
{"Time":"2026-09-22T08:09:47.716853874+09:00","Action":"output","Package":"github.com/hkjang/Vendra/internal/httpapi","Test":"TestDepartmentScopeRefusesAnotherDepartmentsRecords/POST_suppliers/3373dad1-79d8-40a1-ab4e-9cbc945243f3/risks","Output":"=== RUN   TestDepartmentScopeRefusesAnotherDepartmentsRecords/POST_suppliers/3373dad1-79d8-40a1-ab4e-9cbc945243f3/risks\n"}
{"Time":"2026-09-22T08:09:47.717327648+09:00","Action":"output","Package":"github.com/hkjang/Vendra/internal/httpapi","Test":"TestDepartmentScopeRefusesAnotherDepartmentsRecords/POST_suppliers/3373dad1-79d8-40a1-ab4e-9cbc945243f3/risks","Output":"2026/09/22 08:09:47 INFO request method=POST path=/api/v1/suppliers/3373dad1-79d8-40a1-ab4e-9cbc945243f3/risks duration_ms=1 request_id=y8YujYvhZw7Fr3Ur\n"}
{"Time":"2026-09-22T08:09:47.717754964+09:00","Action":"output","Package":"github.com/hkjang/Vendra/internal/httpapi","Test":"TestDepartmentScopeRefusesAnotherDepartmentsRecords/POST_suppliers/3373dad1-79d8-40a1-ab4e-9cbc945243f3/risks","Output":"--- PASS: TestDepartmentScopeRefusesAnotherDepartmentsRecords/POST_suppliers/3373dad1-79d8-40a1-ab4e-9cbc945243f3/risks (0.00s)\n"}
{"Time":"2026-09-22T08:09:47.718156884+09:00","Action":"pass","Package":"github.com/hkjang/Vendra/internal/httpapi","Test":"TestDepartmentScopeRefusesAnotherDepartmentsRecords/POST_suppliers/3373dad1-79d8-40a1-ab4e-9cbc945243f3/risks","Elapsed":0}
{"Time":"2026-09-22T08:09:47.71860473+09:00","Action":"run","Package":"github.com/hkjang/Vendra/internal/httpapi","Test":"TestDepartmentScopeRefusesAnotherDepartmentsRecords/GET_suppliers/3373dad1-79d8-40a1-ab4e-9cbc945243f3/evaluations"}
{"Time":"2026-09-22T08:09:47.719020791+09:00","Action":"output","Package":"github.com/hkjang/Vendra/internal/httpapi","Test":"TestDepartmentScopeRefusesAnotherDepartmentsRecords/GET_suppliers/3373dad1-79d8-40a1-ab4e-9cbc945243f3/evaluations","Output":"=== RUN   TestDepartmentScopeRefusesAnotherDepartmentsRecords/GET_suppliers/3373dad1-79d8-40a1-ab4e-9cbc945243f3/evaluations\n"}
{"Time":"2026-09-22T08:09:47.719423718+09:00","Action":"output","Package":"github.com/hkjang/Vendra/internal/httpapi","Test":"TestDepartmentScopeRefusesAnotherDepartmentsRecords/GET_suppliers/3373dad1-79d8-40a1-ab4e-9cbc945243f3/evaluations","Output":"2026/09/22 08:09:47 INFO request method=GET path=/api/v1/suppliers/3373dad1-79d8-40a1-ab4e-9cbc945243f3/evaluations duration_ms=1 request_id=vEB0ilOk76Ok26rx\n"}
{"Time":"2026-09-22T08:09:47.719843194+09:00","Action":"output","Package":"github.com/hkjang/Vendra/internal/httpapi","Test":"TestDepartmentScopeRefusesAnotherDepartmentsRecords/GET_suppliers/3373dad1-79d8-40a1-ab4e-9cbc945243f3/evaluations","Output":"--- PASS: TestDepartmentScopeRefusesAnotherDepartmentsRecords/GET_suppliers/3373dad1-79d8-40a1-ab4e-9cbc945243f3/evaluations (0.00s)\n"}
{"Time":"2026-09-22T08:09:47.720243321+09:00","Action":"pass","Package":"github.com/hkjang/Vendra/internal/httpapi","Test":"TestDepartmentScopeRefusesAnotherDepartmentsRecords/GET_suppliers/3373dad1-79d8-40a1-ab4e-9cbc945243f3/evaluations","Elapsed":0}
{"Time":"2026-09-22T08:09:47.7206979+09:00","Action":"run","Package":"github.com/hkjang/Vendra/internal/httpapi","Test":"TestDepartmentScopeRefusesAnotherDepartmentsRecords/POST_suppliers/3373dad1-79d8-40a1-ab4e-9cbc945243f3/evaluations"}
{"Time":"2026-09-22T08:09:47.721114445+09:00","Action":"output","Package":"github.com/hkjang/Vendra/internal/httpapi","Test":"TestDepartmentScopeRefusesAnotherDepartmentsRecords/POST_suppliers/3373dad1-79d8-40a1-ab4e-9cbc945243f3/evaluations","Output":"=== RUN   TestDepartmentScopeRefusesAnotherDepartmentsRecords/POST_suppliers/3373dad1-79d8-40a1-ab4e-9cbc945243f3/evaluations\n"}
{"Time":"2026-09-22T08:09:47.721557017+09:00","Action":"output","Package":"github.com/hkjang/Vendra/internal/httpapi","Test":"TestDepartmentScopeRefusesAnotherDepartmentsRecords/POST_suppliers/3373dad1-79d8-40a1-ab4e-9cbc945243f3/evaluations","Output":"2026/09/22 08:09:47 INFO request method=POST path=/api/v1/suppliers/3373dad1-79d8-40a1-ab4e-9cbc945243f3/evaluations duration_ms=1 request_id=TZ1sekIUdtMR7Oec\n"}
{"Time":"2026-09-22T08:09:47.721993653+09:00","Action":"output","Package":"github.com/hkjang/Vendra/internal/httpapi","Test":"TestDepartmentScopeRefusesAnotherDepartmentsRecords/POST_suppliers/3373dad1-79d8-40a1-ab4e-9cbc945243f3/evaluations","Output":"--- PASS: TestDepartmentScopeRefusesAnotherDepartmentsRecords/POST_suppliers/3373dad1-79d8-40a1-ab4e-9cbc945243f3/evaluations (0.00s)\n"}
{"Time":"2026-09-22T08:09:47.722463833+09:00","Action":"pass","Package":"github.com/hkjang/Vendra/internal/httpapi","Test":"TestDepartmentScopeRefusesAnotherDepartmentsRecords/POST_suppliers/3373dad1-79d8-40a1-ab4e-9cbc945243f3/evaluations","Elapsed":0}
{"Time":"2026-09-22T08:09:47.722958291+09:00","Action":"run","Package":"github.com/hkjang/Vendra/internal/httpapi","Test":"TestDepartmentScopeRefusesAnotherDepartmentsRecords/GET_suppliers/3373dad1-79d8-40a1-ab4e-9cbc945243f3/screenings"}
{"Time":"2026-09-22T08:09:47.72343796+09:00","Action":"output","Package":"github.com/hkjang/Vendra/internal/httpapi","Test":"TestDepartmentScopeRefusesAnotherDepartmentsRecords/GET_suppliers/3373dad1-79d8-40a1-ab4e-9cbc945243f3/screenings","Output":"=== RUN   TestDepartmentScopeRefusesAnotherDepartmentsRecords/GET_suppliers/3373dad1-79d8-40a1-ab4e-9cbc945243f3/screenings\n"}
{"Time":"2026-09-22T08:09:47.723911141+09:00","Action":"output","Package":"github.com/hkjang/Vendra/internal/httpapi","Test":"TestDepartmentScopeRefusesAnotherDepartmentsRecords/GET_suppliers/3373dad1-79d8-40a1-ab4e-9cbc945243f3/screenings","Output":"2026/09/22 08:09:47 INFO request method=GET path=/api/v1/suppliers/3373dad1-79d8-40a1-ab4e-9cbc945243f3/screenings duration_ms=1 request_id=DHIsNGynDTedd5Yz\n"}
{"Time":"2026-09-22T08:09:47.724349239+09:00","Action":"output","Package":"github.com/hkjang/Vendra/internal/httpapi","Test":"TestDepartmentScopeRefusesAnotherDepartmentsRecords/GET_suppliers/3373dad1-79d8-40a1-ab4e-9cbc945243f3/screenings","Output":"--- PASS: TestDepartmentScopeRefusesAnotherDepartmentsRecords/GET_suppliers/3373dad1-79d8-40a1-ab4e-9cbc945243f3/screenings (0.00s)\n"}
{"Time":"2026-09-22T08:09:47.724748449+09:00","Action":"pass","Package":"github.com/hkjang/Vendra/internal/httpapi","Test":"TestDepartmentScopeRefusesAnotherDepartmentsRecords/GET_suppliers/3373dad1-79d8-40a1-ab4e-9cbc945243f3/screenings","Elapsed":0}
{"Time":"2026-09-22T08:09:47.725150013+09:00","Action":"run","Package":"github.com/hkjang/Vendra/internal/httpapi","Test":"TestDepartmentScopeRefusesAnotherDepartmentsRecords/POST_suppliers/3373dad1-79d8-40a1-ab4e-9cbc945243f3/screenings"}
{"Time":"2026-09-22T08:09:47.725571657+09:00","Action":"output","Package":"github.com/hkjang/Vendra/internal/httpapi","Test":"TestDepartmentScopeRefusesAnotherDepartmentsRecords/POST_suppliers/3373dad1-79d8-40a1-ab4e-9cbc945243f3/screenings","Output":"=== RUN   TestDepartmentScopeRefusesAnotherDepartmentsRecords/POST_suppliers/3373dad1-79d8-40a1-ab4e-9cbc945243f3/screenings\n"}
{"Time":"2026-09-22T08:09:47.725981724+09:00","Action":"output","Package":"github.com/hkjang/Vendra/internal/httpapi","Test":"TestDepartmentScopeRefusesAnotherDepartmentsRecords/POST_suppliers/3373dad1-79d8-40a1-ab4e-9cbc945243f3/screenings","Output":"2026/09/22 08:09:47 INFO request method=POST path=/api/v1/suppliers/3373dad1-79d8-40a1-ab4e-9cbc945243f3/screenings duration_ms=1 request_id=PW2lHEaEGLh8QNns\n"}
{"Time":"2026-09-22T08:09:47.726405239+09:00","Action":"output","Package":"github.com/hkjang/Vendra/internal/httpapi","Test":"TestDepartmentScopeRefusesAnotherDepartmentsRecords/POST_suppliers/3373dad1-79d8-40a1-ab4e-9cbc945243f3/screenings","Output":"--- PASS: TestDepartmentScopeRefusesAnotherDepartmentsRecords/POST_suppliers/3373dad1-79d8-40a1-ab4e-9cbc945243f3/screenings (0.00s)\n"}
{"Time":"2026-09-22T08:09:47.726905121+09:00","Action":"pass","Package":"github.com/hkjang/Vendra/internal/httpapi","Test":"TestDepartmentScopeRefusesAnotherDepartmentsRecords/POST_suppliers/3373dad1-79d8-40a1-ab4e-9cbc945243f3/screenings","Elapsed":0}
{"Time":"2026-09-22T08:09:47.727368494+09:00","Action":"run","Package":"github.com/hkjang/Vendra/internal/httpapi","Test":"TestDepartmentScopeRefusesAnotherDepartmentsRecords/PATCH_screenings/894b1e55-36e1-4275-9553-771d31a965c6"}
{"Time":"2026-09-22T08:09:47.727816399+09:00","Action":"output","Package":"github.com/hkjang/Vendra/internal/httpapi","Test":"TestDepartmentScopeRefusesAnotherDepartmentsRecords/PATCH_screenings/894b1e55-36e1-4275-9553-771d31a965c6","Output":"=== RUN   TestDepartmentScopeRefusesAnotherDepartmentsRecords/PATCH_screenings/894b1e55-36e1-4275-9553-771d31a965c6\n"}
{"Time":"2026-09-22T08:09:47.728269267+09:00","Action":"output","Package":"github.com/hkjang/Vendra/internal/httpapi","Test":"TestDepartmentScopeRefusesAnotherDepartmentsRecords/PATCH_screenings/894b1e55-36e1-4275-9553-771d31a965c6","Output":"2026/09/22 08:09:47 INFO request method=PATCH path=/api/v1/screenings/894b1e55-36e1-4275-9553-771d31a965c6 duration_ms=2 request_id=-LzWNW-yz2RH-2Hl\n"}
{"Time":"2026-09-22T08:09:47.728691212+09:00","Action":"output","Package":"github.com/hkjang/Vendra/internal/httpapi","Test":"TestDepartmentScopeRefusesAnotherDepartmentsRecords/PATCH_screenings/894b1e55-36e1-4275-9553-771d31a965c6","Output":"--- PASS: TestDepartmentScopeRefusesAnotherDepartmentsRecords/PATCH_screenings/894b1e55-36e1-4275-9553-771d31a965c6 (0.00s)\n"}
{"Time":"2026-09-22T08:09:47.72914312+09:00","Action":"pass","Package":"github.com/hkjang/Vendra/internal/httpapi","Test":"TestDepartmentScopeRefusesAnotherDepartmentsRecords/PATCH_screenings/894b1e55-36e1-4275-9553-771d31a965c6","Elapsed":0}
{"Time":"2026-09-22T08:09:47.729550536+09:00","Action":"run","Package":"github.com/hkjang/Vendra/internal/httpapi","Test":"TestDepartmentScopeRefusesAnotherDepartmentsRecords/GET_contracts/ec159304-3903-49c6-a7a4-052106eee1a3"}
{"Time":"2026-09-22T08:09:47.729992154+09:00","Action":"output","Package":"github.com/hkjang/Vendra/internal/httpapi","Test":"TestDepartmentScopeRefusesAnotherDepartmentsRecords/GET_contracts/ec159304-3903-49c6-a7a4-052106eee1a3","Output":"=== RUN   TestDepartmentScopeRefusesAnotherDepartmentsRecords/GET_contracts/ec159304-3903-49c6-a7a4-052106eee1a3\n"}
{"Time":"2026-09-22T08:09:47.730421172+09:00","Action":"output","Package":"github.com/hkjang/Vendra/internal/httpapi","Test":"TestDepartmentScopeRefusesAnotherDepartmentsRecords/GET_contracts/ec159304-3903-49c6-a7a4-052106eee1a3","Output":"2026/09/22 08:09:47 INFO request method=GET path=/api/v1/contracts/ec159304-3903-49c6-a7a4-052106eee1a3 duration_ms=2 request_id=62OlCYo3JN9AKcLI\n"}
{"Time":"2026-09-22T08:09:47.73088472+09:00","Action":"output","Package":"github.com/hkjang/Vendra/internal/httpapi","Test":"TestDepartmentScopeRefusesAnotherDepartmentsRecords/GET_contracts/ec159304-3903-49c6-a7a4-052106eee1a3","Output":"--- PASS: TestDepartmentScopeRefusesAnotherDepartmentsRecords/GET_contracts/ec159304-3903-49c6-a7a4-052106eee1a3 (0.00s)\n"}
{"Time":"2026-09-22T08:09:47.731344171+09:00","Action":"pass","Package":"github.com/hkjang/Vendra/internal/httpapi","Test":"TestDepartmentScopeRefusesAnotherDepartmentsRecords/GET_contracts/ec159304-3903-49c6-a7a4-052106eee1a3","Elapsed":0}
{"Time":"2026-09-22T08:09:47.731780796+09:00","Action":"run","Package":"github.com/hkjang/Vendra/internal/httpapi","Test":"TestDepartmentScopeRefusesAnotherDepartmentsRecords/PATCH_contracts/ec159304-3903-49c6-a7a4-052106eee1a3"}
{"Time":"2026-09-22T08:09:47.732204347+09:00","Action":"output","Package":"github.com/hkjang/Vendra/internal/httpapi","Test":"TestDepartmentScopeRefusesAnotherDepartmentsRecords/PATCH_contracts/ec159304-3903-49c6-a7a4-052106eee1a3","Output":"=== RUN   TestDepartmentScopeRefusesAnotherDepartmentsRecords/PATCH_contracts/ec159304-3903-49c6-a7a4-052106eee1a3\n"}
{"Time":"2026-09-22T08:09:47.732624656+09:00","Action":"output","Package":"github.com/hkjang/Vendra/internal/httpapi","Test":"TestDepartmentScopeRefusesAnotherDepartmentsRecords/PATCH_contracts/ec159304-3903-49c6-a7a4-052106eee1a3","Output":"2026/09/22 08:09:47 INFO request method=PATCH path=/api/v1/contracts/ec159304-3903-49c6-a7a4-052106eee1a3 duration_ms=1 request_id=-VwqMSpk4U0HVFvs\n"}
{"Time":"2026-09-22T08:09:47.733056664+09:00","Action":"output","Package":"github.com/hkjang/Vendra/internal/httpapi","Test":"TestDepartmentScopeRefusesAnotherDepartmentsRecords/PATCH_contracts/ec159304-3903-49c6-a7a4-052106eee1a3","Output":"--- PASS: TestDepartmentScopeRefusesAnotherDepartmentsRecords/PATCH_contracts/ec159304-3903-49c6-a7a4-052106eee1a3 (0.00s)\n"}
{"Time":"2026-09-22T08:09:47.733458916+09:00","Action":"pass","Package":"github.com/hkjang/Vendra/internal/httpapi","Test":"TestDepartmentScopeRefusesAnotherDepartmentsRecords/PATCH_contracts/ec159304-3903-49c6-a7a4-052106eee1a3","Elapsed":0}
{"Time":"2026-09-22T08:09:47.733858529+09:00","Action":"run","Package":"github.com/hkjang/Vendra/internal/httpapi","Test":"TestDepartmentScopeRefusesAnotherDepartmentsRecords/POST_contracts/ec159304-3903-49c6-a7a4-052106eee1a3/submit"}
{"Time":"2026-09-22T08:09:47.734247291+09:00","Action":"output","Package":"github.com/hkjang/Vendra/internal/httpapi","Test":"TestDepartmentScopeRefusesAnotherDepartmentsRecords/POST_contracts/ec159304-3903-49c6-a7a4-052106eee1a3/submit","Output":"=== RUN   TestDepartmentScopeRefusesAnotherDepartmentsRecords/POST_contracts/ec159304-3903-49c6-a7a4-052106eee1a3/submit\n"}
{"Time":"2026-09-22T08:09:47.734658142+09:00","Action":"output","Package":"github.com/hkjang/Vendra/internal/httpapi","Test":"TestDepartmentScopeRefusesAnotherDepartmentsRecords/POST_contracts/ec159304-3903-49c6-a7a4-052106eee1a3/submit","Output":"2026/09/22 08:09:47 INFO request method=POST path=/api/v1/contracts/ec159304-3903-49c6-a7a4-052106eee1a3/submit duration_ms=1 request_id=wKLtmqJvHlR_CFJU\n"}
{"Time":"2026-09-22T08:09:47.735178894+09:00","Action":"output","Package":"github.com/hkjang/Vendra/internal/httpapi","Test":"TestDepartmentScopeRefusesAnotherDepartmentsRecords/POST_contracts/ec159304-3903-49c6-a7a4-052106eee1a3/submit","Output":"--- PASS: TestDepartmentScopeRefusesAnotherDepartmentsRecords/POST_contracts/ec159304-3903-49c6-a7a4-052106eee1a3/submit (0.00s)\n"}
{"Time":"2026-09-22T08:09:47.735654566+09:00","Action":"pass","Package":"github.com/hkjang/Vendra/internal/httpapi","Test":"TestDepartmentScopeRefusesAnotherDepartmentsRecords/POST_contracts/ec159304-3903-49c6-a7a4-052106eee1a3/submit","Elapsed":0}
{"Time":"2026-09-22T08:09:47.736097298+09:00","Action":"run","Package":"github.com/hkjang/Vendra/internal/httpapi","Test":"TestDepartmentScopeRefusesAnotherDepartmentsRecords/GET_purchase-orders/f24311ca-1738-4a76-86a2-f7000fdf0933"}
{"Time":"2026-09-22T08:09:47.736517797+09:00","Action":"output","Package":"github.com/hkjang/Vendra/internal/httpapi","Test":"TestDepartmentScopeRefusesAnotherDepartmentsRecords/GET_purchase-orders/f24311ca-1738-4a76-86a2-f7000fdf0933","Output":"=== RUN   TestDepartmentScopeRefusesAnotherDepartmentsRecords/GET_purchase-orders/f24311ca-1738-4a76-86a2-f7000fdf0933\n"}
{"Time":"2026-09-22T08:09:47.736912914+09:00","Action":"output","Package":"github.com/hkjang/Vendra/internal/httpapi","Test":"TestDepartmentScopeRefusesAnotherDepartmentsRecords/GET_purchase-orders/f24311ca-1738-4a76-86a2-f7000fdf0933","Output":"2026/09/22 08:09:47 INFO request method=GET path=/api/v1/purchase-orders/f24311ca-1738-4a76-86a2-f7000fdf0933 duration_ms=1 request_id=0xj-A2-hPYpAtl3e\n"}
{"Time":"2026-09-22T08:09:47.737425217+09:00","Action":"output","Package":"github.com/hkjang/Vendra/internal/httpapi","Test":"TestDepartmentScopeRefusesAnotherDepartmentsRecords/GET_purchase-orders/f24311ca-1738-4a76-86a2-f7000fdf0933","Output":"--- PASS: TestDepartmentScopeRefusesAnotherDepartmentsRecords/GET_purchase-orders/f24311ca-1738-4a76-86a2-f7000fdf0933 (0.00s)\n"}
{"Time":"2026-09-22T08:09:47.737908633+09:00","Action":"pass","Package":"github.com/hkjang/Vendra/internal/httpapi","Test":"TestDepartmentScopeRefusesAnotherDepartmentsRecords/GET_purchase-orders/f24311ca-1738-4a76-86a2-f7000fdf0933","Elapsed":0}
{"Time":"2026-09-22T08:09:47.738326593+09:00","Action":"run","Package":"github.com/hkjang/Vendra/internal/httpapi","Test":"TestDepartmentScopeRefusesAnotherDepartmentsRecords/PATCH_purchase-orders/f24311ca-1738-4a76-86a2-f7000fdf0933"}
{"Time":"2026-09-22T08:09:47.738765121+09:00","Action":"output","Package":"github.com/hkjang/Vendra/internal/httpapi","Test":"TestDepartmentScopeRefusesAnotherDepartmentsRecords/PATCH_purchase-orders/f24311ca-1738-4a76-86a2-f7000fdf0933","Output":"=== RUN   TestDepartmentScopeRefusesAnotherDepartmentsRecords/PATCH_purchase-orders/f24311ca-1738-4a76-86a2-f7000fdf0933\n"}
{"Time":"2026-09-22T08:09:47.739217903+09:00","Action":"output","Package":"github.com/hkjang/Vendra/internal/httpapi","Test":"TestDepartmentScopeRefusesAnotherDepartmentsRecords/PATCH_purchase-orders/f24311ca-1738-4a76-86a2-f7000fdf0933","Output":"2026/09/22 08:09:47 INFO request method=PATCH path=/api/v1/purchase-orders/f24311ca-1738-4a76-86a2-f7000fdf0933 duration_ms=1 request_id=f89n58-6_SzpyVLk\n"}
{"Time":"2026-09-22T08:09:47.739653452+09:00","Action":"output","Package":"github.com/hkjang/Vendra/internal/httpapi","Test":"TestDepartmentScopeRefusesAnotherDepartmentsRecords/PATCH_purchase-orders/f24311ca-1738-4a76-86a2-f7000fdf0933","Output":"--- PASS: TestDepartmentScopeRefusesAnotherDepartmentsRecords/PATCH_purchase-orders/f24311ca-1738-4a76-86a2-f7000fdf0933 (0.00s)\n"}
{"Time":"2026-09-22T08:09:47.740079103+09:00","Action":"pass","Package":"github.com/hkjang/Vendra/internal/httpapi","Test":"TestDepartmentScopeRefusesAnotherDepartmentsRecords/PATCH_purchase-orders/f24311ca-1738-4a76-86a2-f7000fdf0933","Elapsed":0}
{"Time":"2026-09-22T08:09:47.740496533+09:00","Action":"run","Package":"github.com/hkjang/Vendra/internal/httpapi","Test":"TestDepartmentScopeRefusesAnotherDepartmentsRecords/GET_documents/d56e90cd-5962-4c1e-8209-084ae2c973e3/download"}
{"Time":"2026-09-22T08:09:47.740926728+09:00","Action":"output","Package":"github.com/hkjang/Vendra/internal/httpapi","Test":"TestDepartmentScopeRefusesAnotherDepartmentsRecords/GET_documents/d56e90cd-5962-4c1e-8209-084ae2c973e3/download","Output":"=== RUN   TestDepartmentScopeRefusesAnotherDepartmentsRecords/GET_documents/d56e90cd-5962-4c1e-8209-084ae2c973e3/download\n"}
{"Time":"2026-09-22T08:09:47.741392953+09:00","Action":"output","Package":"github.com/hkjang/Vendra/internal/httpapi","Test":"TestDepartmentScopeRefusesAnotherDepartmentsRecords/GET_documents/d56e90cd-5962-4c1e-8209-084ae2c973e3/download","Output":"2026/09/22 08:09:47 INFO request method=GET path=/api/v1/documents/d56e90cd-5962-4c1e-8209-084ae2c973e3/download duration_ms=2 request_id=wU931EXO8ba6VPID\n"}
{"Time":"2026-09-22T08:09:47.741835159+09:00","Action":"output","Package":"github.com/hkjang/Vendra/internal/httpapi","Test":"TestDepartmentScopeRefusesAnotherDepartmentsRecords/GET_documents/d56e90cd-5962-4c1e-8209-084ae2c973e3/download","Output":"--- PASS: TestDepartmentScopeRefusesAnotherDepartmentsRecords/GET_documents/d56e90cd-5962-4c1e-8209-084ae2c973e3/download (0.00s)\n"}
{"Time":"2026-09-22T08:09:47.742260987+09:00","Action":"pass","Package":"github.com/hkjang/Vendra/internal/httpapi","Test":"TestDepartmentScopeRefusesAnotherDepartmentsRecords/GET_documents/d56e90cd-5962-4c1e-8209-084ae2c973e3/download","Elapsed":0}
{"Time":"2026-09-22T08:09:47.742679004+09:00","Action":"run","Package":"github.com/hkjang/Vendra/internal/httpapi","Test":"TestDepartmentScopeRefusesAnotherDepartmentsRecords/GET_documents/d56e90cd-5962-4c1e-8209-084ae2c973e3/preview"}
{"Time":"2026-09-22T08:09:47.743130058+09:00","Action":"output","Package":"github.com/hkjang/Vendra/internal/httpapi","Test":"TestDepartmentScopeRefusesAnotherDepartmentsRecords/GET_documents/d56e90cd-5962-4c1e-8209-084ae2c973e3/preview","Output":"=== RUN   TestDepartmentScopeRefusesAnotherDepartmentsRecords/GET_documents/d56e90cd-5962-4c1e-8209-084ae2c973e3/preview\n"}
{"Time":"2026-09-22T08:09:47.743555233+09:00","Action":"output","Package":"github.com/hkjang/Vendra/internal/httpapi","Test":"TestDepartmentScopeRefusesAnotherDepartmentsRecords/GET_documents/d56e90cd-5962-4c1e-8209-084ae2c973e3/preview","Output":"2026/09/22 08:09:47 INFO request method=GET path=/api/v1/documents/d56e90cd-5962-4c1e-8209-084ae2c973e3/preview duration_ms=1 request_id=-6xA9XTkL3Fkb949\n"}
{"Time":"2026-09-22T08:09:47.744016614+09:00","Action":"output","Package":"github.com/hkjang/Vendra/internal/httpapi","Test":"TestDepartmentScopeRefusesAnotherDepartmentsRecords/GET_documents/d56e90cd-5962-4c1e-8209-084ae2c973e3/preview","Output":"--- PASS: TestDepartmentScopeRefusesAnotherDepartmentsRecords/GET_documents/d56e90cd-5962-4c1e-8209-084ae2c973e3/preview (0.00s)\n"}
{"Time":"2026-09-22T08:09:47.744472019+09:00","Action":"pass","Package":"github.com/hkjang/Vendra/internal/httpapi","Test":"TestDepartmentScopeRefusesAnotherDepartmentsRecords/GET_documents/d56e90cd-5962-4c1e-8209-084ae2c973e3/preview","Elapsed":0}
{"Time":"2026-09-22T08:09:47.744896065+09:00","Action":"run","Package":"github.com/hkjang/Vendra/internal/httpapi","Test":"TestDepartmentScopeRefusesAnotherDepartmentsRecords/GET_documents/d56e90cd-5962-4c1e-8209-084ae2c973e3/signatures"}
{"Time":"2026-09-22T08:09:47.745314899+09:00","Action":"output","Package":"github.com/hkjang/Vendra/internal/httpapi","Test":"TestDepartmentScopeRefusesAnotherDepartmentsRecords/GET_documents/d56e90cd-5962-4c1e-8209-084ae2c973e3/signatures","Output":"=== RUN   TestDepartmentScopeRefusesAnotherDepartmentsRecords/GET_documents/d56e90cd-5962-4c1e-8209-084ae2c973e3/signatures\n"}
{"Time":"2026-09-22T08:09:47.745740238+09:00","Action":"output","Package":"github.com/hkjang/Vendra/internal/httpapi","Test":"TestDepartmentScopeRefusesAnotherDepartmentsRecords/GET_documents/d56e90cd-5962-4c1e-8209-084ae2c973e3/signatures","Output":"2026/09/22 08:09:47 INFO request method=GET path=/api/v1/documents/d56e90cd-5962-4c1e-8209-084ae2c973e3/signatures duration_ms=1 request_id=VG0J-8Rb84_7wIeG\n"}
{"Time":"2026-09-22T08:09:47.74617075+09:00","Action":"output","Package":"github.com/hkjang/Vendra/internal/httpapi","Test":"TestDepartmentScopeRefusesAnotherDepartmentsRecords/GET_documents/d56e90cd-5962-4c1e-8209-084ae2c973e3/signatures","Output":"--- PASS: TestDepartmentScopeRefusesAnotherDepartmentsRecords/GET_documents/d56e90cd-5962-4c1e-8209-084ae2c973e3/signatures (0.00s)\n"}
{"Time":"2026-09-22T08:09:47.74659038+09:00","Action":"pass","Package":"github.com/hkjang/Vendra/internal/httpapi","Test":"TestDepartmentScopeRefusesAnotherDepartmentsRecords/GET_documents/d56e90cd-5962-4c1e-8209-084ae2c973e3/signatures","Elapsed":0}
{"Time":"2026-09-22T08:09:47.747030541+09:00","Action":"run","Package":"github.com/hkjang/Vendra/internal/httpapi","Test":"TestDepartmentScopeRefusesAnotherDepartmentsRecords/POST_documents/d56e90cd-5962-4c1e-8209-084ae2c973e3/signatures"}
{"Time":"2026-09-22T08:09:47.747407105+09:00","Action":"output","Package":"github.com/hkjang/Vendra/internal/httpapi","Test":"TestDepartmentScopeRefusesAnotherDepartmentsRecords/POST_documents/d56e90cd-5962-4c1e-8209-084ae2c973e3/signatures","Output":"=== RUN   TestDepartmentScopeRefusesAnotherDepartmentsRecords/POST_documents/d56e90cd-5962-4c1e-8209-084ae2c973e3/signatures\n"}
{"Time":"2026-09-22T08:09:47.747826512+09:00","Action":"output","Package":"github.com/hkjang/Vendra/internal/httpapi","Test":"TestDepartmentScopeRefusesAnotherDepartmentsRecords/POST_documents/d56e90cd-5962-4c1e-8209-084ae2c973e3/signatures","Output":"2026/09/22 08:09:47 INFO request method=POST path=/api/v1/documents/d56e90cd-5962-4c1e-8209-084ae2c973e3/signatures duration_ms=2 request_id=tW07R24Ai_esScgT\n"}
{"Time":"2026-09-22T08:09:47.748253456+09:00","Action":"output","Package":"github.com/hkjang/Vendra/internal/httpapi","Test":"TestDepartmentScopeRefusesAnotherDepartmentsRecords/POST_documents/d56e90cd-5962-4c1e-8209-084ae2c973e3/signatures","Output":"--- PASS: TestDepartmentScopeRefusesAnotherDepartmentsRecords/POST_documents/d56e90cd-5962-4c1e-8209-084ae2c973e3/signatures (0.00s)\n"}
{"Time":"2026-09-22T08:09:47.74869983+09:00","Action":"pass","Package":"github.com/hkjang/Vendra/internal/httpapi","Test":"TestDepartmentScopeRefusesAnotherDepartmentsRecords/POST_documents/d56e90cd-5962-4c1e-8209-084ae2c973e3/signatures","Elapsed":0}
{"Time":"2026-09-22T08:09:47.749126733+09:00","Action":"run","Package":"github.com/hkjang/Vendra/internal/httpapi","Test":"TestDepartmentScopeRefusesAnotherDepartmentsRecords/GET_sourcing/8993791f-1e61-4180-9b71-ef9e71ebb89b/participants"}
{"Time":"2026-09-22T08:09:47.749554393+09:00","Action":"output","Package":"github.com/hkjang/Vendra/internal/httpapi","Test":"TestDepartmentScopeRefusesAnotherDepartmentsRecords/GET_sourcing/8993791f-1e61-4180-9b71-ef9e71ebb89b/participants","Output":"=== RUN   TestDepartmentScopeRefusesAnotherDepartmentsRecords/GET_sourcing/8993791f-1e61-4180-9b71-ef9e71ebb89b/participants\n"}
{"Time":"2026-09-22T08:09:47.750022103+09:00","Action":"output","Package":"github.com/hkjang/Vendra/internal/httpapi","Test":"TestDepartmentScopeRefusesAnotherDepartmentsRecords/GET_sourcing/8993791f-1e61-4180-9b71-ef9e71ebb89b/participants","Output":"2026/09/22 08:09:47 INFO request method=GET path=/api/v1/sourcing/8993791f-1e61-4180-9b71-ef9e71ebb89b/participants duration_ms=2 request_id=WVoxb4T3fFb2Hgs1\n"}
{"Time":"2026-09-22T08:09:47.750478072+09:00","Action":"output","Package":"github.com/hkjang/Vendra/internal/httpapi","Test":"TestDepartmentScopeRefusesAnotherDepartmentsRecords/GET_sourcing/8993791f-1e61-4180-9b71-ef9e71ebb89b/participants","Output":"--- PASS: TestDepartmentScopeRefusesAnotherDepartmentsRecords/GET_sourcing/8993791f-1e61-4180-9b71-ef9e71ebb89b/participants (0.00s)\n"}
{"Time":"2026-09-22T08:09:47.750943268+09:00","Action":"pass","Package":"github.com/hkjang/Vendra/internal/httpapi","Test":"TestDepartmentScopeRefusesAnotherDepartmentsRecords/GET_sourcing/8993791f-1e61-4180-9b71-ef9e71ebb89b/participants","Elapsed":0}
{"Time":"2026-09-22T08:09:47.751365925+09:00","Action":"run","Package":"github.com/hkjang/Vendra/internal/httpapi","Test":"TestDepartmentScopeRefusesAnotherDepartmentsRecords/POST_sourcing/8993791f-1e61-4180-9b71-ef9e71ebb89b/participants"}
{"Time":"2026-09-22T08:09:47.751815087+09:00","Action":"output","Package":"github.com/hkjang/Vendra/internal/httpapi","Test":"TestDepartmentScopeRefusesAnotherDepartmentsRecords/POST_sourcing/8993791f-1e61-4180-9b71-ef9e71ebb89b/participants","Output":"=== RUN   TestDepartmentScopeRefusesAnotherDepartmentsRecords/POST_sourcing/8993791f-1e61-4180-9b71-ef9e71ebb89b/participants\n"}
{"Time":"2026-09-22T08:09:47.752233783+09:00","Action":"output","Package":"github.com/hkjang/Vendra/internal/httpapi","Test":"TestDepartmentScopeRefusesAnotherDepartmentsRecords/POST_sourcing/8993791f-1e61-4180-9b71-ef9e71ebb89b/participants","Output":"2026/09/22 08:09:47 INFO request method=POST path=/api/v1/sourcing/8993791f-1e61-4180-9b71-ef9e71ebb89b/participants duration_ms=1 request_id=jFBm9_VEwNtfg67L\n"}
{"Time":"2026-09-22T08:09:47.752674257+09:00","Action":"output","Package":"github.com/hkjang/Vendra/internal/httpapi","Test":"TestDepartmentScopeRefusesAnotherDepartmentsRecords/POST_sourcing/8993791f-1e61-4180-9b71-ef9e71ebb89b/participants","Output":"--- PASS: TestDepartmentScopeRefusesAnotherDepartmentsRecords/POST_sourcing/8993791f-1e61-4180-9b71-ef9e71ebb89b/participants (0.00s)\n"}
{"Time":"2026-09-22T08:09:47.753142745+09:00","Action":"pass","Package":"github.com/hkjang/Vendra/internal/httpapi","Test":"TestDepartmentScopeRefusesAnotherDepartmentsRecords/POST_sourcing/8993791f-1e61-4180-9b71-ef9e71ebb89b/participants","Elapsed":0}
{"Time":"2026-09-22T08:09:47.753536082+09:00","Action":"run","Package":"github.com/hkjang/Vendra/internal/httpapi","Test":"TestDepartmentScopeRefusesAnotherDepartmentsRecords/GET_sourcing/8993791f-1e61-4180-9b71-ef9e71ebb89b/comparison"}
{"Time":"2026-09-22T08:09:47.753955786+09:00","Action":"output","Package":"github.com/hkjang/Vendra/internal/httpapi","Test":"TestDepartmentScopeRefusesAnotherDepartmentsRecords/GET_sourcing/8993791f-1e61-4180-9b71-ef9e71ebb89b/comparison","Output":"=== RUN   TestDepartmentScopeRefusesAnotherDepartmentsRecords/GET_sourcing/8993791f-1e61-4180-9b71-ef9e71ebb89b/comparison\n"}
{"Time":"2026-09-22T08:09:47.754359592+09:00","Action":"output","Package":"github.com/hkjang/Vendra/internal/httpapi","Test":"TestDepartmentScopeRefusesAnotherDepartmentsRecords/GET_sourcing/8993791f-1e61-4180-9b71-ef9e71ebb89b/comparison","Output":"2026/09/22 08:09:47 INFO request method=GET path=/api/v1/sourcing/8993791f-1e61-4180-9b71-ef9e71ebb89b/comparison duration_ms=1 request_id=g1SpsoBnhqS7CPTd\n"}
{"Time":"2026-09-22T08:09:47.754828775+09:00","Action":"output","Package":"github.com/hkjang/Vendra/internal/httpapi","Test":"TestDepartmentScopeRefusesAnotherDepartmentsRecords/GET_sourcing/8993791f-1e61-4180-9b71-ef9e71ebb89b/comparison","Output":"--- PASS: TestDepartmentScopeRefusesAnotherDepartmentsRecords/GET_sourcing/8993791f-1e61-4180-9b71-ef9e71ebb89b/comparison (0.00s)\n"}
{"Time":"2026-09-22T08:09:47.755276086+09:00","Action":"pass","Package":"github.com/hkjang/Vendra/internal/httpapi","Test":"TestDepartmentScopeRefusesAnotherDepartmentsRecords/GET_sourcing/8993791f-1e61-4180-9b71-ef9e71ebb89b/comparison","Elapsed":0}
{"Time":"2026-09-22T08:09:47.755655884+09:00","Action":"run","Package":"github.com/hkjang/Vendra/internal/httpapi","Test":"TestDepartmentScopeRefusesAnotherDepartmentsRecords/GET_sourcing/8993791f-1e61-4180-9b71-ef9e71ebb89b/questions"}
{"Time":"2026-09-22T08:09:47.756081477+09:00","Action":"output","Package":"github.com/hkjang/Vendra/internal/httpapi","Test":"TestDepartmentScopeRefusesAnotherDepartmentsRecords/GET_sourcing/8993791f-1e61-4180-9b71-ef9e71ebb89b/questions","Output":"=== RUN   TestDepartmentScopeRefusesAnotherDepartmentsRecords/GET_sourcing/8993791f-1e61-4180-9b71-ef9e71ebb89b/questions\n"}
{"Time":"2026-09-22T08:09:47.756482055+09:00","Action":"output","Package":"github.com/hkjang/Vendra/internal/httpapi","Test":"TestDepartmentScopeRefusesAnotherDepartmentsRecords/GET_sourcing/8993791f-1e61-4180-9b71-ef9e71ebb89b/questions","Output":"2026/09/22 08:09:47 INFO request method=GET path=/api/v1/sourcing/8993791f-1e61-4180-9b71-ef9e71ebb89b/questions duration_ms=1 request_id=PlROuv6dHJuKc-I7\n"}
{"Time":"2026-09-22T08:09:47.756870954+09:00","Action":"output","Package":"github.com/hkjang/Vendra/internal/httpapi","Test":"TestDepartmentScopeRefusesAnotherDepartmentsRecords/GET_sourcing/8993791f-1e61-4180-9b71-ef9e71ebb89b/questions","Output":"--- PASS: TestDepartmentScopeRefusesAnotherDepartmentsRecords/GET_sourcing/8993791f-1e61-4180-9b71-ef9e71ebb89b/questions (0.00s)\n"}
{"Time":"2026-09-22T08:09:47.75728233+09:00","Action":"pass","Package":"github.com/hkjang/Vendra/internal/httpapi","Test":"TestDepartmentScopeRefusesAnotherDepartmentsRecords/GET_sourcing/8993791f-1e61-4180-9b71-ef9e71ebb89b/questions","Elapsed":0}
{"Time":"2026-09-22T08:09:47.757700163+09:00","Action":"run","Package":"github.com/hkjang/Vendra/internal/httpapi","Test":"TestDepartmentScopeRefusesAnotherDepartmentsRecords/POST_sourcing/8993791f-1e61-4180-9b71-ef9e71ebb89b/questions"}
{"Time":"2026-09-22T08:09:47.758116335+09:00","Action":"output","Package":"github.com/hkjang/Vendra/internal/httpapi","Test":"TestDepartmentScopeRefusesAnotherDepartmentsRecords/POST_sourcing/8993791f-1e61-4180-9b71-ef9e71ebb89b/questions","Output":"=== RUN   TestDepartmentScopeRefusesAnotherDepartmentsRecords/POST_sourcing/8993791f-1e61-4180-9b71-ef9e71ebb89b/questions\n"}
{"Time":"2026-09-22T08:09:47.758477436+09:00","Action":"output","Package":"github.com/hkjang/Vendra/internal/httpapi","Test":"TestDepartmentScopeRefusesAnotherDepartmentsRecords/POST_sourcing/8993791f-1e61-4180-9b71-ef9e71ebb89b/questions","Output":"2026/09/22 08:09:47 INFO request method=POST path=/api/v1/sourcing/8993791f-1e61-4180-9b71-ef9e71ebb89b/questions duration_ms=1 request_id=-LGlxk5RkxAhgsEg\n"}
{"Time":"2026-09-22T08:09:47.758923259+09:00","Action":"output","Package":"github.com/hkjang/Vendra/internal/httpapi","Test":"TestDepartmentScopeRefusesAnotherDepartmentsRecords/POST_sourcing/8993791f-1e61-4180-9b71-ef9e71ebb89b/questions","Output":"--- PASS: TestDepartmentScopeRefusesAnotherDepartmentsRecords/POST_sourcing/8993791f-1e61-4180-9b71-ef9e71ebb89b/questions (0.00s)\n"}
{"Time":"2026-09-22T08:09:47.759370083+09:00","Action":"pass","Package":"github.com/hkjang/Vendra/internal/httpapi","Test":"TestDepartmentScopeRefusesAnotherDepartmentsRecords/POST_sourcing/8993791f-1e61-4180-9b71-ef9e71ebb89b/questions","Elapsed":0}
{"Time":"2026-09-22T08:09:47.759777742+09:00","Action":"run","Package":"github.com/hkjang/Vendra/internal/httpapi","Test":"TestDepartmentScopeRefusesAnotherDepartmentsRecords/GET_sourcing/8993791f-1e61-4180-9b71-ef9e71ebb89b/committee"}
{"Time":"2026-09-22T08:09:47.760230339+09:00","Action":"output","Package":"github.com/hkjang/Vendra/internal/httpapi","Test":"TestDepartmentScopeRefusesAnotherDepartmentsRecords/GET_sourcing/8993791f-1e61-4180-9b71-ef9e71ebb89b/committee","Output":"=== RUN   TestDepartmentScopeRefusesAnotherDepartmentsRecords/GET_sourcing/8993791f-1e61-4180-9b71-ef9e71ebb89b/committee\n"}
{"Time":"2026-09-22T08:09:47.760702958+09:00","Action":"output","Package":"github.com/hkjang/Vendra/internal/httpapi","Test":"TestDepartmentScopeRefusesAnotherDepartmentsRecords/GET_sourcing/8993791f-1e61-4180-9b71-ef9e71ebb89b/committee","Output":"2026/09/22 08:09:47 INFO request method=GET path=/api/v1/sourcing/8993791f-1e61-4180-9b71-ef9e71ebb89b/committee duration_ms=1 request_id=qhBAu861zpK399e7\n"}
{"Time":"2026-09-22T08:09:47.76114032+09:00","Action":"output","Package":"github.com/hkjang/Vendra/internal/httpapi","Test":"TestDepartmentScopeRefusesAnotherDepartmentsRecords/GET_sourcing/8993791f-1e61-4180-9b71-ef9e71ebb89b/committee","Output":"--- PASS: TestDepartmentScopeRefusesAnotherDepartmentsRecords/GET_sourcing/8993791f-1e61-4180-9b71-ef9e71ebb89b/committee (0.00s)\n"}
{"Time":"2026-09-22T08:09:47.761565769+09:00","Action":"pass","Package":"github.com/hkjang/Vendra/internal/httpapi","Test":"TestDepartmentScopeRefusesAnotherDepartmentsRecords/GET_sourcing/8993791f-1e61-4180-9b71-ef9e71ebb89b/committee","Elapsed":0}
{"Time":"2026-09-22T08:09:47.762001716+09:00","Action":"run","Package":"github.com/hkjang/Vendra/internal/httpapi","Test":"TestDepartmentScopeRefusesAnotherDepartmentsRecords/POST_sourcing/8993791f-1e61-4180-9b71-ef9e71ebb89b/committee"}
{"Time":"2026-09-22T08:09:47.762458514+09:00","Action":"output","Package":"github.com/hkjang/Vendra/internal/httpapi","Test":"TestDepartmentScopeRefusesAnotherDepartmentsRecords/POST_sourcing/8993791f-1e61-4180-9b71-ef9e71ebb89b/committee","Output":"=== RUN   TestDepartmentScopeRefusesAnotherDepartmentsRecords/POST_sourcing/8993791f-1e61-4180-9b71-ef9e71ebb89b/committee\n"}
{"Time":"2026-09-22T08:09:47.762951718+09:00","Action":"output","Package":"github.com/hkjang/Vendra/internal/httpapi","Test":"TestDepartmentScopeRefusesAnotherDepartmentsRecords/POST_sourcing/8993791f-1e61-4180-9b71-ef9e71ebb89b/committee","Output":"2026/09/22 08:09:47 INFO request method=POST path=/api/v1/sourcing/8993791f-1e61-4180-9b71-ef9e71ebb89b/committee duration_ms=1 request_id=e31KNoi5Cfr9GhEM\n"}
{"Time":"2026-09-22T08:09:47.763375669+09:00","Action":"output","Package":"github.com/hkjang/Vendra/internal/httpapi","Test":"TestDepartmentScopeRefusesAnotherDepartmentsRecords/POST_sourcing/8993791f-1e61-4180-9b71-ef9e71ebb89b/committee","Output":"--- PASS: TestDepartmentScopeRefusesAnotherDepartmentsRecords/POST_sourcing/8993791f-1e61-4180-9b71-ef9e71ebb89b/committee (0.00s)\n"}
{"Time":"2026-09-22T08:09:47.76380969+09:00","Action":"pass","Package":"github.com/hkjang/Vendra/internal/httpapi","Test":"TestDepartmentScopeRefusesAnotherDepartmentsRecords/POST_sourcing/8993791f-1e61-4180-9b71-ef9e71ebb89b/committee","Elapsed":0}
{"Time":"2026-09-22T08:09:47.764207676+09:00","Action":"run","Package":"github.com/hkjang/Vendra/internal/httpapi","Test":"TestDepartmentScopeRefusesAnotherDepartmentsRecords/POST_ai/contracts/ec159304-3903-49c6-a7a4-052106eee1a3/analyze"}
{"Time":"2026-09-22T08:09:47.76459745+09:00","Action":"output","Package":"github.com/hkjang/Vendra/internal/httpapi","Test":"TestDepartmentScopeRefusesAnotherDepartmentsRecords/POST_ai/contracts/ec159304-3903-49c6-a7a4-052106eee1a3/analyze","Output":"=== RUN   TestDepartmentScopeRefusesAnotherDepartmentsRecords/POST_ai/contracts/ec159304-3903-49c6-a7a4-052106eee1a3/analyze\n"}
{"Time":"2026-09-22T08:09:47.764994746+09:00","Action":"output","Package":"github.com/hkjang/Vendra/internal/httpapi","Test":"TestDepartmentScopeRefusesAnotherDepartmentsRecords/POST_ai/contracts/ec159304-3903-49c6-a7a4-052106eee1a3/analyze","Output":"2026/09/22 08:09:47 INFO request method=POST path=/api/v1/ai/contracts/ec159304-3903-49c6-a7a4-052106eee1a3/analyze duration_ms=2 request_id=fEzVJv2dga3SGrGS\n"}
{"Time":"2026-09-22T08:09:47.765394815+09:00","Action":"output","Package":"github.com/hkjang/Vendra/internal/httpapi","Test":"TestDepartmentScopeRefusesAnotherDepartmentsRecords/POST_ai/contracts/ec159304-3903-49c6-a7a4-052106eee1a3/analyze","Output":"--- PASS: TestDepartmentScopeRefusesAnotherDepartmentsRecords/POST_ai/contracts/ec159304-3903-49c6-a7a4-052106eee1a3/analyze (0.00s)\n"}
{"Time":"2026-09-22T08:09:47.765774315+09:00","Action":"pass","Package":"github.com/hkjang/Vendra/internal/httpapi","Test":"TestDepartmentScopeRefusesAnotherDepartmentsRecords/POST_ai/contracts/ec159304-3903-49c6-a7a4-052106eee1a3/analyze","Elapsed":0}
{"Time":"2026-09-22T08:09:47.766160172+09:00","Action":"output","Package":"github.com/hkjang/Vendra/internal/httpapi","Test":"TestDepartmentScopeRefusesAnotherDepartmentsRecords","Output":"--- PASS: TestDepartmentScopeRefusesAnotherDepartmentsRecords (0.23s)\n"}
{"Time":"2026-09-22T08:09:47.766536837+09:00","Action":"pass","Package":"github.com/hkjang/Vendra/internal/httpapi","Test":"TestDepartmentScopeRefusesAnotherDepartmentsRecords","Elapsed":0.23}
{"Time":"2026-09-22T08:09:47.766962526+09:00","Action":"run","Package":"github.com/hkjang/Vendra/internal/httpapi","Test":"TestListsCarryOwnDepartmentOnly"}
{"Time":"2026-09-22T08:09:47.767366963+09:00","Action":"output","Package":"github.com/hkjang/Vendra/internal/httpapi","Test":"TestListsCarryOwnDepartmentOnly","Output":"=== RUN   TestListsCarryOwnDepartmentOnly\n"}
{"Time":"2026-09-22T08:09:47.927480121+09:00","Action":"output","Package":"github.com/hkjang/Vendra/internal/httpapi","Test":"TestListsCarryOwnDepartmentOnly","Output":"2026/09/22 08:09:47 INFO request method=POST path=/api/auth/login duration_ms=11 request_id=XSuK1DAB_5g0CfHR\n"}
{"Time":"2026-09-22T08:09:47.934113741+09:00","Action":"output","Package":"github.com/hkjang/Vendra/internal/httpapi","Test":"TestListsCarryOwnDepartmentOnly","Output":"2026/09/22 08:09:47 INFO request method=POST path=/api/auth/login duration_ms=6 request_id=oF-e_HrSS_sQDNIo\n"}
{"Time":"2026-09-22T08:09:47.934641373+09:00","Action":"run","Package":"github.com/hkjang/Vendra/internal/httpapi","Test":"TestListsCarryOwnDepartmentOnly/suppliers"}
{"Time":"2026-09-22T08:09:47.935115423+09:00","Action":"output","Package":"github.com/hkjang/Vendra/internal/httpapi","Test":"TestListsCarryOwnDepartmentOnly/suppliers","Output":"=== RUN   TestListsCarryOwnDepartmentOnly/suppliers\n"}
{"Time":"2026-09-22T08:09:47.940076557+09:00","Action":"output","Package":"github.com/hkjang/Vendra/internal/httpapi","Test":"TestListsCarryOwnDepartmentOnly/suppliers","Output":"2026/09/22 08:09:47 INFO request method=GET path=/api/v1/suppliers duration_ms=5 request_id=l5SeQpZNBISFUKT8\n"}
{"Time":"2026-09-22T08:09:47.940500263+09:00","Action":"output","Package":"github.com/hkjang/Vendra/internal/httpapi","Test":"TestListsCarryOwnDepartmentOnly/suppliers","Output":"--- PASS: TestListsCarryOwnDepartmentOnly/suppliers (0.01s)\n"}
{"Time":"2026-09-22T08:09:47.940885728+09:00","Action":"pass","Package":"github.com/hkjang/Vendra/internal/httpapi","Test":"TestListsCarryOwnDepartmentOnly/suppliers","Elapsed":0.01}
{"Time":"2026-09-22T08:09:47.941303878+09:00","Action":"run","Package":"github.com/hkjang/Vendra/internal/httpapi","Test":"TestListsCarryOwnDepartmentOnly/contracts"}
{"Time":"2026-09-22T08:09:47.941713563+09:00","Action":"output","Package":"github.com/hkjang/Vendra/internal/httpapi","Test":"TestListsCarryOwnDepartmentOnly/contracts","Output":"=== RUN   TestListsCarryOwnDepartmentOnly/contracts\n"}
{"Time":"2026-09-22T08:09:47.943002159+09:00","Action":"output","Package":"github.com/hkjang/Vendra/internal/httpapi","Test":"TestListsCarryOwnDepartmentOnly/contracts","Output":"2026/09/22 08:09:47 INFO request method=GET path=/api/v1/contracts duration_ms=2 request_id=DCYSRe_9VhlVIWTf\n"}
{"Time":"2026-09-22T08:09:47.943400892+09:00","Action":"output","Package":"github.com/hkjang/Vendra/internal/httpapi","Test":"TestListsCarryOwnDepartmentOnly/contracts","Output":"--- PASS: TestListsCarryOwnDepartmentOnly/contracts (0.00s)\n"}
{"Time":"2026-09-22T08:09:47.943798617+09:00","Action":"pass","Package":"github.com/hkjang/Vendra/internal/httpapi","Test":"TestListsCarryOwnDepartmentOnly/contracts","Elapsed":0}
{"Time":"2026-09-22T08:09:47.944227407+09:00","Action":"run","Package":"github.com/hkjang/Vendra/internal/httpapi","Test":"TestListsCarryOwnDepartmentOnly/purchase-orders"}
{"Time":"2026-09-22T08:09:47.944638518+09:00","Action":"output","Package":"github.com/hkjang/Vendra/internal/httpapi","Test":"TestListsCarryOwnDepartmentOnly/purchase-orders","Output":"=== RUN   TestListsCarryOwnDepartmentOnly/purchase-orders\n"}
{"Time":"2026-09-22T08:09:47.945279344+09:00","Action":"output","Package":"github.com/hkjang/Vendra/internal/httpapi","Test":"TestListsCarryOwnDepartmentOnly/purchase-orders","Output":"2026/09/22 08:09:47 INFO request method=GET path=/api/v1/purchase-orders duration_ms=2 request_id=JmqhBRUI4k-96uv_\n"}
{"Time":"2026-09-22T08:09:47.945645523+09:00","Action":"output","Package":"github.com/hkjang/Vendra/internal/httpapi","Test":"TestListsCarryOwnDepartmentOnly/purchase-orders","Output":"--- PASS: TestListsCarryOwnDepartmentOnly/purchase-orders (0.00s)\n"}
{"Time":"2026-09-22T08:09:47.945999515+09:00","Action":"pass","Package":"github.com/hkjang/Vendra/internal/httpapi","Test":"TestListsCarryOwnDepartmentOnly/purchase-orders","Elapsed":0}
{"Time":"2026-09-22T08:09:47.946381126+09:00","Action":"run","Package":"github.com/hkjang/Vendra/internal/httpapi","Test":"TestListsCarryOwnDepartmentOnly/rfq"}
{"Time":"2026-09-22T08:09:47.946762254+09:00","Action":"output","Package":"github.com/hkjang/Vendra/internal/httpapi","Test":"TestListsCarryOwnDepartmentOnly/rfq","Output":"=== RUN   TestListsCarryOwnDepartmentOnly/rfq\n"}
{"Time":"2026-09-22T08:09:47.947662713+09:00","Action":"output","Package":"github.com/hkjang/Vendra/internal/httpapi","Test":"TestListsCarryOwnDepartmentOnly/rfq","Output":"2026/09/22 08:09:47 INFO request method=GET path=/api/v1/rfq duration_ms=2 request_id=sLqgC8ZCxh26A8my\n"}
{"Time":"2026-09-22T08:09:47.948053903+09:00","Action":"output","Package":"github.com/hkjang/Vendra/internal/httpapi","Test":"TestListsCarryOwnDepartmentOnly/rfq","Output":"--- PASS: TestListsCarryOwnDepartmentOnly/rfq (0.00s)\n"}
{"Time":"2026-09-22T08:09:47.948421635+09:00","Action":"pass","Package":"github.com/hkjang/Vendra/internal/httpapi","Test":"TestListsCarryOwnDepartmentOnly/rfq","Elapsed":0}
{"Time":"2026-09-22T08:09:47.948810334+09:00","Action":"run","Package":"github.com/hkjang/Vendra/internal/httpapi","Test":"TestListsCarryOwnDepartmentOnly/documents"}
{"Time":"2026-09-22T08:09:47.949197123+09:00","Action":"output","Package":"github.com/hkjang/Vendra/internal/httpapi","Test":"TestListsCarryOwnDepartmentOnly/documents","Output":"=== RUN   TestListsCarryOwnDepartmentOnly/documents\n"}
{"Time":"2026-09-22T08:09:47.950784257+09:00","Action":"output","Package":"github.com/hkjang/Vendra/internal/httpapi","Test":"TestListsCarryOwnDepartmentOnly/documents","Output":"2026/09/22 08:09:47 INFO request method=GET path=/api/v1/documents duration_ms=3 request_id=cQvMlZ8eZUG-7--g\n"}
{"Time":"2026-09-22T08:09:47.951210349+09:00","Action":"output","Package":"github.com/hkjang/Vendra/internal/httpapi","Test":"TestListsCarryOwnDepartmentOnly/documents","Output":"--- PASS: TestListsCarryOwnDepartmentOnly/documents (0.00s)\n"}
{"Time":"2026-09-22T08:09:47.951578988+09:00","Action":"pass","Package":"github.com/hkjang/Vendra/internal/httpapi","Test":"TestListsCarryOwnDepartmentOnly/documents","Elapsed":0}
{"Time":"2026-09-22T08:09:47.951949948+09:00","Action":"run","Package":"github.com/hkjang/Vendra/internal/httpapi","Test":"TestListsCarryOwnDepartmentOnly/risks"}
{"Time":"2026-09-22T08:09:47.952317421+09:00","Action":"output","Package":"github.com/hkjang/Vendra/internal/httpapi","Test":"TestListsCarryOwnDepartmentOnly/risks","Output":"=== RUN   TestListsCarryOwnDepartmentOnly/risks\n"}
{"Time":"2026-09-22T08:09:47.954181999+09:00","Action":"output","Package":"github.com/hkjang/Vendra/internal/httpapi","Test":"TestListsCarryOwnDepartmentOnly/risks","Output":"2026/09/22 08:09:47 INFO request method=GET path=/api/v1/risks duration_ms=3 request_id=ZgMubNdHjXpzFuog\n"}
{"Time":"2026-09-22T08:09:47.954672313+09:00","Action":"output","Package":"github.com/hkjang/Vendra/internal/httpapi","Test":"TestListsCarryOwnDepartmentOnly/risks","Output":"--- PASS: TestListsCarryOwnDepartmentOnly/risks (0.00s)\n"}
{"Time":"2026-09-22T08:09:47.9551066+09:00","Action":"pass","Package":"github.com/hkjang/Vendra/internal/httpapi","Test":"TestListsCarryOwnDepartmentOnly/risks","Elapsed":0}
{"Time":"2026-09-22T08:09:47.955518723+09:00","Action":"run","Package":"github.com/hkjang/Vendra/internal/httpapi","Test":"TestListsCarryOwnDepartmentOnly/evaluations"}
{"Time":"2026-09-22T08:09:47.955906388+09:00","Action":"output","Package":"github.com/hkjang/Vendra/internal/httpapi","Test":"TestListsCarryOwnDepartmentOnly/evaluations","Output":"=== RUN   TestListsCarryOwnDepartmentOnly/evaluations\n"}
{"Time":"2026-09-22T08:09:47.956629931+09:00","Action":"output","Package":"github.com/hkjang/Vendra/internal/httpapi","Test":"TestListsCarryOwnDepartmentOnly/evaluations","Output":"2026/09/22 08:09:47 INFO request method=GET path=/api/v1/evaluations duration_ms=2 request_id=LrReDrBLsuBu1NaQ\n"}
{"Time":"2026-09-22T08:09:47.95701505+09:00","Action":"output","Package":"github.com/hkjang/Vendra/internal/httpapi","Test":"TestListsCarryOwnDepartmentOnly/evaluations","Output":"--- PASS: TestListsCarryOwnDepartmentOnly/evaluations (0.00s)\n"}
{"Time":"2026-09-22T08:09:47.95743759+09:00","Action":"pass","Package":"github.com/hkjang/Vendra/internal/httpapi","Test":"TestListsCarryOwnDepartmentOnly/evaluations","Elapsed":0}
{"Time":"2026-09-22T08:09:47.957819131+09:00","Action":"run","Package":"github.com/hkjang/Vendra/internal/httpapi","Test":"TestListsCarryOwnDepartmentOnly/spend"}
{"Time":"2026-09-22T08:09:47.958183885+09:00","Action":"output","Package":"github.com/hkjang/Vendra/internal/httpapi","Test":"TestListsCarryOwnDepartmentOnly/spend","Output":"=== RUN   TestListsCarryOwnDepartmentOnly/spend\n"}
{"Time":"2026-09-22T08:09:47.960326832+09:00","Action":"output","Package":"github.com/hkjang/Vendra/internal/httpapi","Test":"TestListsCarryOwnDepartmentOnly/spend","Output":"2026/09/22 08:09:47 INFO request method=GET path=/api/v1/spend duration_ms=3 request_id=iw_wJBHMRJqXuiNH\n"}
{"Time":"2026-09-22T08:09:47.960750718+09:00","Action":"output","Package":"github.com/hkjang/Vendra/internal/httpapi","Test":"TestListsCarryOwnDepartmentOnly/spend","Output":"--- PASS: TestListsCarryOwnDepartmentOnly/spend (0.00s)\n"}
{"Time":"2026-09-22T08:09:47.961144649+09:00","Action":"pass","Package":"github.com/hkjang/Vendra/internal/httpapi","Test":"TestListsCarryOwnDepartmentOnly/spend","Elapsed":0}
{"Time":"2026-09-22T08:09:47.961554053+09:00","Action":"run","Package":"github.com/hkjang/Vendra/internal/httpapi","Test":"TestListsCarryOwnDepartmentOnly/search?q=SC-"}
{"Time":"2026-09-22T08:09:47.961958659+09:00","Action":"output","Package":"github.com/hkjang/Vendra/internal/httpapi","Test":"TestListsCarryOwnDepartmentOnly/search?q=SC-","Output":"=== RUN   TestListsCarryOwnDepartmentOnly/search?q=SC-\n"}
{"Time":"2026-09-22T08:09:47.966599552+09:00","Action":"output","Package":"github.com/hkjang/Vendra/internal/httpapi","Test":"TestListsCarryOwnDepartmentOnly/search?q=SC-","Output":"2026/09/22 08:09:47 INFO request method=GET path=/api/v1/search duration_ms=6 request_id=9lE7sx8uP0O4n_kh\n"}
{"Time":"2026-09-22T08:09:47.967088821+09:00","Action":"output","Package":"github.com/hkjang/Vendra/internal/httpapi","Test":"TestListsCarryOwnDepartmentOnly/search?q=SC-","Output":"--- PASS: TestListsCarryOwnDepartmentOnly/search?q=SC- (0.01s)\n"}
{"Time":"2026-09-22T08:09:47.96748115+09:00","Action":"pass","Package":"github.com/hkjang/Vendra/internal/httpapi","Test":"TestListsCarryOwnDepartmentOnly/search?q=SC-","Elapsed":0.01}
{"Time":"2026-09-22T08:09:47.967889659+09:00","Action":"run","Package":"github.com/hkjang/Vendra/internal/httpapi","Test":"TestListsCarryOwnDepartmentOnly/supplier-network"}
{"Time":"2026-09-22T08:09:47.968324354+09:00","Action":"output","Package":"github.com/hkjang/Vendra/internal/httpapi","Test":"TestListsCarryOwnDepartmentOnly/supplier-network","Output":"=== RUN   TestListsCarryOwnDepartmentOnly/supplier-network\n"}
{"Time":"2026-09-22T08:09:47.969804163+09:00","Action":"output","Package":"github.com/hkjang/Vendra/internal/httpapi","Test":"TestListsCarryOwnDepartmentOnly/supplier-network","Output":"2026/09/22 08:09:47 INFO request method=GET path=/api/v1/supplier-network duration_ms=3 request_id=nfhEp19LCzm7BC2m\n"}
{"Time":"2026-09-22T08:09:47.970313115+09:00","Action":"output","Package":"github.com/hkjang/Vendra/internal/httpapi","Test":"TestListsCarryOwnDepartmentOnly/supplier-network","Output":"--- PASS: TestListsCarryOwnDepartmentOnly/supplier-network (0.00s)\n"}
{"Time":"2026-09-22T08:09:47.970746044+09:00","Action":"pass","Package":"github.com/hkjang/Vendra/internal/httpapi","Test":"TestListsCarryOwnDepartmentOnly/supplier-network","Elapsed":0}
{"Time":"2026-09-22T08:09:47.971196473+09:00","Action":"output","Package":"github.com/hkjang/Vendra/internal/httpapi","Test":"TestListsCarryOwnDepartmentOnly","Output":"--- PASS: TestListsCarryOwnDepartmentOnly (0.21s)\n"}
{"Time":"2026-09-22T08:09:47.971593844+09:00","Action":"pass","Package":"github.com/hkjang/Vendra/internal/httpapi","Test":"TestListsCarryOwnDepartmentOnly","Elapsed":0.21}
{"Time":"2026-09-22T08:09:47.972006768+09:00","Action":"run","Package":"github.com/hkjang/Vendra/internal/httpapi","Test":"TestOwnScopeRefusesAColleaguesRecords"}
{"Time":"2026-09-22T08:09:47.972446403+09:00","Action":"output","Package":"github.com/hkjang/Vendra/internal/httpapi","Test":"TestOwnScopeRefusesAColleaguesRecords","Output":"=== RUN   TestOwnScopeRefusesAColleaguesRecords\n"}
{"Time":"2026-09-22T08:09:48.125769608+09:00","Action":"output","Package":"github.com/hkjang/Vendra/internal/httpapi","Test":"TestOwnScopeRefusesAColleaguesRecords","Output":"2026/09/22 08:09:48 INFO request method=POST path=/api/auth/login duration_ms=10 request_id=nas95AaMiwzB_r1E\n"}
{"Time":"2026-09-22T08:09:48.132561176+09:00","Action":"output","Package":"github.com/hkjang/Vendra/internal/httpapi","Test":"TestOwnScopeRefusesAColleaguesRecords","Output":"2026/09/22 08:09:48 INFO request method=POST path=/api/auth/login duration_ms=6 request_id=qB0Ikz0vR0EasL8l\n"}
{"Time":"2026-09-22T08:09:48.133051713+09:00","Action":"run","Package":"github.com/hkjang/Vendra/internal/httpapi","Test":"TestOwnScopeRefusesAColleaguesRecords/GET_suppliers/50589b67-8543-42c0-8a35-fbd08d354a87"}
{"Time":"2026-09-22T08:09:48.133534372+09:00","Action":"output","Package":"github.com/hkjang/Vendra/internal/httpapi","Test":"TestOwnScopeRefusesAColleaguesRecords/GET_suppliers/50589b67-8543-42c0-8a35-fbd08d354a87","Output":"=== RUN   TestOwnScopeRefusesAColleaguesRecords/GET_suppliers/50589b67-8543-42c0-8a35-fbd08d354a87\n"}
{"Time":"2026-09-22T08:09:48.140360392+09:00","Action":"output","Package":"github.com/hkjang/Vendra/internal/httpapi","Test":"TestOwnScopeRefusesAColleaguesRecords/GET_suppliers/50589b67-8543-42c0-8a35-fbd08d354a87","Output":"2026/09/22 08:09:48 INFO request method=GET path=/api/v1/suppliers/50589b67-8543-42c0-8a35-fbd08d354a87 duration_ms=7 request_id=eUVNlNhp36vW-LEI\n"}
{"Time":"2026-09-22T08:09:48.142566686+09:00","Action":"output","Package":"github.com/hkjang/Vendra/internal/httpapi","Test":"TestOwnScopeRefusesAColleaguesRecords/GET_suppliers/50589b67-8543-42c0-8a35-fbd08d354a87","Output":"2026/09/22 08:09:48 INFO request method=GET path=/api/v1/suppliers/50589b67-8543-42c0-8a35-fbd08d354a87 duration_ms=2 request_id=FnBlcpT1vSSjd5g0\n"}
{"Time":"2026-09-22T08:09:48.143092246+09:00","Action":"output","Package":"github.com/hkjang/Vendra/internal/httpapi","Test":"TestOwnScopeRefusesAColleaguesRecords/GET_suppliers/50589b67-8543-42c0-8a35-fbd08d354a87","Output":"--- PASS: TestOwnScopeRefusesAColleaguesRecords/GET_suppliers/50589b67-8543-42c0-8a35-fbd08d354a87 (0.01s)\n"}
{"Time":"2026-09-22T08:09:48.143476491+09:00","Action":"pass","Package":"github.com/hkjang/Vendra/internal/httpapi","Test":"TestOwnScopeRefusesAColleaguesRecords/GET_suppliers/50589b67-8543-42c0-8a35-fbd08d354a87","Elapsed":0.01}
{"Time":"2026-09-22T08:09:48.143860986+09:00","Action":"run","Package":"github.com/hkjang/Vendra/internal/httpapi","Test":"TestOwnScopeRefusesAColleaguesRecords/GET_contracts/c17b3fed-8987-4250-85ce-30978d8a49c8"}
{"Time":"2026-09-22T08:09:48.144273549+09:00","Action":"output","Package":"github.com/hkjang/Vendra/internal/httpapi","Test":"TestOwnScopeRefusesAColleaguesRecords/GET_contracts/c17b3fed-8987-4250-85ce-30978d8a49c8","Output":"=== RUN   TestOwnScopeRefusesAColleaguesRecords/GET_contracts/c17b3fed-8987-4250-85ce-30978d8a49c8\n"}
{"Time":"2026-09-22T08:09:48.1455124+09:00","Action":"output","Package":"github.com/hkjang/Vendra/internal/httpapi","Test":"TestOwnScopeRefusesAColleaguesRecords/GET_contracts/c17b3fed-8987-4250-85ce-30978d8a49c8","Output":"2026/09/22 08:09:48 INFO request method=GET path=/api/v1/contracts/c17b3fed-8987-4250-85ce-30978d8a49c8 duration_ms=2 request_id=Dobof8_qatZj3tDc\n"}
{"Time":"2026-09-22T08:09:48.147850175+09:00","Action":"output","Package":"github.com/hkjang/Vendra/internal/httpapi","Test":"TestOwnScopeRefusesAColleaguesRecords/GET_contracts/c17b3fed-8987-4250-85ce-30978d8a49c8","Output":"2026/09/22 08:09:48 INFO request method=GET path=/api/v1/contracts/c17b3fed-8987-4250-85ce-30978d8a49c8 duration_ms=2 request_id=dnlUgZ2WpwNyVjTx\n"}
{"Time":"2026-09-22T08:09:48.148278816+09:00","Action":"output","Package":"github.com/hkjang/Vendra/internal/httpapi","Test":"TestOwnScopeRefusesAColleaguesRecords/GET_contracts/c17b3fed-8987-4250-85ce-30978d8a49c8","Output":"--- PASS: TestOwnScopeRefusesAColleaguesRecords/GET_contracts/c17b3fed-8987-4250-85ce-30978d8a49c8 (0.01s)\n"}
{"Time":"2026-09-22T08:09:48.148633412+09:00","Action":"pass","Package":"github.com/hkjang/Vendra/internal/httpapi","Test":"TestOwnScopeRefusesAColleaguesRecords/GET_contracts/c17b3fed-8987-4250-85ce-30978d8a49c8","Elapsed":0.01}
{"Time":"2026-09-22T08:09:48.149035782+09:00","Action":"run","Package":"github.com/hkjang/Vendra/internal/httpapi","Test":"TestOwnScopeRefusesAColleaguesRecords/GET_documents/42522931-ae79-4a97-917f-445ff7b90780/download"}
{"Time":"2026-09-22T08:09:48.149398255+09:00","Action":"output","Package":"github.com/hkjang/Vendra/internal/httpapi","Test":"TestOwnScopeRefusesAColleaguesRecords/GET_documents/42522931-ae79-4a97-917f-445ff7b90780/download","Output":"=== RUN   TestOwnScopeRefusesAColleaguesRecords/GET_documents/42522931-ae79-4a97-917f-445ff7b90780/download\n"}
{"Time":"2026-09-22T08:09:48.153781858+09:00","Action":"output","Package":"github.com/hkjang/Vendra/internal/httpapi","Test":"TestOwnScopeRefusesAColleaguesRecords/GET_documents/42522931-ae79-4a97-917f-445ff7b90780/download","Output":"2026/09/22 08:09:48 ERROR document content does not match its recorded checksum document_id=42522931-ae79-4a97-917f-445ff7b90780 recorded=abc served=cb0f24046b508710d6315e71bd9b21b920cf15301b0cf055dc9569c507576ea3 request_id=gujutN_SLnotVPlM\n"}
{"Time":"2026-09-22T08:09:48.154253899+09:00","Action":"output","Package":"github.com/hkjang/Vendra/internal/httpapi","Test":"TestOwnScopeRefusesAColleaguesRecords/GET_documents/42522931-ae79-4a97-917f-445ff7b90780/download","Output":"2026/09/22 08:09:48 INFO request method=GET path=/api/v1/documents/42522931-ae79-4a97-917f-445ff7b90780/download duration_ms=5 request_id=gujutN_SLnotVPlM\n"}
{"Time":"2026-09-22T08:09:48.156381552+09:00","Action":"output","Package":"github.com/hkjang/Vendra/internal/httpapi","Test":"TestOwnScopeRefusesAColleaguesRecords/GET_documents/42522931-ae79-4a97-917f-445ff7b90780/download","Output":"2026/09/22 08:09:48 INFO request method=GET path=/api/v1/documents/42522931-ae79-4a97-917f-445ff7b90780/download duration_ms=2 request_id=986I9RMFtR6okrIV\n"}
{"Time":"2026-09-22T08:09:48.157031808+09:00","Action":"output","Package":"github.com/hkjang/Vendra/internal/httpapi","Test":"TestOwnScopeRefusesAColleaguesRecords/GET_documents/42522931-ae79-4a97-917f-445ff7b90780/download","Output":"--- PASS: TestOwnScopeRefusesAColleaguesRecords/GET_documents/42522931-ae79-4a97-917f-445ff7b90780/download (0.01s)\n"}
{"Time":"2026-09-22T08:09:48.157524153+09:00","Action":"pass","Package":"github.com/hkjang/Vendra/internal/httpapi","Test":"TestOwnScopeRefusesAColleaguesRecords/GET_documents/42522931-ae79-4a97-917f-445ff7b90780/download","Elapsed":0.01}
{"Time":"2026-09-22T08:09:48.158029701+09:00","Action":"output","Package":"github.com/hkjang/Vendra/internal/httpapi","Test":"TestOwnScopeRefusesAColleaguesRecords","Output":"--- PASS: TestOwnScopeRefusesAColleaguesRecords (0.19s)\n"}
{"Time":"2026-09-22T08:09:48.158450895+09:00","Action":"pass","Package":"github.com/hkjang/Vendra/internal/httpapi","Test":"TestOwnScopeRefusesAColleaguesRecords","Elapsed":0.19}
{"Time":"2026-09-22T08:09:48.158849516+09:00","Action":"run","Package":"github.com/hkjang/Vendra/internal/httpapi","Test":"TestValidDateNamesTheField"}
{"Time":"2026-09-22T08:09:48.15920063+09:00","Action":"output","Package":"github.com/hkjang/Vendra/internal/httpapi","Test":"TestValidDateNamesTheField","Output":"=== RUN   TestValidDateNamesTheField\n"}
{"Time":"2026-09-22T08:09:48.15962221+09:00","Action":"output","Package":"github.com/hkjang/Vendra/internal/httpapi","Test":"TestValidDateNamesTheField","Output":"--- PASS: TestValidDateNamesTheField (0.00s)\n"}
{"Time":"2026-09-22T08:09:48.160046924+09:00","Action":"pass","Package":"github.com/hkjang/Vendra/internal/httpapi","Test":"TestValidDateNamesTheField","Elapsed":0}
{"Time":"2026-09-22T08:09:48.160464989+09:00","Action":"run","Package":"github.com/hkjang/Vendra/internal/httpapi","Test":"TestValidInstantTakesWhatClientsSend"}
{"Time":"2026-09-22T08:09:48.160991466+09:00","Action":"output","Package":"github.com/hkjang/Vendra/internal/httpapi","Test":"TestValidInstantTakesWhatClientsSend","Output":"=== RUN   TestValidInstantTakesWhatClientsSend\n"}
{"Time":"2026-09-22T08:09:48.161435051+09:00","Action":"output","Package":"github.com/hkjang/Vendra/internal/httpapi","Test":"TestValidInstantTakesWhatClientsSend","Output":"--- PASS: TestValidInstantTakesWhatClientsSend (0.00s)\n"}
{"Time":"2026-09-22T08:09:48.161901669+09:00","Action":"pass","Package":"github.com/hkjang/Vendra/internal/httpapi","Test":"TestValidInstantTakesWhatClientsSend","Elapsed":0}
{"Time":"2026-09-22T08:09:48.162334249+09:00","Action":"run","Package":"github.com/hkjang/Vendra/internal/httpapi","Test":"TestValidDateFieldsReportsTheFirstBadOne"}
{"Time":"2026-09-22T08:09:48.162773779+09:00","Action":"output","Package":"github.com/hkjang/Vendra/internal/httpapi","Test":"TestValidDateFieldsReportsTheFirstBadOne","Output":"=== RUN   TestValidDateFieldsReportsTheFirstBadOne\n"}
{"Time":"2026-09-22T08:09:48.163167592+09:00","Action":"output","Package":"github.com/hkjang/Vendra/internal/httpapi","Test":"TestValidDateFieldsReportsTheFirstBadOne","Output":"--- PASS: TestValidDateFieldsReportsTheFirstBadOne (0.00s)\n"}
{"Time":"2026-09-22T08:09:48.163547851+09:00","Action":"pass","Package":"github.com/hkjang/Vendra/internal/httpapi","Test":"TestValidDateFieldsReportsTheFirstBadOne","Elapsed":0}
{"Time":"2026-09-22T08:09:48.164016812+09:00","Action":"run","Package":"github.com/hkjang/Vendra/internal/httpapi","Test":"TestEveryDateCastIsGuarded"}
{"Time":"2026-09-22T08:09:48.164466372+09:00","Action":"output","Package":"github.com/hkjang/Vendra/internal/httpapi","Test":"TestEveryDateCastIsGuarded","Output":"=== RUN   TestEveryDateCastIsGuarded\n"}
{"Time":"2026-09-22T08:09:48.170775393+09:00","Action":"output","Package":"github.com/hkjang/Vendra/internal/httpapi","Test":"TestEveryDateCastIsGuarded","Output":"--- PASS: TestEveryDateCastIsGuarded (0.01s)\n"}
{"Time":"2026-09-22T08:09:48.171274209+09:00","Action":"pass","Package":"github.com/hkjang/Vendra/internal/httpapi","Test":"TestEveryDateCastIsGuarded","Elapsed":0.01}
{"Time":"2026-09-22T08:09:48.17170082+09:00","Action":"run","Package":"github.com/hkjang/Vendra/internal/httpapi","Test":"TestDeadlinePassedUsesTheBusinessDay"}
{"Time":"2026-09-22T08:09:48.172086248+09:00","Action":"output","Package":"github.com/hkjang/Vendra/internal/httpapi","Test":"TestDeadlinePassedUsesTheBusinessDay","Output":"=== RUN   TestDeadlinePassedUsesTheBusinessDay\n"}
{"Time":"2026-09-22T08:09:48.172474834+09:00","Action":"output","Package":"github.com/hkjang/Vendra/internal/httpapi","Test":"TestDeadlinePassedUsesTheBusinessDay","Output":"--- PASS: TestDeadlinePassedUsesTheBusinessDay (0.00s)\n"}
{"Time":"2026-09-22T08:09:48.173029555+09:00","Action":"pass","Package":"github.com/hkjang/Vendra/internal/httpapi","Test":"TestDeadlinePassedUsesTheBusinessDay","Elapsed":0}
{"Time":"2026-09-22T08:09:48.173434358+09:00","Action":"run","Package":"github.com/hkjang/Vendra/internal/httpapi","Test":"TestDeadlinePassedBeatsTruncate"}
{"Time":"2026-09-22T08:09:48.173845713+09:00","Action":"output","Package":"github.com/hkjang/Vendra/internal/httpapi","Test":"TestDeadlinePassedBeatsTruncate","Output":"=== RUN   TestDeadlinePassedBeatsTruncate\n"}
{"Time":"2026-09-22T08:09:48.174232942+09:00","Action":"output","Package":"github.com/hkjang/Vendra/internal/httpapi","Test":"TestDeadlinePassedBeatsTruncate","Output":"--- PASS: TestDeadlinePassedBeatsTruncate (0.00s)\n"}
{"Time":"2026-09-22T08:09:48.174635789+09:00","Action":"pass","Package":"github.com/hkjang/Vendra/internal/httpapi","Test":"TestDeadlinePassedBeatsTruncate","Elapsed":0}
{"Time":"2026-09-22T08:09:48.175029772+09:00","Action":"run","Package":"github.com/hkjang/Vendra/internal/httpapi","Test":"TestDecodeJSONRejectsNullByte"}
{"Time":"2026-09-22T08:09:48.175425754+09:00","Action":"output","Package":"github.com/hkjang/Vendra/internal/httpapi","Test":"TestDecodeJSONRejectsNullByte","Output":"=== RUN   TestDecodeJSONRejectsNullByte\n"}
{"Time":"2026-09-22T08:09:48.17578343+09:00","Action":"output","Package":"github.com/hkjang/Vendra/internal/httpapi","Test":"TestDecodeJSONRejectsNullByte","Output":"--- PASS: TestDecodeJSONRejectsNullByte (0.00s)\n"}
{"Time":"2026-09-22T08:09:48.176170288+09:00","Action":"pass","Package":"github.com/hkjang/Vendra/internal/httpapi","Test":"TestDecodeJSONRejectsNullByte","Elapsed":0}
{"Time":"2026-09-22T08:09:48.176566169+09:00","Action":"run","Package":"github.com/hkjang/Vendra/internal/httpapi","Test":"TestValidTextCountsRunesNotBytes"}
{"Time":"2026-09-22T08:09:48.17700237+09:00","Action":"output","Package":"github.com/hkjang/Vendra/internal/httpapi","Test":"TestValidTextCountsRunesNotBytes","Output":"=== RUN   TestValidTextCountsRunesNotBytes\n"}
{"Time":"2026-09-22T08:09:48.177401543+09:00","Action":"output","Package":"github.com/hkjang/Vendra/internal/httpapi","Test":"TestValidTextCountsRunesNotBytes","Output":"--- PASS: TestValidTextCountsRunesNotBytes (0.00s)\n"}
{"Time":"2026-09-22T08:09:48.177774931+09:00","Action":"pass","Package":"github.com/hkjang/Vendra/internal/httpapi","Test":"TestValidTextCountsRunesNotBytes","Elapsed":0}
{"Time":"2026-09-22T08:09:48.178142839+09:00","Action":"run","Package":"github.com/hkjang/Vendra/internal/httpapi","Test":"TestComposeDoesNotPinAnImageVersion"}
{"Time":"2026-09-22T08:09:48.178508461+09:00","Action":"output","Package":"github.com/hkjang/Vendra/internal/httpapi","Test":"TestComposeDoesNotPinAnImageVersion","Output":"=== RUN   TestComposeDoesNotPinAnImageVersion\n"}
{"Time":"2026-09-22T08:09:48.178945998+09:00","Action":"output","Package":"github.com/hkjang/Vendra/internal/httpapi","Test":"TestComposeDoesNotPinAnImageVersion","Output":"--- PASS: TestComposeDoesNotPinAnImageVersion (0.00s)\n"}
{"Time":"2026-09-22T08:09:48.179317494+09:00","Action":"pass","Package":"github.com/hkjang/Vendra/internal/httpapi","Test":"TestComposeDoesNotPinAnImageVersion","Elapsed":0}
{"Time":"2026-09-22T08:09:48.179679183+09:00","Action":"run","Package":"github.com/hkjang/Vendra/internal/httpapi","Test":"TestAdminGuidePublishesTheRealCallbackPath"}
{"Time":"2026-09-22T08:09:48.180045044+09:00","Action":"output","Package":"github.com/hkjang/Vendra/internal/httpapi","Test":"TestAdminGuidePublishesTheRealCallbackPath","Output":"=== RUN   TestAdminGuidePublishesTheRealCallbackPath\n"}
{"Time":"2026-09-22T08:09:48.180445638+09:00","Action":"output","Package":"github.com/hkjang/Vendra/internal/httpapi","Test":"TestAdminGuidePublishesTheRealCallbackPath","Output":"2026/09/22 08:09:48 INFO request method=GET path=/api/auth/oidc/callback duration_ms=0 request_id=KfIa6ujseA008w2X\n"}
{"Time":"2026-09-22T08:09:48.180795331+09:00","Action":"output","Package":"github.com/hkjang/Vendra/internal/httpapi","Test":"TestAdminGuidePublishesTheRealCallbackPath","Output":"--- PASS: TestAdminGuidePublishesTheRealCallbackPath (0.00s)\n"}
{"Time":"2026-09-22T08:09:48.181159231+09:00","Action":"pass","Package":"github.com/hkjang/Vendra/internal/httpapi","Test":"TestAdminGuidePublishesTheRealCallbackPath","Elapsed":0}
{"Time":"2026-09-22T08:09:48.181524928+09:00","Action":"run","Package":"github.com/hkjang/Vendra/internal/httpapi","Test":"TestAdminGuideDescribesSilentSignInAsTheCodeDoesIt"}
{"Time":"2026-09-22T08:09:48.181891149+09:00","Action":"output","Package":"github.com/hkjang/Vendra/internal/httpapi","Test":"TestAdminGuideDescribesSilentSignInAsTheCodeDoesIt","Output":"=== RUN   TestAdminGuideDescribesSilentSignInAsTheCodeDoesIt\n"}
{"Time":"2026-09-22T08:09:48.182272124+09:00","Action":"output","Package":"github.com/hkjang/Vendra/internal/httpapi","Test":"TestAdminGuideDescribesSilentSignInAsTheCodeDoesIt","Output":"--- PASS: TestAdminGuideDescribesSilentSignInAsTheCodeDoesIt (0.00s)\n"}
{"Time":"2026-09-22T08:09:48.182661861+09:00","Action":"pass","Package":"github.com/hkjang/Vendra/internal/httpapi","Test":"TestAdminGuideDescribesSilentSignInAsTheCodeDoesIt","Elapsed":0}
{"Time":"2026-09-22T08:09:48.183029106+09:00","Action":"run","Package":"github.com/hkjang/Vendra/internal/httpapi","Test":"TestCIRunsEveryDocumentedTestDatabase"}
{"Time":"2026-09-22T08:09:48.183402659+09:00","Action":"output","Package":"github.com/hkjang/Vendra/internal/httpapi","Test":"TestCIRunsEveryDocumentedTestDatabase","Output":"=== RUN   TestCIRunsEveryDocumentedTestDatabase\n"}
{"Time":"2026-09-22T08:09:48.183759471+09:00","Action":"output","Package":"github.com/hkjang/Vendra/internal/httpapi","Test":"TestCIRunsEveryDocumentedTestDatabase","Output":"--- PASS: TestCIRunsEveryDocumentedTestDatabase (0.00s)\n"}
{"Time":"2026-09-22T08:09:48.184124887+09:00","Action":"pass","Package":"github.com/hkjang/Vendra/internal/httpapi","Test":"TestCIRunsEveryDocumentedTestDatabase","Elapsed":0}
{"Time":"2026-09-22T08:09:48.184500407+09:00","Action":"run","Package":"github.com/hkjang/Vendra/internal/httpapi","Test":"TestContentDispositionPreservesKoreanAndPunctuation"}
{"Time":"2026-09-22T08:09:48.18486895+09:00","Action":"output","Package":"github.com/hkjang/Vendra/internal/httpapi","Test":"TestContentDispositionPreservesKoreanAndPunctuation","Output":"=== RUN   TestContentDispositionPreservesKoreanAndPunctuation\n"}
{"Time":"2026-09-22T08:09:48.185240675+09:00","Action":"output","Package":"github.com/hkjang/Vendra/internal/httpapi","Test":"TestContentDispositionPreservesKoreanAndPunctuation","Output":"--- PASS: TestContentDispositionPreservesKoreanAndPunctuation (0.00s)\n"}
{"Time":"2026-09-22T08:09:48.185599061+09:00","Action":"pass","Package":"github.com/hkjang/Vendra/internal/httpapi","Test":"TestContentDispositionPreservesKoreanAndPunctuation","Elapsed":0}
{"Time":"2026-09-22T08:09:48.185955784+09:00","Action":"run","Package":"github.com/hkjang/Vendra/internal/httpapi","Test":"TestContentDispositionAlwaysCarriesAnASCIIFallback"}
{"Time":"2026-09-22T08:09:48.186295781+09:00","Action":"output","Package":"github.com/hkjang/Vendra/internal/httpapi","Test":"TestContentDispositionAlwaysCarriesAnASCIIFallback","Output":"=== RUN   TestContentDispositionAlwaysCarriesAnASCIIFallback\n"}
{"Time":"2026-09-22T08:09:48.186670098+09:00","Action":"output","Package":"github.com/hkjang/Vendra/internal/httpapi","Test":"TestContentDispositionAlwaysCarriesAnASCIIFallback","Output":"--- PASS: TestContentDispositionAlwaysCarriesAnASCIIFallback (0.00s)\n"}
{"Time":"2026-09-22T08:09:48.187097376+09:00","Action":"pass","Package":"github.com/hkjang/Vendra/internal/httpapi","Test":"TestContentDispositionAlwaysCarriesAnASCIIFallback","Elapsed":0}
{"Time":"2026-09-22T08:09:48.187497901+09:00","Action":"run","Package":"github.com/hkjang/Vendra/internal/httpapi","Test":"TestContentDispositionKeepsTheDispositionType"}
{"Time":"2026-09-22T08:09:48.187892197+09:00","Action":"output","Package":"github.com/hkjang/Vendra/internal/httpapi","Test":"TestContentDispositionKeepsTheDispositionType","Output":"=== RUN   TestContentDispositionKeepsTheDispositionType\n"}
{"Time":"2026-09-22T08:09:48.188244477+09:00","Action":"output","Package":"github.com/hkjang/Vendra/internal/httpapi","Test":"TestContentDispositionKeepsTheDispositionType","Output":"--- PASS: TestContentDispositionKeepsTheDispositionType (0.00s)\n"}
{"Time":"2026-09-22T08:09:48.188611436+09:00","Action":"pass","Package":"github.com/hkjang/Vendra/internal/httpapi","Test":"TestContentDispositionKeepsTheDispositionType","Elapsed":0}
{"Time":"2026-09-22T08:09:48.18904154+09:00","Action":"run","Package":"github.com/hkjang/Vendra/internal/httpapi","Test":"TestContentDispositionCannotInjectAnotherParameter"}
{"Time":"2026-09-22T08:09:48.189410847+09:00","Action":"output","Package":"github.com/hkjang/Vendra/internal/httpapi","Test":"TestContentDispositionCannotInjectAnotherParameter","Output":"=== RUN   TestContentDispositionCannotInjectAnotherParameter\n"}
{"Time":"2026-09-22T08:09:48.189780217+09:00","Action":"output","Package":"github.com/hkjang/Vendra/internal/httpapi","Test":"TestContentDispositionCannotInjectAnotherParameter","Output":"--- PASS: TestContentDispositionCannotInjectAnotherParameter (0.00s)\n"}
{"Time":"2026-09-22T08:09:48.190160397+09:00","Action":"pass","Package":"github.com/hkjang/Vendra/internal/httpapi","Test":"TestContentDispositionCannotInjectAnotherParameter","Elapsed":0}
{"Time":"2026-09-22T08:09:48.190522383+09:00","Action":"run","Package":"github.com/hkjang/Vendra/internal/httpapi","Test":"TestASCIIFallbackIsNeverEmpty"}
{"Time":"2026-09-22T08:09:48.19096037+09:00","Action":"output","Package":"github.com/hkjang/Vendra/internal/httpapi","Test":"TestASCIIFallbackIsNeverEmpty","Output":"=== RUN   TestASCIIFallbackIsNeverEmpty\n"}
{"Time":"2026-09-22T08:09:48.191337321+09:00","Action":"output","Package":"github.com/hkjang/Vendra/internal/httpapi","Test":"TestASCIIFallbackIsNeverEmpty","Output":"--- PASS: TestASCIIFallbackIsNeverEmpty (0.00s)\n"}
{"Time":"2026-09-22T08:09:48.191700966+09:00","Action":"pass","Package":"github.com/hkjang/Vendra/internal/httpapi","Test":"TestASCIIFallbackIsNeverEmpty","Elapsed":0}
{"Time":"2026-09-22T08:09:48.192062613+09:00","Action":"run","Package":"github.com/hkjang/Vendra/internal/httpapi","Test":"TestEncodeExtValueEscapesEverythingOutsideAttrChar"}
{"Time":"2026-09-22T08:09:48.192442257+09:00","Action":"output","Package":"github.com/hkjang/Vendra/internal/httpapi","Test":"TestEncodeExtValueEscapesEverythingOutsideAttrChar","Output":"=== RUN   TestEncodeExtValueEscapesEverythingOutsideAttrChar\n"}
{"Time":"2026-09-22T08:09:48.192805675+09:00","Action":"output","Package":"github.com/hkjang/Vendra/internal/httpapi","Test":"TestEncodeExtValueEscapesEverythingOutsideAttrChar","Output":"--- PASS: TestEncodeExtValueEscapesEverythingOutsideAttrChar (0.00s)\n"}
{"Time":"2026-09-22T08:09:48.193163706+09:00","Action":"pass","Package":"github.com/hkjang/Vendra/internal/httpapi","Test":"TestEncodeExtValueEscapesEverythingOutsideAttrChar","Elapsed":0}
{"Time":"2026-09-22T08:09:48.193498922+09:00","Action":"run","Package":"github.com/hkjang/Vendra/internal/httpapi","Test":"TestUploadedContentCannotRunInTheBrowser"}
{"Time":"2026-09-22T08:09:48.193967093+09:00","Action":"output","Package":"github.com/hkjang/Vendra/internal/httpapi","Test":"TestUploadedContentCannotRunInTheBrowser","Output":"=== RUN   TestUploadedContentCannotRunInTheBrowser\n"}
{"Time":"2026-09-22T08:09:47.606716714+09:00","Action":"output","Package":"github.com/hkjang/Vendra/internal/httpapi","Test":"TestUploadedContentCannotRunInTheBrowser","Output":"2026/09/22 08:09:47 INFO request method=POST path=/api/auth/login duration_ms=10 request_id=plW5x5FunL5vjajV\n"}
{"Time":"2026-09-22T08:09:47.613679135+09:00","Action":"output","Package":"github.com/hkjang/Vendra/internal/httpapi","Test":"TestUploadedContentCannotRunInTheBrowser","Output":"2026/09/22 08:09:47 INFO request method=POST path=/api/auth/login duration_ms=6 request_id=yYIVNs_0hS9aXSuX\n"}
{"Time":"2026-09-22T08:09:47.614251206+09:00","Action":"run","Package":"github.com/hkjang/Vendra/internal/httpapi","Test":"TestUploadedContentCannotRunInTheBrowser/html"}
{"Time":"2026-09-22T08:09:47.6147639+09:00","Action":"output","Package":"github.com/hkjang/Vendra/internal/httpapi","Test":"TestUploadedContentCannotRunInTheBrowser/html","Output":"=== RUN   TestUploadedContentCannotRunInTheBrowser/html\n"}
{"Time":"2026-09-22T08:09:47.624672973+09:00","Action":"output","Package":"github.com/hkjang/Vendra/internal/httpapi","Test":"TestUploadedContentCannotRunInTheBrowser/html","Output":"2026/09/22 08:09:47 INFO request method=POST path=/api/v1/documents/upload duration_ms=10 request_id=H9QothGm2HhB0ua8\n"}
{"Time":"2026-09-22T08:09:47.630370547+09:00","Action":"output","Package":"github.com/hkjang/Vendra/internal/httpapi","Test":"TestUploadedContentCannotRunInTheBrowser/html","Output":"2026/09/22 08:09:47 INFO request method=GET path=/api/v1/documents/9becfa4f-7867-4e65-9342-e52d6c396045/download duration_ms=5 request_id=EFwo1Tk5M_8NKpnz\n"}
{"Time":"2026-09-22T08:09:47.634640733+09:00","Action":"output","Package":"github.com/hkjang/Vendra/internal/httpapi","Test":"TestUploadedContentCannotRunInTheBrowser/html","Output":"2026/09/22 08:09:47 INFO request method=GET path=/api/v1/documents/9becfa4f-7867-4e65-9342-e52d6c396045/preview duration_ms=4 request_id=ViVbULleMK6wqZTC\n"}
{"Time":"2026-09-22T08:09:47.635161014+09:00","Action":"output","Package":"github.com/hkjang/Vendra/internal/httpapi","Test":"TestUploadedContentCannotRunInTheBrowser/html","Output":"--- PASS: TestUploadedContentCannotRunInTheBrowser/html (0.02s)\n"}
{"Time":"2026-09-22T08:09:47.635615535+09:00","Action":"pass","Package":"github.com/hkjang/Vendra/internal/httpapi","Test":"TestUploadedContentCannotRunInTheBrowser/html","Elapsed":0.02}
{"Time":"2026-09-22T08:09:47.636107407+09:00","Action":"run","Package":"github.com/hkjang/Vendra/internal/httpapi","Test":"TestUploadedContentCannotRunInTheBrowser/svg"}
{"Time":"2026-09-22T08:09:47.636523708+09:00","Action":"output","Package":"github.com/hkjang/Vendra/internal/httpapi","Test":"TestUploadedContentCannotRunInTheBrowser/svg","Output":"=== RUN   TestUploadedContentCannotRunInTheBrowser/svg\n"}
{"Time":"2026-09-22T08:09:47.640954108+09:00","Action":"output","Package":"github.com/hkjang/Vendra/internal/httpapi","Test":"TestUploadedContentCannotRunInTheBrowser/svg","Output":"2026/09/22 08:09:47 INFO request method=POST path=/api/v1/documents/upload duration_ms=6 request_id=77_DLXt8Xo_BKTES\n"}
{"Time":"2026-09-22T08:09:47.64532309+09:00","Action":"output","Package":"github.com/hkjang/Vendra/internal/httpapi","Test":"TestUploadedContentCannotRunInTheBrowser/svg","Output":"2026/09/22 08:09:47 INFO request method=GET path=/api/v1/documents/ccd46813-00d8-48e9-9324-0406e2b63ea4/download duration_ms=4 request_id=CBFx7hLtX9HaKHpU\n"}
{"Time":"2026-09-22T08:09:47.649891247+09:00","Action":"output","Package":"github.com/hkjang/Vendra/internal/httpapi","Test":"TestUploadedContentCannotRunInTheBrowser/svg","Output":"2026/09/22 08:09:47 INFO request method=GET path=/api/v1/documents/ccd46813-00d8-48e9-9324-0406e2b63ea4/preview duration_ms=4 request_id=SdWsOumsXEoqzQ67\n"}
{"Time":"2026-09-22T08:09:47.650419633+09:00","Action":"output","Package":"github.com/hkjang/Vendra/internal/httpapi","Test":"TestUploadedContentCannotRunInTheBrowser/svg","Output":"--- PASS: TestUploadedContentCannotRunInTheBrowser/svg (0.02s)\n"}
{"Time":"2026-09-22T08:09:47.650938826+09:00","Action":"pass","Package":"github.com/hkjang/Vendra/internal/httpapi","Test":"TestUploadedContentCannotRunInTheBrowser/svg","Elapsed":0.02}
{"Time":"2026-09-22T08:09:47.651464386+09:00","Action":"output","Package":"github.com/hkjang/Vendra/internal/httpapi","Test":"TestUploadedContentCannotRunInTheBrowser","Output":"--- PASS: TestUploadedContentCannotRunInTheBrowser (0.21s)\n"}
{"Time":"2026-09-22T08:09:47.651968551+09:00","Action":"pass","Package":"github.com/hkjang/Vendra/internal/httpapi","Test":"TestUploadedContentCannotRunInTheBrowser","Elapsed":0.21}
{"Time":"2026-09-22T08:09:47.652552867+09:00","Action":"run","Package":"github.com/hkjang/Vendra/internal/httpapi","Test":"TestUploadedFilenameCannotEscapeOrInject"}
{"Time":"2026-09-22T08:09:47.653071907+09:00","Action":"output","Package":"github.com/hkjang/Vendra/internal/httpapi","Test":"TestUploadedFilenameCannotEscapeOrInject","Output":"=== RUN   TestUploadedFilenameCannotEscapeOrInject\n"}
{"Time":"2026-09-22T08:09:46.864738111+09:00","Action":"output","Package":"github.com/hkjang/Vendra/internal/httpapi","Test":"TestUploadedFilenameCannotEscapeOrInject","Output":"2026/09/22 08:09:46 INFO request method=POST path=/api/auth/login duration_ms=11 request_id=sMN7BnQ5M9JDu8gc\n"}
{"Time":"2026-09-22T08:09:46.871976063+09:00","Action":"output","Package":"github.com/hkjang/Vendra/internal/httpapi","Test":"TestUploadedFilenameCannotEscapeOrInject","Output":"2026/09/22 08:09:46 INFO request method=POST path=/api/auth/login duration_ms=7 request_id=oY7rd9DkUWNCn69X\n"}
{"Time":"2026-09-22T08:09:46.872622222+09:00","Action":"run","Package":"github.com/hkjang/Vendra/internal/httpapi","Test":"TestUploadedFilenameCannotEscapeOrInject/path_segments_are_dropped"}
{"Time":"2026-09-22T08:09:46.873110044+09:00","Action":"output","Package":"github.com/hkjang/Vendra/internal/httpapi","Test":"TestUploadedFilenameCannotEscapeOrInject/path_segments_are_dropped","Output":"=== RUN   TestUploadedFilenameCannotEscapeOrInject/path_segments_are_dropped\n"}
{"Time":"2026-09-22T08:09:46.882917067+09:00","Action":"output","Package":"github.com/hkjang/Vendra/internal/httpapi","Test":"TestUploadedFilenameCannotEscapeOrInject/path_segments_are_dropped","Output":"2026/09/22 08:09:46 INFO request method=POST path=/api/v1/documents/upload duration_ms=10 request_id=RQGzAJvkcm40qvOX\n"}
{"Time":"2026-09-22T08:09:46.947241122+09:00","Action":"output","Package":"github.com/hkjang/Vendra/internal/httpapi","Test":"TestUploadedFilenameCannotEscapeOrInject/path_segments_are_dropped","Output":"2026/09/22 08:09:46 ERROR notification scheduling failed error=\"context canceled\"\n"}
{"Time":"2026-09-22T08:09:46.949209462+09:00","Action":"output","Package":"github.com/hkjang/Vendra/internal/httpapi","Test":"TestUploadedFilenameCannotEscapeOrInject/path_segments_are_dropped","Output":"2026/09/22 08:09:46 ERROR notification dispatch failed error=\"context canceled\"\n"}
{"Time":"2026-09-22T08:09:46.949787736+09:00","Action":"output","Package":"github.com/hkjang/Vendra/internal/httpapi","Test":"TestUploadedFilenameCannotEscapeOrInject/path_segments_are_dropped","Output":"2026/09/22 08:09:46 ERROR retention sweep failed error=\"context canceled\"\n"}
{"Time":"2026-09-22T08:09:46.950403997+09:00","Action":"output","Package":"github.com/hkjang/Vendra/internal/httpapi","Test":"TestUploadedFilenameCannotEscapeOrInject/path_segments_are_dropped","Output":"--- PASS: TestUploadedFilenameCannotEscapeOrInject/path_segments_are_dropped (0.08s)\n"}
{"Time":"2026-09-22T08:09:46.950896457+09:00","Action":"pass","Package":"github.com/hkjang/Vendra/internal/httpapi","Test":"TestUploadedFilenameCannotEscapeOrInject/path_segments_are_dropped","Elapsed":0.08}
{"Time":"2026-09-22T08:09:46.951394223+09:00","Action":"run","Package":"github.com/hkjang/Vendra/internal/httpapi","Test":"TestUploadedFilenameCannotEscapeOrInject/header_injection_is_refused"}
{"Time":"2026-09-22T08:09:46.951805033+09:00","Action":"output","Package":"github.com/hkjang/Vendra/internal/httpapi","Test":"TestUploadedFilenameCannotEscapeOrInject/header_injection_is_refused","Output":"=== RUN   TestUploadedFilenameCannotEscapeOrInject/header_injection_is_refused\n"}
{"Time":"2026-09-22T08:09:46.957307485+09:00","Action":"output","Package":"github.com/hkjang/Vendra/internal/httpapi","Test":"TestUploadedFilenameCannotEscapeOrInject/header_injection_is_refused","Output":"2026/09/22 08:09:46 INFO request method=POST path=/api/v1/documents/upload duration_ms=6 request_id=dcqvF0PuA0CEfGuJ\n"}
{"Time":"2026-09-22T08:09:46.963242705+09:00","Action":"output","Package":"github.com/hkjang/Vendra/internal/httpapi","Test":"TestUploadedFilenameCannotEscapeOrInject/header_injection_is_refused","Output":"2026/09/22 08:09:46 INFO request method=GET path=/api/v1/documents/99fbce06-5797-4e26-bb0c-46f53c7f92a9/download duration_ms=5 request_id=k3CjUo5lWHgOu7UX\n"}
{"Time":"2026-09-22T08:09:46.96379309+09:00","Action":"output","Package":"github.com/hkjang/Vendra/internal/httpapi","Test":"TestUploadedFilenameCannotEscapeOrInject/header_injection_is_refused","Output":"--- PASS: TestUploadedFilenameCannotEscapeOrInject/header_injection_is_refused (0.01s)\n"}
{"Time":"2026-09-22T08:09:46.964265867+09:00","Action":"pass","Package":"github.com/hkjang/Vendra/internal/httpapi","Test":"TestUploadedFilenameCannotEscapeOrInject/header_injection_is_refused","Elapsed":0.01}
{"Time":"2026-09-22T08:09:46.964706802+09:00","Action":"output","Package":"github.com/hkjang/Vendra/internal/httpapi","Test":"TestUploadedFilenameCannotEscapeOrInject","Output":"--- PASS: TestUploadedFilenameCannotEscapeOrInject (0.28s)\n"}
{"Time":"2026-09-22T08:09:46.965119413+09:00","Action":"pass","Package":"github.com/hkjang/Vendra/internal/httpapi","Test":"TestUploadedFilenameCannotEscapeOrInject","Elapsed":0.28}
{"Time":"2026-09-22T08:09:46.965595721+09:00","Action":"run","Package":"github.com/hkjang/Vendra/internal/httpapi","Test":"TestServedContentIsCheckedAgainstItsChecksum"}
{"Time":"2026-09-22T08:09:46.966104223+09:00","Action":"output","Package":"github.com/hkjang/Vendra/internal/httpapi","Test":"TestServedContentIsCheckedAgainstItsChecksum","Output":"=== RUN   TestServedContentIsCheckedAgainstItsChecksum\n"}
{"Time":"2026-09-22T08:09:47.131223982+09:00","Action":"output","Package":"github.com/hkjang/Vendra/internal/httpapi","Test":"TestServedContentIsCheckedAgainstItsChecksum","Output":"2026/09/22 08:09:47 INFO request method=POST path=/api/auth/login duration_ms=11 request_id=lTvuvwovvceXNAqd\n"}
{"Time":"2026-09-22T08:09:47.13839644+09:00","Action":"output","Package":"github.com/hkjang/Vendra/internal/httpapi","Test":"TestServedContentIsCheckedAgainstItsChecksum","Output":"2026/09/22 08:09:47 INFO request method=POST path=/api/auth/login duration_ms=7 request_id=0e7g0fiJsRWwzJ8e\n"}
{"Time":"2026-09-22T08:09:47.217369865+09:00","Action":"output","Package":"github.com/hkjang/Vendra/internal/httpapi","Test":"TestServedContentIsCheckedAgainstItsChecksum","Output":"2026/09/22 08:09:47 INFO request method=POST path=/api/v1/documents/upload duration_ms=11 request_id=uO7Id_xaBRZwW0o5\n"}
{"Time":"2026-09-22T08:09:47.225537465+09:00","Action":"output","Package":"github.com/hkjang/Vendra/internal/httpapi","Test":"TestServedContentIsCheckedAgainstItsChecksum","Output":"--- PASS: TestServedContentIsCheckedAgainstItsChecksum (0.26s)\n"}
{"Time":"2026-09-22T08:09:47.226878796+09:00","Action":"pass","Package":"github.com/hkjang/Vendra/internal/httpapi","Test":"TestServedContentIsCheckedAgainstItsChecksum","Elapsed":0.26}
{"Time":"2026-09-22T08:09:47.227398429+09:00","Action":"run","Package":"github.com/hkjang/Vendra/internal/httpapi","Test":"TestEveryStoredEmailIsAnAddress"}
{"Time":"2026-09-22T08:09:47.228000955+09:00","Action":"output","Package":"github.com/hkjang/Vendra/internal/httpapi","Test":"TestEveryStoredEmailIsAnAddress","Output":"=== RUN   TestEveryStoredEmailIsAnAddress\n"}
{"Time":"2026-09-22T08:09:47.246179301+09:00","Action":"output","Package":"github.com/hkjang/Vendra/internal/httpapi","Test":"TestEveryStoredEmailIsAnAddress","Output":"--- PASS: TestEveryStoredEmailIsAnAddress (0.02s)\n"}
{"Time":"2026-09-22T08:09:47.246839926+09:00","Action":"pass","Package":"github.com/hkjang/Vendra/internal/httpapi","Test":"TestEveryStoredEmailIsAnAddress","Elapsed":0.02}
{"Time":"2026-09-22T08:09:47.24731801+09:00","Action":"run","Package":"github.com/hkjang/Vendra/internal/httpapi","Test":"TestARejectedEmailNamesTheBox"}
{"Time":"2026-09-22T08:09:47.247769594+09:00","Action":"output","Package":"github.com/hkjang/Vendra/internal/httpapi","Test":"TestARejectedEmailNamesTheBox","Output":"=== RUN   TestARejectedEmailNamesTheBox\n"}
{"Time":"2026-09-22T08:09:47.248237723+09:00","Action":"output","Package":"github.com/hkjang/Vendra/internal/httpapi","Test":"TestARejectedEmailNamesTheBox","Output":"--- PASS: TestARejectedEmailNamesTheBox (0.00s)\n"}
{"Time":"2026-09-22T08:09:47.248694582+09:00","Action":"pass","Package":"github.com/hkjang/Vendra/internal/httpapi","Test":"TestARejectedEmailNamesTheBox","Elapsed":0}
{"Time":"2026-09-22T08:09:47.24922646+09:00","Action":"run","Package":"github.com/hkjang/Vendra/internal/httpapi","Test":"TestEveryRiskGradeIsInTheVocabulary"}
{"Time":"2026-09-22T08:09:47.249620666+09:00","Action":"output","Package":"github.com/hkjang/Vendra/internal/httpapi","Test":"TestEveryRiskGradeIsInTheVocabulary","Output":"=== RUN   TestEveryRiskGradeIsInTheVocabulary\n"}
{"Time":"2026-09-22T08:09:47.263277594+09:00","Action":"output","Package":"github.com/hkjang/Vendra/internal/httpapi","Test":"TestEveryRiskGradeIsInTheVocabulary","Output":"--- PASS: TestEveryRiskGradeIsInTheVocabulary (0.02s)\n"}
{"Time":"2026-09-22T08:09:47.26386322+09:00","Action":"pass","Package":"github.com/hkjang/Vendra/internal/httpapi","Test":"TestEveryRiskGradeIsInTheVocabulary","Elapsed":0.02}
{"Time":"2026-09-22T08:09:47.264349547+09:00","Action":"run","Package":"github.com/hkjang/Vendra/internal/httpapi","Test":"TestARejectedGradeNamesTheBoxAndTheChoices"}
{"Time":"2026-09-22T08:09:47.264841668+09:00","Action":"output","Package":"github.com/hkjang/Vendra/internal/httpapi","Test":"TestARejectedGradeNamesTheBoxAndTheChoices","Output":"=== RUN   TestARejectedGradeNamesTheBoxAndTheChoices\n"}
{"Time":"2026-09-22T08:09:47.265307411+09:00","Action":"output","Package":"github.com/hkjang/Vendra/internal/httpapi","Test":"TestARejectedGradeNamesTheBoxAndTheChoices","Output":"--- PASS: TestARejectedGradeNamesTheBoxAndTheChoices (0.00s)\n"}
{"Time":"2026-09-22T08:09:47.265763682+09:00","Action":"pass","Package":"github.com/hkjang/Vendra/internal/httpapi","Test":"TestARejectedGradeNamesTheBoxAndTheChoices","Elapsed":0}
{"Time":"2026-09-22T08:09:47.266199542+09:00","Action":"run","Package":"github.com/hkjang/Vendra/internal/httpapi","Test":"TestBoolSettingReportsFailureInsteadOfPermitting"}
{"Time":"2026-09-22T08:09:47.266736718+09:00","Action":"output","Package":"github.com/hkjang/Vendra/internal/httpapi","Test":"TestBoolSettingReportsFailureInsteadOfPermitting","Output":"=== RUN   TestBoolSettingReportsFailureInsteadOfPermitting\n"}
{"Time":"2026-09-22T08:09:47.267171402+09:00","Action":"output","Package":"github.com/hkjang/Vendra/internal/httpapi","Test":"TestBoolSettingReportsFailureInsteadOfPermitting","Output":"--- PASS: TestBoolSettingReportsFailureInsteadOfPermitting (0.00s)\n"}
{"Time":"2026-09-22T08:09:47.267559315+09:00","Action":"pass","Package":"github.com/hkjang/Vendra/internal/httpapi","Test":"TestBoolSettingReportsFailureInsteadOfPermitting","Elapsed":0}
{"Time":"2026-09-22T08:09:47.26796512+09:00","Action":"run","Package":"github.com/hkjang/Vendra/internal/httpapi","Test":"TestSubmitRefusesWhenApprovalSettingUnreadable"}
{"Time":"2026-09-22T08:09:47.268487219+09:00","Action":"output","Package":"github.com/hkjang/Vendra/internal/httpapi","Test":"TestSubmitRefusesWhenApprovalSettingUnreadable","Output":"=== RUN   TestSubmitRefusesWhenApprovalSettingUnreadable\n"}
{"Time":"2026-09-22T08:09:47.331462256+09:00","Action":"output","Package":"github.com/hkjang/Vendra/internal/httpapi","Test":"TestSubmitRefusesWhenApprovalSettingUnreadable","Output":"    failclosed_test.go:49: the test role reads settings regardless of the revoke (superuser?)\n"}
{"Time":"2026-09-22T08:09:47.332325343+09:00","Action":"output","Package":"github.com/hkjang/Vendra/internal/httpapi","Test":"TestSubmitRefusesWhenApprovalSettingUnreadable","Output":"--- SKIP: TestSubmitRefusesWhenApprovalSettingUnreadable (0.07s)\n"}
{"Time":"2026-09-22T08:09:47.33292365+09:00","Action":"skip","Package":"github.com/hkjang/Vendra/internal/httpapi","Test":"TestSubmitRefusesWhenApprovalSettingUnreadable","Elapsed":0.07}
{"Time":"2026-09-22T08:09:47.333399772+09:00","Action":"run","Package":"github.com/hkjang/Vendra/internal/httpapi","Test":"TestSeparationOfDutiesReportsFailure"}
{"Time":"2026-09-22T08:09:47.333840616+09:00","Action":"output","Package":"github.com/hkjang/Vendra/internal/httpapi","Test":"TestSeparationOfDutiesReportsFailure","Output":"=== RUN   TestSeparationOfDutiesReportsFailure\n"}
{"Time":"2026-09-22T08:09:47.334308491+09:00","Action":"output","Package":"github.com/hkjang/Vendra/internal/httpapi","Test":"TestSeparationOfDutiesReportsFailure","Output":"--- PASS: TestSeparationOfDutiesReportsFailure (0.00s)\n"}
{"Time":"2026-09-22T08:09:47.334858393+09:00","Action":"pass","Package":"github.com/hkjang/Vendra/internal/httpapi","Test":"TestSeparationOfDutiesReportsFailure","Elapsed":0}
{"Time":"2026-09-22T08:09:47.335319509+09:00","Action":"run","Package":"github.com/hkjang/Vendra/internal/httpapi","Test":"TestSelfApprovalRefusedWhenPolicyUnreadable"}
{"Time":"2026-09-22T08:09:47.335790993+09:00","Action":"output","Package":"github.com/hkjang/Vendra/internal/httpapi","Test":"TestSelfApprovalRefusedWhenPolicyUnreadable","Output":"=== RUN   TestSelfApprovalRefusedWhenPolicyUnreadable\n"}
{"Time":"2026-09-22T08:09:47.3968286+09:00","Action":"output","Package":"github.com/hkjang/Vendra/internal/httpapi","Test":"TestSelfApprovalRefusedWhenPolicyUnreadable","Output":"    failclosed_test.go:147: the test role reads settings regardless of the revoke (superuser?)\n"}
{"Time":"2026-09-22T08:09:47.399503197+09:00","Action":"output","Package":"github.com/hkjang/Vendra/internal/httpapi","Test":"TestSelfApprovalRefusedWhenPolicyUnreadable","Output":"--- SKIP: TestSelfApprovalRefusedWhenPolicyUnreadable (0.07s)\n"}
{"Time":"2026-09-22T08:09:47.400018266+09:00","Action":"skip","Package":"github.com/hkjang/Vendra/internal/httpapi","Test":"TestSelfApprovalRefusedWhenPolicyUnreadable","Elapsed":0.07}
{"Time":"2026-09-22T08:09:47.400563498+09:00","Action":"run","Package":"github.com/hkjang/Vendra/internal/httpapi","Test":"TestEveryPictureTheGuidesShowExists"}
{"Time":"2026-09-22T08:09:47.401405095+09:00","Action":"output","Package":"github.com/hkjang/Vendra/internal/httpapi","Test":"TestEveryPictureTheGuidesShowExists","Output":"=== RUN   TestEveryPictureTheGuidesShowExists\n"}
{"Time":"2026-09-22T08:09:47.401899713+09:00","Action":"output","Package":"github.com/hkjang/Vendra/internal/httpapi","Test":"TestEveryPictureTheGuidesShowExists","Output":"--- PASS: TestEveryPictureTheGuidesShowExists (0.00s)\n"}
{"Time":"2026-09-22T08:09:47.402384715+09:00","Action":"pass","Package":"github.com/hkjang/Vendra/internal/httpapi","Test":"TestEveryPictureTheGuidesShowExists","Elapsed":0}
{"Time":"2026-09-22T08:09:47.402893507+09:00","Action":"run","Package":"github.com/hkjang/Vendra/internal/httpapi","Test":"TestAdminGuideNamesEveryEnvironmentVariableTheServerReads"}
{"Time":"2026-09-22T08:09:47.403379803+09:00","Action":"output","Package":"github.com/hkjang/Vendra/internal/httpapi","Test":"TestAdminGuideNamesEveryEnvironmentVariableTheServerReads","Output":"=== RUN   TestAdminGuideNamesEveryEnvironmentVariableTheServerReads\n"}
{"Time":"2026-09-22T08:09:47.403856657+09:00","Action":"output","Package":"github.com/hkjang/Vendra/internal/httpapi","Test":"TestAdminGuideNamesEveryEnvironmentVariableTheServerReads","Output":"--- PASS: TestAdminGuideNamesEveryEnvironmentVariableTheServerReads (0.00s)\n"}
{"Time":"2026-09-22T08:09:47.404371827+09:00","Action":"pass","Package":"github.com/hkjang/Vendra/internal/httpapi","Test":"TestAdminGuideNamesEveryEnvironmentVariableTheServerReads","Elapsed":0}
{"Time":"2026-09-22T08:09:47.404866668+09:00","Action":"run","Package":"github.com/hkjang/Vendra/internal/httpapi","Test":"TestEveryWayAnInvitationStopsWorkingIsReadAtRedemption"}
{"Time":"2026-09-22T08:09:47.405291402+09:00","Action":"output","Package":"github.com/hkjang/Vendra/internal/httpapi","Test":"TestEveryWayAnInvitationStopsWorkingIsReadAtRedemption","Output":"=== RUN   TestEveryWayAnInvitationStopsWorkingIsReadAtRedemption\n"}
{"Time":"2026-09-22T08:09:47.415177294+09:00","Action":"output","Package":"github.com/hkjang/Vendra/internal/httpapi","Test":"TestEveryWayAnInvitationStopsWorkingIsReadAtRedemption","Output":"--- PASS: TestEveryWayAnInvitationStopsWorkingIsReadAtRedemption (0.01s)\n"}
{"Time":"2026-09-22T08:09:47.415688192+09:00","Action":"pass","Package":"github.com/hkjang/Vendra/internal/httpapi","Test":"TestEveryWayAnInvitationStopsWorkingIsReadAtRedemption","Elapsed":0.01}
{"Time":"2026-09-22T08:09:47.416167685+09:00","Action":"run","Package":"github.com/hkjang/Vendra/internal/httpapi","Test":"TestARevokedInvitationCannotBeRegisteredWith"}
{"Time":"2026-09-22T08:09:47.41670617+09:00","Action":"output","Package":"github.com/hkjang/Vendra/internal/httpapi","Test":"TestARevokedInvitationCannotBeRegisteredWith","Output":"=== RUN   TestARevokedInvitationCannotBeRegisteredWith\n"}
{"Time":"2026-09-22T08:09:47.648960298+09:00","Action":"output","Package":"github.com/hkjang/Vendra/internal/httpapi","Test":"TestARevokedInvitationCannotBeRegisteredWith","Output":"--- PASS: TestARevokedInvitationCannotBeRegisteredWith (0.23s)\n"}
{"Time":"2026-09-22T08:09:47.649658163+09:00","Action":"pass","Package":"github.com/hkjang/Vendra/internal/httpapi","Test":"TestARevokedInvitationCannotBeRegisteredWith","Elapsed":0.23}
{"Time":"2026-09-22T08:09:47.650143043+09:00","Action":"run","Package":"github.com/hkjang/Vendra/internal/httpapi","Test":"TestLoginLocksAccountAfterRepeatedFailures"}
{"Time":"2026-09-22T08:09:47.650825386+09:00","Action":"output","Package":"github.com/hkjang/Vendra/internal/httpapi","Test":"TestLoginLocksAccountAfterRepeatedFailures","Output":"=== RUN   TestLoginLocksAccountAfterRepeatedFailures\n"}
{"Time":"2026-09-22T08:09:47.99527786+09:00","Action":"output","Package":"github.com/hkjang/Vendra/internal/httpapi","Test":"TestLoginLocksAccountAfterRepeatedFailures","Output":"--- PASS: TestLoginLocksAccountAfterRepeatedFailures (0.35s)\n"}
{"Time":"2026-09-22T08:09:47.998202958+09:00","Action":"pass","Package":"github.com/hkjang/Vendra/internal/httpapi","Test":"TestLoginLocksAccountAfterRepeatedFailures","Elapsed":0.35}
{"Time":"2026-09-22T08:09:47.99881247+09:00","Action":"run","Package":"github.com/hkjang/Vendra/internal/httpapi","Test":"TestPurgeExpiredRemovesOnlyExpiredRows"}
{"Time":"2026-09-22T08:09:47.999286383+09:00","Action":"output","Package":"github.com/hkjang/Vendra/internal/httpapi","Test":"TestPurgeExpiredRemovesOnlyExpiredRows","Output":"=== RUN   TestPurgeExpiredRemovesOnlyExpiredRows\n"}
{"Time":"2026-09-22T08:09:48.076953798+09:00","Action":"output","Package":"github.com/hkjang/Vendra/internal/httpapi","Test":"TestPurgeExpiredRemovesOnlyExpiredRows","Output":"--- PASS: TestPurgeExpiredRemovesOnlyExpiredRows (0.08s)\n"}
{"Time":"2026-09-22T08:09:48.077595382+09:00","Action":"pass","Package":"github.com/hkjang/Vendra/internal/httpapi","Test":"TestPurgeExpiredRemovesOnlyExpiredRows","Elapsed":0.08}
{"Time":"2026-09-22T08:09:48.078108092+09:00","Action":"run","Package":"github.com/hkjang/Vendra/internal/httpapi","Test":"TestChangePasswordRotatesCredentialAndEvictsSessions"}
{"Time":"2026-09-22T08:09:48.078621215+09:00","Action":"output","Package":"github.com/hkjang/Vendra/internal/httpapi","Test":"TestChangePasswordRotatesCredentialAndEvictsSessions","Output":"=== RUN   TestChangePasswordRotatesCredentialAndEvictsSessions\n"}
{"Time":"2026-09-22T08:09:48.590599344+09:00","Action":"output","Package":"github.com/hkjang/Vendra/internal/httpapi","Test":"TestChangePasswordRotatesCredentialAndEvictsSessions","Output":"--- PASS: TestChangePasswordRotatesCredentialAndEvictsSessions (0.51s)\n"}
{"Time":"2026-09-22T08:09:48.591207341+09:00","Action":"pass","Package":"github.com/hkjang/Vendra/internal/httpapi","Test":"TestChangePasswordRotatesCredentialAndEvictsSessions","Elapsed":0.51}
{"Time":"2026-09-22T08:09:48.59184162+09:00","Action":"run","Package":"github.com/hkjang/Vendra/internal/httpapi","Test":"TestAdminResetPasswordEvictsEverySessionOfTheTarget"}
{"Time":"2026-09-22T08:09:48.592335994+09:00","Action":"output","Package":"github.com/hkjang/Vendra/internal/httpapi","Test":"TestAdminResetPasswordEvictsEverySessionOfTheTarget","Output":"=== RUN   TestAdminResetPasswordEvictsEverySessionOfTheTarget\n"}
{"Time":"2026-09-22T08:09:49.011981249+09:00","Action":"output","Package":"github.com/hkjang/Vendra/internal/httpapi","Test":"TestAdminResetPasswordEvictsEverySessionOfTheTarget","Output":"--- PASS: TestAdminResetPasswordEvictsEverySessionOfTheTarget (0.42s)\n"}
{"Time":"2026-09-22T08:09:49.012705163+09:00","Action":"pass","Package":"github.com/hkjang/Vendra/internal/httpapi","Test":"TestAdminResetPasswordEvictsEverySessionOfTheTarget","Elapsed":0.42}
{"Time":"2026-09-22T08:09:49.013348745+09:00","Action":"run","Package":"github.com/hkjang/Vendra/internal/httpapi","Test":"TestSessionListAndRevocation"}
{"Time":"2026-09-22T08:09:49.013938474+09:00","Action":"output","Package":"github.com/hkjang/Vendra/internal/httpapi","Test":"TestSessionListAndRevocation","Output":"=== RUN   TestSessionListAndRevocation\n"}
{"Time":"2026-09-22T08:09:49.251529276+09:00","Action":"output","Package":"github.com/hkjang/Vendra/internal/httpapi","Test":"TestSessionListAndRevocation","Output":"--- PASS: TestSessionListAndRevocation (0.24s)\n"}
{"Time":"2026-09-22T08:09:49.254992725+09:00","Action":"pass","Package":"github.com/hkjang/Vendra/internal/httpapi","Test":"TestSessionListAndRevocation","Elapsed":0.24}
{"Time":"2026-09-22T08:09:49.255533001+09:00","Action":"run","Package":"github.com/hkjang/Vendra/internal/httpapi","Test":"TestEditingAWorkflowDoesNotStrandInFlightApprovals"}
{"Time":"2026-09-22T08:09:49.256013312+09:00","Action":"output","Package":"github.com/hkjang/Vendra/internal/httpapi","Test":"TestEditingAWorkflowDoesNotStrandInFlightApprovals","Output":"=== RUN   TestEditingAWorkflowDoesNotStrandInFlightApprovals\n"}
{"Time":"2026-09-22T08:09:49.402446277+09:00","Action":"output","Package":"github.com/hkjang/Vendra/internal/httpapi","Test":"TestEditingAWorkflowDoesNotStrandInFlightApprovals","Output":"--- PASS: TestEditingAWorkflowDoesNotStrandInFlightApprovals (0.15s)\n"}
{"Time":"2026-09-22T08:09:49.403124189+09:00","Action":"pass","Package":"github.com/hkjang/Vendra/internal/httpapi","Test":"TestEditingAWorkflowDoesNotStrandInFlightApprovals","Elapsed":0.15}
{"Time":"2026-09-22T08:09:49.403566242+09:00","Action":"run","Package":"github.com/hkjang/Vendra/internal/httpapi","Test":"TestSeparationOfDutiesBlocksSelfApprovalWhenEnabled"}
{"Time":"2026-09-22T08:09:49.404027723+09:00","Action":"output","Package":"github.com/hkjang/Vendra/internal/httpapi","Test":"TestSeparationOfDutiesBlocksSelfApprovalWhenEnabled","Output":"=== RUN   TestSeparationOfDutiesBlocksSelfApprovalWhenEnabled\n"}
{"Time":"2026-09-22T08:09:49.578294749+09:00","Action":"output","Package":"github.com/hkjang/Vendra/internal/httpapi","Test":"TestSeparationOfDutiesBlocksSelfApprovalWhenEnabled","Output":"--- PASS: TestSeparationOfDutiesBlocksSelfApprovalWhenEnabled (0.18s)\n"}
{"Time":"2026-09-22T08:09:49.579189112+09:00","Action":"pass","Package":"github.com/hkjang/Vendra/internal/httpapi","Test":"TestSeparationOfDutiesBlocksSelfApprovalWhenEnabled","Elapsed":0.18}
{"Time":"2026-09-22T08:09:49.579814316+09:00","Action":"run","Package":"github.com/hkjang/Vendra/internal/httpapi","Test":"TestMCPRefusesSupplierPortalAccounts"}
{"Time":"2026-09-22T08:09:49.580334299+09:00","Action":"output","Package":"github.com/hkjang/Vendra/internal/httpapi","Test":"TestMCPRefusesSupplierPortalAccounts","Output":"=== RUN   TestMCPRefusesSupplierPortalAccounts\n"}
{"Time":"2026-09-22T08:09:49.851693718+09:00","Action":"output","Package":"github.com/hkjang/Vendra/internal/httpapi","Test":"TestMCPRefusesSupplierPortalAccounts","Output":"--- PASS: TestMCPRefusesSupplierPortalAccounts (0.27s)\n"}
{"Time":"2026-09-22T08:09:49.852445706+09:00","Action":"pass","Package":"github.com/hkjang/Vendra/internal/httpapi","Test":"TestMCPRefusesSupplierPortalAccounts","Elapsed":0.27}
{"Time":"2026-09-22T08:09:49.853007555+09:00","Action":"run","Package":"github.com/hkjang/Vendra/internal/httpapi","Test":"TestListUsersIsBoundedSearchableAndHonestAboutTruncation"}
{"Time":"2026-09-22T08:09:49.853458261+09:00","Action":"output","Package":"github.com/hkjang/Vendra/internal/httpapi","Test":"TestListUsersIsBoundedSearchableAndHonestAboutTruncation","Output":"=== RUN   TestListUsersIsBoundedSearchableAndHonestAboutTruncation\n"}
{"Time":"2026-09-22T08:09:50.127022254+09:00","Action":"output","Package":"github.com/hkjang/Vendra/internal/httpapi","Test":"TestListUsersIsBoundedSearchableAndHonestAboutTruncation","Output":"--- PASS: TestListUsersIsBoundedSearchableAndHonestAboutTruncation (0.28s)\n"}
{"Time":"2026-09-22T08:09:50.127937262+09:00","Action":"pass","Package":"github.com/hkjang/Vendra/internal/httpapi","Test":"TestListUsersIsBoundedSearchableAndHonestAboutTruncation","Elapsed":0.28}
{"Time":"2026-09-22T08:09:50.128575795+09:00","Action":"run","Package":"github.com/hkjang/Vendra/internal/httpapi","Test":"TestSourcingQuestionsHideCompetitorIdentity"}
{"Time":"2026-09-22T08:09:50.129122182+09:00","Action":"output","Package":"github.com/hkjang/Vendra/internal/httpapi","Test":"TestSourcingQuestionsHideCompetitorIdentity","Output":"=== RUN   TestSourcingQuestionsHideCompetitorIdentity\n"}
{"Time":"2026-09-22T08:09:50.404413793+09:00","Action":"output","Package":"github.com/hkjang/Vendra/internal/httpapi","Test":"TestSourcingQuestionsHideCompetitorIdentity","Output":"--- PASS: TestSourcingQuestionsHideCompetitorIdentity (0.28s)\n"}
{"Time":"2026-09-22T08:09:50.405232782+09:00","Action":"pass","Package":"github.com/hkjang/Vendra/internal/httpapi","Test":"TestSourcingQuestionsHideCompetitorIdentity","Elapsed":0.28}
{"Time":"2026-09-22T08:09:50.406432248+09:00","Action":"run","Package":"github.com/hkjang/Vendra/internal/httpapi","Test":"TestGlobalSearchDoesNotLoseResultsToPermissionFiltering"}
{"Time":"2026-09-22T08:09:50.406949226+09:00","Action":"output","Package":"github.com/hkjang/Vendra/internal/httpapi","Test":"TestGlobalSearchDoesNotLoseResultsToPermissionFiltering","Output":"=== RUN   TestGlobalSearchDoesNotLoseResultsToPermissionFiltering\n"}
{"Time":"2026-09-22T08:09:50.701371128+09:00","Action":"output","Package":"github.com/hkjang/Vendra/internal/httpapi","Test":"TestGlobalSearchDoesNotLoseResultsToPermissionFiltering","Output":"--- PASS: TestGlobalSearchDoesNotLoseResultsToPermissionFiltering (0.30s)\n"}
{"Time":"2026-09-22T08:09:50.702121011+09:00","Action":"pass","Package":"github.com/hkjang/Vendra/internal/httpapi","Test":"TestGlobalSearchDoesNotLoseResultsToPermissionFiltering","Elapsed":0.3}
{"Time":"2026-09-22T08:09:50.70271506+09:00","Action":"run","Package":"github.com/hkjang/Vendra/internal/httpapi","Test":"TestScreeningTemplateWithoutThresholdsIsRejected"}
{"Time":"2026-09-22T08:09:50.703259257+09:00","Action":"output","Package":"github.com/hkjang/Vendra/internal/httpapi","Test":"TestScreeningTemplateWithoutThresholdsIsRejected","Output":"=== RUN   TestScreeningTemplateWithoutThresholdsIsRejected\n"}
{"Time":"2026-09-22T08:09:50.857045843+09:00","Action":"output","Package":"github.com/hkjang/Vendra/internal/httpapi","Test":"TestScreeningTemplateWithoutThresholdsIsRejected","Output":"--- PASS: TestScreeningTemplateWithoutThresholdsIsRejected (0.16s)\n"}
{"Time":"2026-09-22T08:09:50.857994013+09:00","Action":"pass","Package":"github.com/hkjang/Vendra/internal/httpapi","Test":"TestScreeningTemplateWithoutThresholdsIsRejected","Elapsed":0.16}
{"Time":"2026-09-22T08:09:50.85865531+09:00","Action":"run","Package":"github.com/hkjang/Vendra/internal/httpapi","Test":"TestFormDraftsAreBoundedPerUser"}
{"Time":"2026-09-22T08:09:50.859305531+09:00","Action":"output","Package":"github.com/hkjang/Vendra/internal/httpapi","Test":"TestFormDraftsAreBoundedPerUser","Output":"=== RUN   TestFormDraftsAreBoundedPerUser\n"}
{"Time":"2026-09-22T08:09:51.23383257+09:00","Action":"output","Package":"github.com/hkjang/Vendra/internal/httpapi","Test":"TestFormDraftsAreBoundedPerUser","Output":"--- PASS: TestFormDraftsAreBoundedPerUser (0.38s)\n"}
{"Time":"2026-09-22T08:09:51.234755098+09:00","Action":"pass","Package":"github.com/hkjang/Vendra/internal/httpapi","Test":"TestFormDraftsAreBoundedPerUser","Elapsed":0.38}
{"Time":"2026-09-22T08:09:51.235301147+09:00","Action":"run","Package":"github.com/hkjang/Vendra/internal/httpapi","Test":"TestTheDraftJustSavedSurvivesEvictionWhateverTheClocksSay"}
{"Time":"2026-09-22T08:09:51.235793896+09:00","Action":"output","Package":"github.com/hkjang/Vendra/internal/httpapi","Test":"TestTheDraftJustSavedSurvivesEvictionWhateverTheClocksSay","Output":"=== RUN   TestTheDraftJustSavedSurvivesEvictionWhateverTheClocksSay\n"}
{"Time":"2026-09-22T08:09:51.614152256+09:00","Action":"output","Package":"github.com/hkjang/Vendra/internal/httpapi","Test":"TestTheDraftJustSavedSurvivesEvictionWhateverTheClocksSay","Output":"--- PASS: TestTheDraftJustSavedSurvivesEvictionWhateverTheClocksSay (0.38s)\n"}
{"Time":"2026-09-22T08:09:51.615083254+09:00","Action":"pass","Package":"github.com/hkjang/Vendra/internal/httpapi","Test":"TestTheDraftJustSavedSurvivesEvictionWhateverTheClocksSay","Elapsed":0.38}
{"Time":"2026-09-22T08:09:51.61573117+09:00","Action":"run","Package":"github.com/hkjang/Vendra/internal/httpapi","Test":"TestWorkItemStateBatchSurvivesAMalformedNotificationKey"}
{"Time":"2026-09-22T08:09:51.616214738+09:00","Action":"output","Package":"github.com/hkjang/Vendra/internal/httpapi","Test":"TestWorkItemStateBatchSurvivesAMalformedNotificationKey","Output":"=== RUN   TestWorkItemStateBatchSurvivesAMalformedNotificationKey\n"}
{"Time":"2026-09-22T08:09:51.761204801+09:00","Action":"output","Package":"github.com/hkjang/Vendra/internal/httpapi","Test":"TestWorkItemStateBatchSurvivesAMalformedNotificationKey","Output":"--- PASS: TestWorkItemStateBatchSurvivesAMalformedNotificationKey (0.15s)\n"}
{"Time":"2026-09-22T08:09:51.762104213+09:00","Action":"pass","Package":"github.com/hkjang/Vendra/internal/httpapi","Test":"TestWorkItemStateBatchSurvivesAMalformedNotificationKey","Elapsed":0.15}
{"Time":"2026-09-22T08:09:51.762653822+09:00","Action":"run","Package":"github.com/hkjang/Vendra/internal/httpapi","Test":"TestBankAccountNeverReachesTheAuditLog"}
{"Time":"2026-09-22T08:09:51.763155148+09:00","Action":"output","Package":"github.com/hkjang/Vendra/internal/httpapi","Test":"TestBankAccountNeverReachesTheAuditLog","Output":"=== RUN   TestBankAccountNeverReachesTheAuditLog\n"}
{"Time":"2026-09-22T08:09:51.908051032+09:00","Action":"output","Package":"github.com/hkjang/Vendra/internal/httpapi","Test":"TestBankAccountNeverReachesTheAuditLog","Output":"--- PASS: TestBankAccountNeverReachesTheAuditLog (0.15s)\n"}
{"Time":"2026-09-22T08:09:51.909133779+09:00","Action":"pass","Package":"github.com/hkjang/Vendra/internal/httpapi","Test":"TestBankAccountNeverReachesTheAuditLog","Elapsed":0.15}
{"Time":"2026-09-22T08:09:51.909641011+09:00","Action":"run","Package":"github.com/hkjang/Vendra/internal/httpapi","Test":"TestSourcingComparisonHidesUnsubmittedBids"}
{"Time":"2026-09-22T08:09:51.910116816+09:00","Action":"output","Package":"github.com/hkjang/Vendra/internal/httpapi","Test":"TestSourcingComparisonHidesUnsubmittedBids","Output":"=== RUN   TestSourcingComparisonHidesUnsubmittedBids\n"}
{"Time":"2026-09-22T08:09:52.079157932+09:00","Action":"output","Package":"github.com/hkjang/Vendra/internal/httpapi","Test":"TestSourcingComparisonHidesUnsubmittedBids","Output":"--- PASS: TestSourcingComparisonHidesUnsubmittedBids (0.17s)\n"}
{"Time":"2026-09-22T08:09:52.080055499+09:00","Action":"pass","Package":"github.com/hkjang/Vendra/internal/httpapi","Test":"TestSourcingComparisonHidesUnsubmittedBids","Elapsed":0.17}
{"Time":"2026-09-22T08:09:52.080602223+09:00","Action":"run","Package":"github.com/hkjang/Vendra/internal/httpapi","Test":"TestRiskRefusesRatingsThatAreNotOnTheScale"}
{"Time":"2026-09-22T08:09:52.081046953+09:00","Action":"output","Package":"github.com/hkjang/Vendra/internal/httpapi","Test":"TestRiskRefusesRatingsThatAreNotOnTheScale","Output":"=== RUN   TestRiskRefusesRatingsThatAreNotOnTheScale\n"}
{"Time":"2026-09-22T08:09:52.255853201+09:00","Action":"output","Package":"github.com/hkjang/Vendra/internal/httpapi","Test":"TestRiskRefusesRatingsThatAreNotOnTheScale","Output":"--- PASS: TestRiskRefusesRatingsThatAreNotOnTheScale (0.18s)\n"}
{"Time":"2026-09-22T08:09:52.25674342+09:00","Action":"pass","Package":"github.com/hkjang/Vendra/internal/httpapi","Test":"TestRiskRefusesRatingsThatAreNotOnTheScale","Elapsed":0.18}
{"Time":"2026-09-22T08:09:52.257323634+09:00","Action":"run","Package":"github.com/hkjang/Vendra/internal/httpapi","Test":"TestSupplierRelationshipRefusesWhatIsNotOne"}
{"Time":"2026-09-22T08:09:52.257833014+09:00","Action":"output","Package":"github.com/hkjang/Vendra/internal/httpapi","Test":"TestSupplierRelationshipRefusesWhatIsNotOne","Output":"=== RUN   TestSupplierRelationshipRefusesWhatIsNotOne\n"}
{"Time":"2026-09-22T08:09:52.44283091+09:00","Action":"output","Package":"github.com/hkjang/Vendra/internal/httpapi","Test":"TestSupplierRelationshipRefusesWhatIsNotOne","Output":"--- PASS: TestSupplierRelationshipRefusesWhatIsNotOne (0.19s)\n"}
{"Time":"2026-09-22T08:09:52.443581574+09:00","Action":"pass","Package":"github.com/hkjang/Vendra/internal/httpapi","Test":"TestSupplierRelationshipRefusesWhatIsNotOne","Elapsed":0.19}
{"Time":"2026-09-22T08:09:52.444117048+09:00","Action":"run","Package":"github.com/hkjang/Vendra/internal/httpapi","Test":"TestCompletingAScreeningMovesTheSupplier"}
{"Time":"2026-09-22T08:09:52.444729998+09:00","Action":"output","Package":"github.com/hkjang/Vendra/internal/httpapi","Test":"TestCompletingAScreeningMovesTheSupplier","Output":"=== RUN   TestCompletingAScreeningMovesTheSupplier\n"}
{"Time":"2026-09-22T08:09:52.665276669+09:00","Action":"output","Package":"github.com/hkjang/Vendra/internal/httpapi","Test":"TestCompletingAScreeningMovesTheSupplier","Output":"--- PASS: TestCompletingAScreeningMovesTheSupplier (0.22s)\n"}
{"Time":"2026-09-22T08:09:52.666137603+09:00","Action":"pass","Package":"github.com/hkjang/Vendra/internal/httpapi","Test":"TestCompletingAScreeningMovesTheSupplier","Elapsed":0.22}
{"Time":"2026-09-22T08:09:52.666782819+09:00","Action":"run","Package":"github.com/hkjang/Vendra/internal/httpapi","Test":"TestPortfolioAnalysisFencesTheDataItWasGiven"}
{"Time":"2026-09-22T08:09:52.667318214+09:00","Action":"output","Package":"github.com/hkjang/Vendra/internal/httpapi","Test":"TestPortfolioAnalysisFencesTheDataItWasGiven","Output":"=== RUN   TestPortfolioAnalysisFencesTheDataItWasGiven\n"}
{"Time":"2026-09-22T08:09:52.832914427+09:00","Action":"output","Package":"github.com/hkjang/Vendra/internal/httpapi","Test":"TestPortfolioAnalysisFencesTheDataItWasGiven","Output":"--- PASS: TestPortfolioAnalysisFencesTheDataItWasGiven (0.17s)\n"}
{"Time":"2026-09-22T08:09:52.833734813+09:00","Action":"pass","Package":"github.com/hkjang/Vendra/internal/httpapi","Test":"TestPortfolioAnalysisFencesTheDataItWasGiven","Elapsed":0.17}
{"Time":"2026-09-22T08:09:52.834503894+09:00","Action":"run","Package":"github.com/hkjang/Vendra/internal/httpapi","Test":"TestAIBudgetCountsDispatchesNotSuccesses"}
{"Time":"2026-09-22T08:09:52.835050123+09:00","Action":"output","Package":"github.com/hkjang/Vendra/internal/httpapi","Test":"TestAIBudgetCountsDispatchesNotSuccesses","Output":"=== RUN   TestAIBudgetCountsDispatchesNotSuccesses\n"}
{"Time":"2026-09-22T08:09:53.075773476+09:00","Action":"output","Package":"github.com/hkjang/Vendra/internal/httpapi","Test":"TestAIBudgetCountsDispatchesNotSuccesses","Output":"--- PASS: TestAIBudgetCountsDispatchesNotSuccesses (0.24s)\n"}
{"Time":"2026-09-22T08:09:53.076726044+09:00","Action":"pass","Package":"github.com/hkjang/Vendra/internal/httpapi","Test":"TestAIBudgetCountsDispatchesNotSuccesses","Elapsed":0.24}
{"Time":"2026-09-22T08:09:53.0774725+09:00","Action":"run","Package":"github.com/hkjang/Vendra/internal/httpapi","Test":"TestContractAnalysisFencesTheDataItWasGiven"}
{"Time":"2026-09-22T08:09:53.078072133+09:00","Action":"output","Package":"github.com/hkjang/Vendra/internal/httpapi","Test":"TestContractAnalysisFencesTheDataItWasGiven","Output":"=== RUN   TestContractAnalysisFencesTheDataItWasGiven\n"}
{"Time":"2026-09-22T08:09:53.270112377+09:00","Action":"output","Package":"github.com/hkjang/Vendra/internal/httpapi","Test":"TestContractAnalysisFencesTheDataItWasGiven","Output":"--- PASS: TestContractAnalysisFencesTheDataItWasGiven (0.19s)\n"}
{"Time":"2026-09-22T08:09:53.270985731+09:00","Action":"pass","Package":"github.com/hkjang/Vendra/internal/httpapi","Test":"TestContractAnalysisFencesTheDataItWasGiven","Elapsed":0.19}
{"Time":"2026-09-22T08:09:53.271681503+09:00","Action":"run","Package":"github.com/hkjang/Vendra/internal/httpapi","Test":"TestAIAnalysisRedactsBeforeItLeaves"}
{"Time":"2026-09-22T08:09:53.272308234+09:00","Action":"output","Package":"github.com/hkjang/Vendra/internal/httpapi","Test":"TestAIAnalysisRedactsBeforeItLeaves","Output":"=== RUN   TestAIAnalysisRedactsBeforeItLeaves\n"}
{"Time":"2026-09-22T08:09:53.524238152+09:00","Action":"output","Package":"github.com/hkjang/Vendra/internal/httpapi","Test":"TestAIAnalysisRedactsBeforeItLeaves","Output":"--- PASS: TestAIAnalysisRedactsBeforeItLeaves (0.25s)\n"}
{"Time":"2026-09-22T08:09:53.524779402+09:00","Action":"pass","Package":"github.com/hkjang/Vendra/internal/httpapi","Test":"TestAIAnalysisRedactsBeforeItLeaves","Elapsed":0.25}
{"Time":"2026-09-22T08:09:53.525224981+09:00","Action":"run","Package":"github.com/hkjang/Vendra/internal/httpapi","Test":"TestEverySurfaceCarryingARecordRespectsTheScope"}
{"Time":"2026-09-22T08:09:53.525721654+09:00","Action":"output","Package":"github.com/hkjang/Vendra/internal/httpapi","Test":"TestEverySurfaceCarryingARecordRespectsTheScope","Output":"=== RUN   TestEverySurfaceCarryingARecordRespectsTheScope\n"}
{"Time":"2026-09-22T08:09:53.821232395+09:00","Action":"output","Package":"github.com/hkjang/Vendra/internal/httpapi","Test":"TestEverySurfaceCarryingARecordRespectsTheScope","Output":"--- PASS: TestEverySurfaceCarryingARecordRespectsTheScope (0.30s)\n"}
{"Time":"2026-09-22T08:09:53.821934817+09:00","Action":"pass","Package":"github.com/hkjang/Vendra/internal/httpapi","Test":"TestEverySurfaceCarryingARecordRespectsTheScope","Elapsed":0.3}
{"Time":"2026-09-22T08:09:53.82243532+09:00","Action":"run","Package":"github.com/hkjang/Vendra/internal/httpapi","Test":"TestAuditTrailDoesNotCrossTheDataScope"}
{"Time":"2026-09-22T08:09:53.822948085+09:00","Action":"output","Package":"github.com/hkjang/Vendra/internal/httpapi","Test":"TestAuditTrailDoesNotCrossTheDataScope","Output":"=== RUN   TestAuditTrailDoesNotCrossTheDataScope\n"}
{"Time":"2026-09-22T08:09:54.08451132+09:00","Action":"output","Package":"github.com/hkjang/Vendra/internal/httpapi","Test":"TestAuditTrailDoesNotCrossTheDataScope","Output":"--- PASS: TestAuditTrailDoesNotCrossTheDataScope (0.26s)\n"}
{"Time":"2026-09-22T08:09:54.087681211+09:00","Action":"pass","Package":"github.com/hkjang/Vendra/internal/httpapi","Test":"TestAuditTrailDoesNotCrossTheDataScope","Elapsed":0.26}
{"Time":"2026-09-22T08:09:54.088327366+09:00","Action":"run","Package":"github.com/hkjang/Vendra/internal/httpapi","Test":"TestPortalWorkDoesNotCarryTheBuyersSide"}
{"Time":"2026-09-22T08:09:54.088808845+09:00","Action":"output","Package":"github.com/hkjang/Vendra/internal/httpapi","Test":"TestPortalWorkDoesNotCarryTheBuyersSide","Output":"=== RUN   TestPortalWorkDoesNotCarryTheBuyersSide\n"}
{"Time":"2026-09-22T08:09:54.2606845+09:00","Action":"output","Package":"github.com/hkjang/Vendra/internal/httpapi","Test":"TestPortalWorkDoesNotCarryTheBuyersSide","Output":"--- PASS: TestPortalWorkDoesNotCarryTheBuyersSide (0.18s)\n"}
{"Time":"2026-09-22T08:09:54.262840127+09:00","Action":"pass","Package":"github.com/hkjang/Vendra/internal/httpapi","Test":"TestPortalWorkDoesNotCarryTheBuyersSide","Elapsed":0.18}
{"Time":"2026-09-22T08:09:54.263615595+09:00","Action":"run","Package":"github.com/hkjang/Vendra/internal/httpapi","Test":"TestBidderIsNotShownTheBuyersPosition"}
{"Time":"2026-09-22T08:09:54.264095956+09:00","Action":"output","Package":"github.com/hkjang/Vendra/internal/httpapi","Test":"TestBidderIsNotShownTheBuyersPosition","Output":"=== RUN   TestBidderIsNotShownTheBuyersPosition\n"}
{"Time":"2026-09-22T08:09:54.450901411+09:00","Action":"output","Package":"github.com/hkjang/Vendra/internal/httpapi","Test":"TestBidderIsNotShownTheBuyersPosition","Output":"--- PASS: TestBidderIsNotShownTheBuyersPosition (0.19s)\n"}
{"Time":"2026-09-22T08:09:54.451647967+09:00","Action":"pass","Package":"github.com/hkjang/Vendra/internal/httpapi","Test":"TestBidderIsNotShownTheBuyersPosition","Elapsed":0.19}
{"Time":"2026-09-22T08:09:54.452286674+09:00","Action":"run","Package":"github.com/hkjang/Vendra/internal/httpapi","Test":"TestDecliningStaysOpenUntilABidIsSubmitted"}
{"Time":"2026-09-22T08:09:54.452745776+09:00","Action":"output","Package":"github.com/hkjang/Vendra/internal/httpapi","Test":"TestDecliningStaysOpenUntilABidIsSubmitted","Output":"=== RUN   TestDecliningStaysOpenUntilABidIsSubmitted\n"}
{"Time":"2026-09-22T08:09:54.66673794+09:00","Action":"output","Package":"github.com/hkjang/Vendra/internal/httpapi","Test":"TestDecliningStaysOpenUntilABidIsSubmitted","Output":"--- PASS: TestDecliningStaysOpenUntilABidIsSubmitted (0.22s)\n"}
{"Time":"2026-09-22T08:09:54.667421292+09:00","Action":"pass","Package":"github.com/hkjang/Vendra/internal/httpapi","Test":"TestDecliningStaysOpenUntilABidIsSubmitted","Elapsed":0.22}
{"Time":"2026-09-22T08:09:54.66787685+09:00","Action":"run","Package":"github.com/hkjang/Vendra/internal/httpapi","Test":"TestEvaluationRefusesWhatItCannotGrade"}
{"Time":"2026-09-22T08:09:54.668283523+09:00","Action":"output","Package":"github.com/hkjang/Vendra/internal/httpapi","Test":"TestEvaluationRefusesWhatItCannotGrade","Output":"=== RUN   TestEvaluationRefusesWhatItCannotGrade\n"}
{"Time":"2026-09-22T08:09:54.825706099+09:00","Action":"output","Package":"github.com/hkjang/Vendra/internal/httpapi","Test":"TestEvaluationRefusesWhatItCannotGrade","Output":"--- PASS: TestEvaluationRefusesWhatItCannotGrade (0.16s)\n"}
{"Time":"2026-09-22T08:09:54.826533179+09:00","Action":"pass","Package":"github.com/hkjang/Vendra/internal/httpapi","Test":"TestEvaluationRefusesWhatItCannotGrade","Elapsed":0.16}
{"Time":"2026-09-22T08:09:54.827017522+09:00","Action":"run","Package":"github.com/hkjang/Vendra/internal/httpapi","Test":"TestGlobalSearchSaysWhenItStoppedShort"}
{"Time":"2026-09-22T08:09:54.827499328+09:00","Action":"output","Package":"github.com/hkjang/Vendra/internal/httpapi","Test":"TestGlobalSearchSaysWhenItStoppedShort","Output":"=== RUN   TestGlobalSearchSaysWhenItStoppedShort\n"}
{"Time":"2026-09-22T08:09:54.985428737+09:00","Action":"output","Package":"github.com/hkjang/Vendra/internal/httpapi","Test":"TestGlobalSearchSaysWhenItStoppedShort","Output":"--- PASS: TestGlobalSearchSaysWhenItStoppedShort (0.16s)\n"}
{"Time":"2026-09-22T08:09:54.986093261+09:00","Action":"pass","Package":"github.com/hkjang/Vendra/internal/httpapi","Test":"TestGlobalSearchSaysWhenItStoppedShort","Elapsed":0.16}
{"Time":"2026-09-22T08:09:54.98661266+09:00","Action":"run","Package":"github.com/hkjang/Vendra/internal/httpapi","Test":"TestMalformedDateNamesTheFieldItCameFrom"}
{"Time":"2026-09-22T08:09:54.987066198+09:00","Action":"output","Package":"github.com/hkjang/Vendra/internal/httpapi","Test":"TestMalformedDateNamesTheFieldItCameFrom","Output":"=== RUN   TestMalformedDateNamesTheFieldItCameFrom\n"}
{"Time":"2026-09-22T08:09:55.116797686+09:00","Action":"output","Package":"github.com/hkjang/Vendra/internal/httpapi","Test":"TestMalformedDateNamesTheFieldItCameFrom","Output":"--- PASS: TestMalformedDateNamesTheFieldItCameFrom (0.13s)\n"}
{"Time":"2026-09-22T08:09:55.117492773+09:00","Action":"pass","Package":"github.com/hkjang/Vendra/internal/httpapi","Test":"TestMalformedDateNamesTheFieldItCameFrom","Elapsed":0.13}
{"Time":"2026-09-22T08:09:55.117932909+09:00","Action":"run","Package":"github.com/hkjang/Vendra/internal/httpapi","Test":"TestBooleanSettingsSurviveGarbage"}
{"Time":"2026-09-22T08:09:55.118313002+09:00","Action":"output","Package":"github.com/hkjang/Vendra/internal/httpapi","Test":"TestBooleanSettingsSurviveGarbage","Output":"=== RUN   TestBooleanSettingsSurviveGarbage\n"}
{"Time":"2026-09-22T08:09:55.189927604+09:00","Action":"output","Package":"github.com/hkjang/Vendra/internal/httpapi","Test":"TestBooleanSettingsSurviveGarbage","Output":"--- PASS: TestBooleanSettingsSurviveGarbage (0.07s)\n"}
{"Time":"2026-09-22T08:09:55.190716901+09:00","Action":"pass","Package":"github.com/hkjang/Vendra/internal/httpapi","Test":"TestBooleanSettingsSurviveGarbage","Elapsed":0.07}
{"Time":"2026-09-22T08:09:55.191149611+09:00","Action":"run","Package":"github.com/hkjang/Vendra/internal/httpapi","Test":"TestDispatchIsNotStarvedByARetiredAdapter"}
{"Time":"2026-09-22T08:09:55.191548654+09:00","Action":"output","Package":"github.com/hkjang/Vendra/internal/httpapi","Test":"TestDispatchIsNotStarvedByARetiredAdapter","Output":"=== RUN   TestDispatchIsNotStarvedByARetiredAdapter\n"}
{"Time":"2026-09-22T08:09:55.470279699+09:00","Action":"output","Package":"github.com/hkjang/Vendra/internal/httpapi","Test":"TestDispatchIsNotStarvedByARetiredAdapter","Output":"--- PASS: TestDispatchIsNotStarvedByARetiredAdapter (0.28s)\n"}
{"Time":"2026-09-22T08:09:55.471395272+09:00","Action":"pass","Package":"github.com/hkjang/Vendra/internal/httpapi","Test":"TestDispatchIsNotStarvedByARetiredAdapter","Elapsed":0.28}
{"Time":"2026-09-22T08:09:55.471916391+09:00","Action":"run","Package":"github.com/hkjang/Vendra/internal/httpapi","Test":"TestJSONFieldsSurviveGarbage"}
{"Time":"2026-09-22T08:09:55.472768337+09:00","Action":"output","Package":"github.com/hkjang/Vendra/internal/httpapi","Test":"TestJSONFieldsSurviveGarbage","Output":"=== RUN   TestJSONFieldsSurviveGarbage\n"}
{"Time":"2026-09-22T08:09:55.582633919+09:00","Action":"output","Package":"github.com/hkjang/Vendra/internal/httpapi","Test":"TestJSONFieldsSurviveGarbage","Output":"--- PASS: TestJSONFieldsSurviveGarbage (0.11s)\n"}
{"Time":"2026-09-22T08:09:55.583645831+09:00","Action":"pass","Package":"github.com/hkjang/Vendra/internal/httpapi","Test":"TestJSONFieldsSurviveGarbage","Elapsed":0.11}
{"Time":"2026-09-22T08:09:55.584698811+09:00","Action":"run","Package":"github.com/hkjang/Vendra/internal/httpapi","Test":"TestMalformedDeliveredAtDoesNotBreakReports"}
{"Time":"2026-09-22T08:09:55.58526469+09:00","Action":"output","Package":"github.com/hkjang/Vendra/internal/httpapi","Test":"TestMalformedDeliveredAtDoesNotBreakReports","Output":"=== RUN   TestMalformedDeliveredAtDoesNotBreakReports\n"}
{"Time":"2026-09-22T08:09:55.750036585+09:00","Action":"output","Package":"github.com/hkjang/Vendra/internal/httpapi","Test":"TestMalformedDeliveredAtDoesNotBreakReports","Output":"--- PASS: TestMalformedDeliveredAtDoesNotBreakReports (0.17s)\n"}
{"Time":"2026-09-22T08:09:55.750766096+09:00","Action":"pass","Package":"github.com/hkjang/Vendra/internal/httpapi","Test":"TestMalformedDeliveredAtDoesNotBreakReports","Elapsed":0.17}
{"Time":"2026-09-22T08:09:55.751364647+09:00","Action":"run","Package":"github.com/hkjang/Vendra/internal/httpapi","Test":"TestSourcingRoutesRefuseSupplierAccounts"}
{"Time":"2026-09-22T08:09:55.7519024+09:00","Action":"output","Package":"github.com/hkjang/Vendra/internal/httpapi","Test":"TestSourcingRoutesRefuseSupplierAccounts","Output":"=== RUN   TestSourcingRoutesRefuseSupplierAccounts\n"}
{"Time":"2026-09-22T08:09:56.001716123+09:00","Action":"output","Package":"github.com/hkjang/Vendra/internal/httpapi","Test":"TestSourcingRoutesRefuseSupplierAccounts","Output":"--- PASS: TestSourcingRoutesRefuseSupplierAccounts (0.25s)\n"}
{"Time":"2026-09-22T08:09:56.002689423+09:00","Action":"pass","Package":"github.com/hkjang/Vendra/internal/httpapi","Test":"TestSourcingRoutesRefuseSupplierAccounts","Elapsed":0.25}
{"Time":"2026-09-22T08:09:56.003312637+09:00","Action":"run","Package":"github.com/hkjang/Vendra/internal/httpapi","Test":"TestObjectCreationRespectsOrganisationScope"}
{"Time":"2026-09-22T08:09:56.003839404+09:00","Action":"output","Package":"github.com/hkjang/Vendra/internal/httpapi","Test":"TestObjectCreationRespectsOrganisationScope","Output":"=== RUN   TestObjectCreationRespectsOrganisationScope\n"}
{"Time":"2026-09-22T08:09:56.204785191+09:00","Action":"output","Package":"github.com/hkjang/Vendra/internal/httpapi","Test":"TestObjectCreationRespectsOrganisationScope","Output":"--- PASS: TestObjectCreationRespectsOrganisationScope (0.20s)\n"}
{"Time":"2026-09-22T08:09:56.205664537+09:00","Action":"pass","Package":"github.com/hkjang/Vendra/internal/httpapi","Test":"TestObjectCreationRespectsOrganisationScope","Elapsed":0.2}
{"Time":"2026-09-22T08:09:56.206334245+09:00","Action":"run","Package":"github.com/hkjang/Vendra/internal/httpapi","Test":"TestListsReportWhenTheyAreCutOff"}
{"Time":"2026-09-22T08:09:56.206961007+09:00","Action":"output","Package":"github.com/hkjang/Vendra/internal/httpapi","Test":"TestListsReportWhenTheyAreCutOff","Output":"=== RUN   TestListsReportWhenTheyAreCutOff\n"}
{"Time":"2026-09-22T08:09:56.353820599+09:00","Action":"output","Package":"github.com/hkjang/Vendra/internal/httpapi","Test":"TestListsReportWhenTheyAreCutOff","Output":"--- PASS: TestListsReportWhenTheyAreCutOff (0.15s)\n"}
{"Time":"2026-09-22T08:09:56.354478895+09:00","Action":"pass","Package":"github.com/hkjang/Vendra/internal/httpapi","Test":"TestListsReportWhenTheyAreCutOff","Elapsed":0.15}
{"Time":"2026-09-22T08:09:56.3549344+09:00","Action":"run","Package":"github.com/hkjang/Vendra/internal/httpapi","Test":"TestSupplyRelationshipRespectsScope"}
{"Time":"2026-09-22T08:09:56.355335124+09:00","Action":"output","Package":"github.com/hkjang/Vendra/internal/httpapi","Test":"TestSupplyRelationshipRespectsScope","Output":"=== RUN   TestSupplyRelationshipRespectsScope\n"}
{"Time":"2026-09-22T08:09:56.539210865+09:00","Action":"output","Package":"github.com/hkjang/Vendra/internal/httpapi","Test":"TestSupplyRelationshipRespectsScope","Output":"--- PASS: TestSupplyRelationshipRespectsScope (0.19s)\n"}
{"Time":"2026-09-22T08:09:56.539678025+09:00","Action":"pass","Package":"github.com/hkjang/Vendra/internal/httpapi","Test":"TestSupplyRelationshipRespectsScope","Elapsed":0.19}
{"Time":"2026-09-22T08:09:56.54009812+09:00","Action":"run","Package":"github.com/hkjang/Vendra/internal/httpapi","Test":"TestSupplierInvitesRespectScope"}
{"Time":"2026-09-22T08:09:56.540566705+09:00","Action":"output","Package":"github.com/hkjang/Vendra/internal/httpapi","Test":"TestSupplierInvitesRespectScope","Output":"=== RUN   TestSupplierInvitesRespectScope\n"}
{"Time":"2026-09-22T08:09:56.731610052+09:00","Action":"output","Package":"github.com/hkjang/Vendra/internal/httpapi","Test":"TestSupplierInvitesRespectScope","Output":"--- PASS: TestSupplierInvitesRespectScope (0.19s)\n"}
{"Time":"2026-09-22T08:09:56.732254219+09:00","Action":"pass","Package":"github.com/hkjang/Vendra/internal/httpapi","Test":"TestSupplierInvitesRespectScope","Elapsed":0.19}
{"Time":"2026-09-22T08:09:56.732729448+09:00","Action":"run","Package":"github.com/hkjang/Vendra/internal/httpapi","Test":"TestContractAmountAlertOnlyCountsItsOwnSupplier"}
{"Time":"2026-09-22T08:09:56.733125082+09:00","Action":"output","Package":"github.com/hkjang/Vendra/internal/httpapi","Test":"TestContractAmountAlertOnlyCountsItsOwnSupplier","Output":"=== RUN   TestContractAmountAlertOnlyCountsItsOwnSupplier\n"}
{"Time":"2026-09-22T08:09:56.820778708+09:00","Action":"output","Package":"github.com/hkjang/Vendra/internal/httpapi","Test":"TestContractAmountAlertOnlyCountsItsOwnSupplier","Output":"--- PASS: TestContractAmountAlertOnlyCountsItsOwnSupplier (0.09s)\n"}
{"Time":"2026-09-22T08:09:56.821402643+09:00","Action":"pass","Package":"github.com/hkjang/Vendra/internal/httpapi","Test":"TestContractAmountAlertOnlyCountsItsOwnSupplier","Elapsed":0.09}
{"Time":"2026-09-22T08:09:56.821856577+09:00","Action":"run","Package":"github.com/hkjang/Vendra/internal/httpapi","Test":"TestSpendTransactionOrganisationIsScoped"}
{"Time":"2026-09-22T08:09:56.822255017+09:00","Action":"output","Package":"github.com/hkjang/Vendra/internal/httpapi","Test":"TestSpendTransactionOrganisationIsScoped","Output":"=== RUN   TestSpendTransactionOrganisationIsScoped\n"}
{"Time":"2026-09-22T08:09:56.997901576+09:00","Action":"output","Package":"github.com/hkjang/Vendra/internal/httpapi","Test":"TestSpendTransactionOrganisationIsScoped","Output":"--- PASS: TestSpendTransactionOrganisationIsScoped (0.18s)\n"}
{"Time":"2026-09-22T08:09:56.998561987+09:00","Action":"pass","Package":"github.com/hkjang/Vendra/internal/httpapi","Test":"TestSpendTransactionOrganisationIsScoped","Elapsed":0.18}
{"Time":"2026-09-22T08:09:56.998977362+09:00","Action":"run","Package":"github.com/hkjang/Vendra/internal/httpapi","Test":"TestTwoStepApprovalWalksBothSteps"}
{"Time":"2026-09-22T08:09:56.999368471+09:00","Action":"output","Package":"github.com/hkjang/Vendra/internal/httpapi","Test":"TestTwoStepApprovalWalksBothSteps","Output":"=== RUN   TestTwoStepApprovalWalksBothSteps\n"}
{"Time":"2026-09-22T08:09:57.370177075+09:00","Action":"output","Package":"github.com/hkjang/Vendra/internal/httpapi","Test":"TestTwoStepApprovalWalksBothSteps","Output":"--- PASS: TestTwoStepApprovalWalksBothSteps (0.37s)\n"}
{"Time":"2026-09-22T08:09:57.370796122+09:00","Action":"pass","Package":"github.com/hkjang/Vendra/internal/httpapi","Test":"TestTwoStepApprovalWalksBothSteps","Elapsed":0.37}
{"Time":"2026-09-22T08:09:57.371330077+09:00","Action":"run","Package":"github.com/hkjang/Vendra/internal/httpapi","Test":"TestSubmittingTwiceDoesNotOpenTwoApprovals"}
{"Time":"2026-09-22T08:09:57.371701989+09:00","Action":"output","Package":"github.com/hkjang/Vendra/internal/httpapi","Test":"TestSubmittingTwiceDoesNotOpenTwoApprovals","Output":"=== RUN   TestSubmittingTwiceDoesNotOpenTwoApprovals\n"}
{"Time":"2026-09-22T08:09:57.556233089+09:00","Action":"output","Package":"github.com/hkjang/Vendra/internal/httpapi","Test":"TestSubmittingTwiceDoesNotOpenTwoApprovals","Output":"--- PASS: TestSubmittingTwiceDoesNotOpenTwoApprovals (0.19s)\n"}
{"Time":"2026-09-22T08:09:57.556770916+09:00","Action":"pass","Package":"github.com/hkjang/Vendra/internal/httpapi","Test":"TestSubmittingTwiceDoesNotOpenTwoApprovals","Elapsed":0.19}
{"Time":"2026-09-22T08:09:57.5571877+09:00","Action":"run","Package":"github.com/hkjang/Vendra/internal/httpapi","Test":"TestReturnedRequestCanBeResubmitted"}
{"Time":"2026-09-22T08:09:57.557561715+09:00","Action":"output","Package":"github.com/hkjang/Vendra/internal/httpapi","Test":"TestReturnedRequestCanBeResubmitted","Output":"=== RUN   TestReturnedRequestCanBeResubmitted\n"}
{"Time":"2026-09-22T08:09:57.803588586+09:00","Action":"output","Package":"github.com/hkjang/Vendra/internal/httpapi","Test":"TestReturnedRequestCanBeResubmitted","Output":"--- PASS: TestReturnedRequestCanBeResubmitted (0.25s)\n"}
{"Time":"2026-09-22T08:09:57.804250374+09:00","Action":"pass","Package":"github.com/hkjang/Vendra/internal/httpapi","Test":"TestReturnedRequestCanBeResubmitted","Elapsed":0.25}
{"Time":"2026-09-22T08:09:57.804747157+09:00","Action":"run","Package":"github.com/hkjang/Vendra/internal/httpapi","Test":"TestDocumentUploadSignAndDownload"}
{"Time":"2026-09-22T08:09:57.805155548+09:00","Action":"output","Package":"github.com/hkjang/Vendra/internal/httpapi","Test":"TestDocumentUploadSignAndDownload","Output":"=== RUN   TestDocumentUploadSignAndDownload\n"}
{"Time":"2026-09-22T08:09:57.939959624+09:00","Action":"output","Package":"github.com/hkjang/Vendra/internal/httpapi","Test":"TestDocumentUploadSignAndDownload","Output":"--- PASS: TestDocumentUploadSignAndDownload (0.14s)\n"}
{"Time":"2026-09-22T08:09:57.940790966+09:00","Action":"pass","Package":"github.com/hkjang/Vendra/internal/httpapi","Test":"TestDocumentUploadSignAndDownload","Elapsed":0.14}
{"Time":"2026-09-22T08:09:57.941306829+09:00","Action":"run","Package":"github.com/hkjang/Vendra/internal/httpapi","Test":"TestBidScoringStaysOnTheScaleTheFormOffers"}
{"Time":"2026-09-22T08:09:57.941722833+09:00","Action":"output","Package":"github.com/hkjang/Vendra/internal/httpapi","Test":"TestBidScoringStaysOnTheScaleTheFormOffers","Output":"=== RUN   TestBidScoringStaysOnTheScaleTheFormOffers\n"}
{"Time":"2026-09-22T08:09:58.118190452+09:00","Action":"output","Package":"github.com/hkjang/Vendra/internal/httpapi","Test":"TestBidScoringStaysOnTheScaleTheFormOffers","Output":"--- PASS: TestBidScoringStaysOnTheScaleTheFormOffers (0.18s)\n"}
{"Time":"2026-09-22T08:09:58.118711457+09:00","Action":"pass","Package":"github.com/hkjang/Vendra/internal/httpapi","Test":"TestBidScoringStaysOnTheScaleTheFormOffers","Elapsed":0.18}
{"Time":"2026-09-22T08:09:58.119218703+09:00","Action":"run","Package":"github.com/hkjang/Vendra/internal/httpapi","Test":"TestApprovalStatusCannotBeClaimedWithoutTheWorkflow"}
{"Time":"2026-09-22T08:09:58.119638287+09:00","Action":"output","Package":"github.com/hkjang/Vendra/internal/httpapi","Test":"TestApprovalStatusCannotBeClaimedWithoutTheWorkflow","Output":"=== RUN   TestApprovalStatusCannotBeClaimedWithoutTheWorkflow\n"}
{"Time":"2026-09-22T08:09:58.309941095+09:00","Action":"output","Package":"github.com/hkjang/Vendra/internal/httpapi","Test":"TestApprovalStatusCannotBeClaimedWithoutTheWorkflow","Output":"--- PASS: TestApprovalStatusCannotBeClaimedWithoutTheWorkflow (0.19s)\n"}
{"Time":"2026-09-22T08:09:58.310609511+09:00","Action":"pass","Package":"github.com/hkjang/Vendra/internal/httpapi","Test":"TestApprovalStatusCannotBeClaimedWithoutTheWorkflow","Elapsed":0.19}
{"Time":"2026-09-22T08:09:58.311081495+09:00","Action":"run","Package":"github.com/hkjang/Vendra/internal/httpapi","Test":"TestWorkInboxDoesNotLoseWorkToTypesTheReaderCannotRead"}
{"Time":"2026-09-22T08:09:58.311472387+09:00","Action":"output","Package":"github.com/hkjang/Vendra/internal/httpapi","Test":"TestWorkInboxDoesNotLoseWorkToTypesTheReaderCannotRead","Output":"=== RUN   TestWorkInboxDoesNotLoseWorkToTypesTheReaderCannotRead\n"}
{"Time":"2026-09-22T08:09:58.565600524+09:00","Action":"output","Package":"github.com/hkjang/Vendra/internal/httpapi","Test":"TestWorkInboxDoesNotLoseWorkToTypesTheReaderCannotRead","Output":"--- PASS: TestWorkInboxDoesNotLoseWorkToTypesTheReaderCannotRead (0.26s)\n"}
{"Time":"2026-09-22T08:09:58.56619988+09:00","Action":"pass","Package":"github.com/hkjang/Vendra/internal/httpapi","Test":"TestWorkInboxDoesNotLoseWorkToTypesTheReaderCannotRead","Elapsed":0.26}
{"Time":"2026-09-22T08:09:58.56667872+09:00","Action":"run","Package":"github.com/hkjang/Vendra/internal/httpapi","Test":"TestInvitationExpiryStaysWithinTheWindowTheFormOffers"}
{"Time":"2026-09-22T08:09:58.567179226+09:00","Action":"output","Package":"github.com/hkjang/Vendra/internal/httpapi","Test":"TestInvitationExpiryStaysWithinTheWindowTheFormOffers","Output":"=== RUN   TestInvitationExpiryStaysWithinTheWindowTheFormOffers\n"}
{"Time":"2026-09-22T08:09:58.714850893+09:00","Action":"output","Package":"github.com/hkjang/Vendra/internal/httpapi","Test":"TestInvitationExpiryStaysWithinTheWindowTheFormOffers","Output":"--- PASS: TestInvitationExpiryStaysWithinTheWindowTheFormOffers (0.15s)\n"}
{"Time":"2026-09-22T08:09:58.715523795+09:00","Action":"pass","Package":"github.com/hkjang/Vendra/internal/httpapi","Test":"TestInvitationExpiryStaysWithinTheWindowTheFormOffers","Elapsed":0.15}
{"Time":"2026-09-22T08:09:58.715953549+09:00","Action":"run","Package":"github.com/hkjang/Vendra/internal/httpapi","Test":"TestLifecycleSaveIsAllOrNothing"}
{"Time":"2026-09-22T08:09:58.716359251+09:00","Action":"output","Package":"github.com/hkjang/Vendra/internal/httpapi","Test":"TestLifecycleSaveIsAllOrNothing","Output":"=== RUN   TestLifecycleSaveIsAllOrNothing\n"}
{"Time":"2026-09-22T08:09:58.843318833+09:00","Action":"output","Package":"github.com/hkjang/Vendra/internal/httpapi","Test":"TestLifecycleSaveIsAllOrNothing","Output":"--- PASS: TestLifecycleSaveIsAllOrNothing (0.13s)\n"}
{"Time":"2026-09-22T08:09:58.843984656+09:00","Action":"pass","Package":"github.com/hkjang/Vendra/internal/httpapi","Test":"TestLifecycleSaveIsAllOrNothing","Elapsed":0.13}
{"Time":"2026-09-22T08:09:58.844433362+09:00","Action":"run","Package":"github.com/hkjang/Vendra/internal/httpapi","Test":"TestSupplyGraphEdgesStayInsideTheNodesItReturns"}
{"Time":"2026-09-22T08:09:58.844798542+09:00","Action":"output","Package":"github.com/hkjang/Vendra/internal/httpapi","Test":"TestSupplyGraphEdgesStayInsideTheNodesItReturns","Output":"=== RUN   TestSupplyGraphEdgesStayInsideTheNodesItReturns\n"}
{"Time":"2026-09-22T08:09:58.973533598+09:00","Action":"output","Package":"github.com/hkjang/Vendra/internal/httpapi","Test":"TestSupplyGraphEdgesStayInsideTheNodesItReturns","Output":"--- PASS: TestSupplyGraphEdgesStayInsideTheNodesItReturns (0.13s)\n"}
{"Time":"2026-09-22T08:09:58.974052615+09:00","Action":"pass","Package":"github.com/hkjang/Vendra/internal/httpapi","Test":"TestSupplyGraphEdgesStayInsideTheNodesItReturns","Elapsed":0.13}
{"Time":"2026-09-22T08:09:58.974500923+09:00","Action":"run","Package":"github.com/hkjang/Vendra/internal/httpapi","Test":"TestBoundedListsSayTheyAreBounded"}
{"Time":"2026-09-22T08:09:58.97491336+09:00","Action":"output","Package":"github.com/hkjang/Vendra/internal/httpapi","Test":"TestBoundedListsSayTheyAreBounded","Output":"=== RUN   TestBoundedListsSayTheyAreBounded\n"}
{"Time":"2026-09-22T08:09:59.131585632+09:00","Action":"output","Package":"github.com/hkjang/Vendra/internal/httpapi","Test":"TestBoundedListsSayTheyAreBounded","Output":"--- PASS: TestBoundedListsSayTheyAreBounded (0.16s)\n"}
{"Time":"2026-09-22T08:09:59.132095842+09:00","Action":"pass","Package":"github.com/hkjang/Vendra/internal/httpapi","Test":"TestBoundedListsSayTheyAreBounded","Elapsed":0.16}
{"Time":"2026-09-22T08:09:59.132497689+09:00","Action":"run","Package":"github.com/hkjang/Vendra/internal/httpapi","Test":"TestAnUnreadableBankAccountIsNotReportedAsAbsent"}
{"Time":"2026-09-22T08:09:59.132859491+09:00","Action":"output","Package":"github.com/hkjang/Vendra/internal/httpapi","Test":"TestAnUnreadableBankAccountIsNotReportedAsAbsent","Output":"=== RUN   TestAnUnreadableBankAccountIsNotReportedAsAbsent\n"}
{"Time":"2026-09-22T08:09:59.264831684+09:00","Action":"output","Package":"github.com/hkjang/Vendra/internal/httpapi","Test":"TestAnUnreadableBankAccountIsNotReportedAsAbsent","Output":"--- PASS: TestAnUnreadableBankAccountIsNotReportedAsAbsent (0.13s)\n"}
{"Time":"2026-09-22T08:09:59.265460225+09:00","Action":"pass","Package":"github.com/hkjang/Vendra/internal/httpapi","Test":"TestAnUnreadableBankAccountIsNotReportedAsAbsent","Elapsed":0.13}
{"Time":"2026-09-22T08:09:59.265974131+09:00","Action":"run","Package":"github.com/hkjang/Vendra/internal/httpapi","Test":"TestChangingAPasswordEndsTheSessionsItProtected"}
{"Time":"2026-09-22T08:09:59.26645487+09:00","Action":"output","Package":"github.com/hkjang/Vendra/internal/httpapi","Test":"TestChangingAPasswordEndsTheSessionsItProtected","Output":"=== RUN   TestChangingAPasswordEndsTheSessionsItProtected\n"}
{"Time":"2026-09-22T08:09:59.946689996+09:00","Action":"output","Package":"github.com/hkjang/Vendra/internal/httpapi","Test":"TestChangingAPasswordEndsTheSessionsItProtected","Output":"--- PASS: TestChangingAPasswordEndsTheSessionsItProtected (0.68s)\n"}
{"Time":"2026-09-22T08:09:59.947481463+09:00","Action":"pass","Package":"github.com/hkjang/Vendra/internal/httpapi","Test":"TestChangingAPasswordEndsTheSessionsItProtected","Elapsed":0.68}
{"Time":"2026-09-22T08:09:59.947930836+09:00","Action":"run","Package":"github.com/hkjang/Vendra/internal/httpapi","Test":"TestAwardingATenderRecordsTheDecision"}
{"Time":"2026-09-22T08:09:59.94831404+09:00","Action":"output","Package":"github.com/hkjang/Vendra/internal/httpapi","Test":"TestAwardingATenderRecordsTheDecision","Output":"=== RUN   TestAwardingATenderRecordsTheDecision\n"}
{"Time":"2026-09-22T08:10:00.106271545+09:00","Action":"output","Package":"github.com/hkjang/Vendra/internal/httpapi","Test":"TestAwardingATenderRecordsTheDecision","Output":"--- PASS: TestAwardingATenderRecordsTheDecision (0.16s)\n"}
{"Time":"2026-09-22T08:10:00.10704545+09:00","Action":"pass","Package":"github.com/hkjang/Vendra/internal/httpapi","Test":"TestAwardingATenderRecordsTheDecision","Elapsed":0.16}
{"Time":"2026-09-22T08:10:00.107590381+09:00","Action":"run","Package":"github.com/hkjang/Vendra/internal/httpapi","Test":"TestCreatingAContactDoesNotDependOnThePrimaryFlag"}
{"Time":"2026-09-22T08:10:00.108162434+09:00","Action":"output","Package":"github.com/hkjang/Vendra/internal/httpapi","Test":"TestCreatingAContactDoesNotDependOnThePrimaryFlag","Output":"=== RUN   TestCreatingAContactDoesNotDependOnThePrimaryFlag\n"}
{"Time":"2026-09-22T08:10:00.258448202+09:00","Action":"output","Package":"github.com/hkjang/Vendra/internal/httpapi","Test":"TestCreatingAContactDoesNotDependOnThePrimaryFlag","Output":"--- PASS: TestCreatingAContactDoesNotDependOnThePrimaryFlag (0.15s)\n"}
{"Time":"2026-09-22T08:10:00.259312259+09:00","Action":"pass","Package":"github.com/hkjang/Vendra/internal/httpapi","Test":"TestCreatingAContactDoesNotDependOnThePrimaryFlag","Elapsed":0.15}
{"Time":"2026-09-22T08:10:00.259739347+09:00","Action":"run","Package":"github.com/hkjang/Vendra/internal/httpapi","Test":"TestAFailedDecodeSaysSoRatherThanBlamingAField"}
{"Time":"2026-09-22T08:10:00.260133622+09:00","Action":"output","Package":"github.com/hkjang/Vendra/internal/httpapi","Test":"TestAFailedDecodeSaysSoRatherThanBlamingAField","Output":"=== RUN   TestAFailedDecodeSaysSoRatherThanBlamingAField\n"}
{"Time":"2026-09-22T08:10:00.39147332+09:00","Action":"output","Package":"github.com/hkjang/Vendra/internal/httpapi","Test":"TestAFailedDecodeSaysSoRatherThanBlamingAField","Output":"--- PASS: TestAFailedDecodeSaysSoRatherThanBlamingAField (0.13s)\n"}
{"Time":"2026-09-22T08:10:00.392227451+09:00","Action":"pass","Package":"github.com/hkjang/Vendra/internal/httpapi","Test":"TestAFailedDecodeSaysSoRatherThanBlamingAField","Elapsed":0.13}
{"Time":"2026-09-22T08:10:00.392700183+09:00","Action":"run","Package":"github.com/hkjang/Vendra/internal/httpapi","Test":"TestEveryDateFieldOnAWriteNamesItself"}
{"Time":"2026-09-22T08:10:00.393107492+09:00","Action":"output","Package":"github.com/hkjang/Vendra/internal/httpapi","Test":"TestEveryDateFieldOnAWriteNamesItself","Output":"=== RUN   TestEveryDateFieldOnAWriteNamesItself\n"}
{"Time":"2026-09-22T08:10:00.650144032+09:00","Action":"output","Package":"github.com/hkjang/Vendra/internal/httpapi","Test":"TestEveryDateFieldOnAWriteNamesItself","Output":"--- PASS: TestEveryDateFieldOnAWriteNamesItself (0.26s)\n"}
{"Time":"2026-09-22T08:10:00.653204904+09:00","Action":"pass","Package":"github.com/hkjang/Vendra/internal/httpapi","Test":"TestEveryDateFieldOnAWriteNamesItself","Elapsed":0.26}
{"Time":"2026-09-22T08:10:00.653666229+09:00","Action":"run","Package":"github.com/hkjang/Vendra/internal/httpapi","Test":"TestEveryAmountOnAWriteIsBounded"}
{"Time":"2026-09-22T08:10:00.654085341+09:00","Action":"output","Package":"github.com/hkjang/Vendra/internal/httpapi","Test":"TestEveryAmountOnAWriteIsBounded","Output":"=== RUN   TestEveryAmountOnAWriteIsBounded\n"}
{"Time":"2026-09-22T08:10:00.926516048+09:00","Action":"output","Package":"github.com/hkjang/Vendra/internal/httpapi","Test":"TestEveryAmountOnAWriteIsBounded","Output":"--- PASS: TestEveryAmountOnAWriteIsBounded (0.28s)\n"}
{"Time":"2026-09-22T08:10:00.927456972+09:00","Action":"pass","Package":"github.com/hkjang/Vendra/internal/httpapi","Test":"TestEveryAmountOnAWriteIsBounded","Elapsed":0.28}
{"Time":"2026-09-22T08:10:00.927988927+09:00","Action":"run","Package":"github.com/hkjang/Vendra/internal/httpapi","Test":"TestEveryLabelOnAWriteIsBounded"}
{"Time":"2026-09-22T08:10:00.928371558+09:00","Action":"output","Package":"github.com/hkjang/Vendra/internal/httpapi","Test":"TestEveryLabelOnAWriteIsBounded","Output":"=== RUN   TestEveryLabelOnAWriteIsBounded\n"}
{"Time":"2026-09-22T08:10:01.198821442+09:00","Action":"output","Package":"github.com/hkjang/Vendra/internal/httpapi","Test":"TestEveryLabelOnAWriteIsBounded","Output":"--- PASS: TestEveryLabelOnAWriteIsBounded (0.27s)\n"}
{"Time":"2026-09-22T08:10:01.199537221+09:00","Action":"pass","Package":"github.com/hkjang/Vendra/internal/httpapi","Test":"TestEveryLabelOnAWriteIsBounded","Elapsed":0.27}
{"Time":"2026-09-22T08:10:01.199975464+09:00","Action":"run","Package":"github.com/hkjang/Vendra/internal/httpapi","Test":"TestEveryRiskGradeOnAWriteIsInTheVocabulary"}
{"Time":"2026-09-22T08:10:01.200381002+09:00","Action":"output","Package":"github.com/hkjang/Vendra/internal/httpapi","Test":"TestEveryRiskGradeOnAWriteIsInTheVocabulary","Output":"=== RUN   TestEveryRiskGradeOnAWriteIsInTheVocabulary\n"}
{"Time":"2026-09-22T08:10:01.42324806+09:00","Action":"output","Package":"github.com/hkjang/Vendra/internal/httpapi","Test":"TestEveryRiskGradeOnAWriteIsInTheVocabulary","Output":"--- PASS: TestEveryRiskGradeOnAWriteIsInTheVocabulary (0.22s)\n"}
{"Time":"2026-09-22T08:10:01.423940465+09:00","Action":"pass","Package":"github.com/hkjang/Vendra/internal/httpapi","Test":"TestEveryRiskGradeOnAWriteIsInTheVocabulary","Elapsed":0.22}
{"Time":"2026-09-22T08:10:01.424463603+09:00","Action":"run","Package":"github.com/hkjang/Vendra/internal/httpapi","Test":"TestEveryRecordIDOnAWriteIsChecked"}
{"Time":"2026-09-22T08:10:01.424844113+09:00","Action":"output","Package":"github.com/hkjang/Vendra/internal/httpapi","Test":"TestEveryRecordIDOnAWriteIsChecked","Output":"=== RUN   TestEveryRecordIDOnAWriteIsChecked\n"}
{"Time":"2026-09-22T08:10:01.609631798+09:00","Action":"output","Package":"github.com/hkjang/Vendra/internal/httpapi","Test":"TestEveryRecordIDOnAWriteIsChecked","Output":"--- PASS: TestEveryRecordIDOnAWriteIsChecked (0.19s)\n"}
{"Time":"2026-09-22T08:10:01.610176061+09:00","Action":"pass","Package":"github.com/hkjang/Vendra/internal/httpapi","Test":"TestEveryRecordIDOnAWriteIsChecked","Elapsed":0.19}
{"Time":"2026-09-22T08:10:01.610714034+09:00","Action":"run","Package":"github.com/hkjang/Vendra/internal/httpapi","Test":"TestEveryEmailOnAWriteIsAnAddress"}
{"Time":"2026-09-22T08:10:01.611152416+09:00","Action":"output","Package":"github.com/hkjang/Vendra/internal/httpapi","Test":"TestEveryEmailOnAWriteIsAnAddress","Output":"=== RUN   TestEveryEmailOnAWriteIsAnAddress\n"}
{"Time":"2026-09-22T08:10:01.853408995+09:00","Action":"output","Package":"github.com/hkjang/Vendra/internal/httpapi","Test":"TestEveryEmailOnAWriteIsAnAddress","Output":"--- PASS: TestEveryEmailOnAWriteIsAnAddress (0.24s)\n"}
{"Time":"2026-09-22T08:10:01.854306581+09:00","Action":"pass","Package":"github.com/hkjang/Vendra/internal/httpapi","Test":"TestEveryEmailOnAWriteIsAnAddress","Elapsed":0.24}
{"Time":"2026-09-22T08:10:01.855322106+09:00","Action":"run","Package":"github.com/hkjang/Vendra/internal/httpapi","Test":"TestEveryContactDetailOnAWriteIsOne"}
{"Time":"2026-09-22T08:10:01.855785521+09:00","Action":"output","Package":"github.com/hkjang/Vendra/internal/httpapi","Test":"TestEveryContactDetailOnAWriteIsOne","Output":"=== RUN   TestEveryContactDetailOnAWriteIsOne\n"}
{"Time":"2026-09-22T08:10:02.101353677+09:00","Action":"output","Package":"github.com/hkjang/Vendra/internal/httpapi","Test":"TestEveryContactDetailOnAWriteIsOne","Output":"--- PASS: TestEveryContactDetailOnAWriteIsOne (0.25s)\n"}
{"Time":"2026-09-22T08:10:02.101913026+09:00","Action":"pass","Package":"github.com/hkjang/Vendra/internal/httpapi","Test":"TestEveryContactDetailOnAWriteIsOne","Elapsed":0.25}
{"Time":"2026-09-22T08:10:02.102324555+09:00","Action":"run","Package":"github.com/hkjang/Vendra/internal/httpapi","Test":"TestLoginProtectionNormalizedClampsBadInput"}
{"Time":"2026-09-22T08:10:02.102743053+09:00","Action":"output","Package":"github.com/hkjang/Vendra/internal/httpapi","Test":"TestLoginProtectionNormalizedClampsBadInput","Output":"=== RUN   TestLoginProtectionNormalizedClampsBadInput\n"}
{"Time":"2026-09-22T08:10:02.103096886+09:00","Action":"output","Package":"github.com/hkjang/Vendra/internal/httpapi","Test":"TestLoginProtectionNormalizedClampsBadInput","Output":"--- PASS: TestLoginProtectionNormalizedClampsBadInput (0.00s)\n"}
{"Time":"2026-09-22T08:10:02.10346748+09:00","Action":"pass","Package":"github.com/hkjang/Vendra/internal/httpapi","Test":"TestLoginProtectionNormalizedClampsBadInput","Elapsed":0}
{"Time":"2026-09-22T08:10:02.10386211+09:00","Action":"run","Package":"github.com/hkjang/Vendra/internal/httpapi","Test":"TestLoginProtectionRetryAfter"}
{"Time":"2026-09-22T08:10:02.104215763+09:00","Action":"output","Package":"github.com/hkjang/Vendra/internal/httpapi","Test":"TestLoginProtectionRetryAfter","Output":"=== RUN   TestLoginProtectionRetryAfter\n"}
{"Time":"2026-09-22T08:10:02.1045639+09:00","Action":"output","Package":"github.com/hkjang/Vendra/internal/httpapi","Test":"TestLoginProtectionRetryAfter","Output":"--- PASS: TestLoginProtectionRetryAfter (0.00s)\n"}
{"Time":"2026-09-22T08:10:02.105021838+09:00","Action":"pass","Package":"github.com/hkjang/Vendra/internal/httpapi","Test":"TestLoginProtectionRetryAfter","Elapsed":0}
{"Time":"2026-09-22T08:10:02.105395199+09:00","Action":"run","Package":"github.com/hkjang/Vendra/internal/httpapi","Test":"TestWriteLoginLockedSendsRetryAfter"}
{"Time":"2026-09-22T08:10:02.105767331+09:00","Action":"output","Package":"github.com/hkjang/Vendra/internal/httpapi","Test":"TestWriteLoginLockedSendsRetryAfter","Output":"=== RUN   TestWriteLoginLockedSendsRetryAfter\n"}
{"Time":"2026-09-22T08:10:02.106123683+09:00","Action":"output","Package":"github.com/hkjang/Vendra/internal/httpapi","Test":"TestWriteLoginLockedSendsRetryAfter","Output":"--- PASS: TestWriteLoginLockedSendsRetryAfter (0.00s)\n"}
{"Time":"2026-09-22T08:10:02.106502406+09:00","Action":"pass","Package":"github.com/hkjang/Vendra/internal/httpapi","Test":"TestWriteLoginLockedSendsRetryAfter","Elapsed":0}
{"Time":"2026-09-22T08:10:02.106930384+09:00","Action":"run","Package":"github.com/hkjang/Vendra/internal/httpapi","Test":"TestClientIPHandlesIPv6AndMissingPort"}
{"Time":"2026-09-22T08:10:02.107300448+09:00","Action":"output","Package":"github.com/hkjang/Vendra/internal/httpapi","Test":"TestClientIPHandlesIPv6AndMissingPort","Output":"=== RUN   TestClientIPHandlesIPv6AndMissingPort\n"}
{"Time":"2026-09-22T08:10:02.107651624+09:00","Action":"output","Package":"github.com/hkjang/Vendra/internal/httpapi","Test":"TestClientIPHandlesIPv6AndMissingPort","Output":"--- PASS: TestClientIPHandlesIPv6AndMissingPort (0.00s)\n"}
{"Time":"2026-09-22T08:10:02.108000266+09:00","Action":"pass","Package":"github.com/hkjang/Vendra/internal/httpapi","Test":"TestClientIPHandlesIPv6AndMissingPort","Elapsed":0}
{"Time":"2026-09-22T08:10:02.108336924+09:00","Action":"run","Package":"github.com/hkjang/Vendra/internal/httpapi","Test":"TestClientIPValueRejectsUnparseablePeers"}
{"Time":"2026-09-22T08:10:02.108675565+09:00","Action":"output","Package":"github.com/hkjang/Vendra/internal/httpapi","Test":"TestClientIPValueRejectsUnparseablePeers","Output":"=== RUN   TestClientIPValueRejectsUnparseablePeers\n"}
{"Time":"2026-09-22T08:10:02.109009343+09:00","Action":"output","Package":"github.com/hkjang/Vendra/internal/httpapi","Test":"TestClientIPValueRejectsUnparseablePeers","Output":"--- PASS: TestClientIPValueRejectsUnparseablePeers (0.00s)\n"}
{"Time":"2026-09-22T08:10:02.109353971+09:00","Action":"pass","Package":"github.com/hkjang/Vendra/internal/httpapi","Test":"TestClientIPValueRejectsUnparseablePeers","Elapsed":0}
{"Time":"2026-09-22T08:10:02.109714527+09:00","Action":"run","Package":"github.com/hkjang/Vendra/internal/httpapi","Test":"TestRetentionPolicyNormalized"}
{"Time":"2026-09-22T08:10:02.110087926+09:00","Action":"output","Package":"github.com/hkjang/Vendra/internal/httpapi","Test":"TestRetentionPolicyNormalized","Output":"=== RUN   TestRetentionPolicyNormalized\n"}
{"Time":"2026-09-22T08:10:02.110424478+09:00","Action":"output","Package":"github.com/hkjang/Vendra/internal/httpapi","Test":"TestRetentionPolicyNormalized","Output":"--- PASS: TestRetentionPolicyNormalized (0.00s)\n"}
{"Time":"2026-09-22T08:10:02.110808339+09:00","Action":"pass","Package":"github.com/hkjang/Vendra/internal/httpapi","Test":"TestRetentionPolicyNormalized","Elapsed":0}
{"Time":"2026-09-22T08:10:02.111191818+09:00","Action":"run","Package":"github.com/hkjang/Vendra/internal/httpapi","Test":"TestPasswordMatchesSpendsWorkOnUnknownAccounts"}
{"Time":"2026-09-22T08:10:02.111578516+09:00","Action":"output","Package":"github.com/hkjang/Vendra/internal/httpapi","Test":"TestPasswordMatchesSpendsWorkOnUnknownAccounts","Output":"=== RUN   TestPasswordMatchesSpendsWorkOnUnknownAccounts\n"}
{"Time":"2026-09-22T08:10:02.17589663+09:00","Action":"output","Package":"github.com/hkjang/Vendra/internal/httpapi","Test":"TestPasswordMatchesSpendsWorkOnUnknownAccounts","Output":"--- PASS: TestPasswordMatchesSpendsWorkOnUnknownAccounts (0.07s)\n"}
{"Time":"2026-09-22T08:10:02.17643236+09:00","Action":"pass","Package":"github.com/hkjang/Vendra/internal/httpapi","Test":"TestPasswordMatchesSpendsWorkOnUnknownAccounts","Elapsed":0.07}
{"Time":"2026-09-22T08:10:02.176880409+09:00","Action":"run","Package":"github.com/hkjang/Vendra/internal/httpapi","Test":"TestMCPAdvertisedLimitsAreApplied"}
{"Time":"2026-09-22T08:10:02.1773009+09:00","Action":"output","Package":"github.com/hkjang/Vendra/internal/httpapi","Test":"TestMCPAdvertisedLimitsAreApplied","Output":"=== RUN   TestMCPAdvertisedLimitsAreApplied\n"}
{"Time":"2026-09-22T08:10:02.177674877+09:00","Action":"run","Package":"github.com/hkjang/Vendra/internal/httpapi","Test":"TestMCPAdvertisedLimitsAreApplied/department"}
{"Time":"2026-09-22T08:10:02.17804695+09:00","Action":"output","Package":"github.com/hkjang/Vendra/internal/httpapi","Test":"TestMCPAdvertisedLimitsAreApplied/department","Output":"=== RUN   TestMCPAdvertisedLimitsAreApplied/department\n"}
{"Time":"2026-09-22T08:10:02.338052739+09:00","Action":"run","Package":"github.com/hkjang/Vendra/internal/httpapi","Test":"TestMCPAdvertisedLimitsAreApplied/department/search_suppliers"}
{"Time":"2026-09-22T08:10:02.33867961+09:00","Action":"output","Package":"github.com/hkjang/Vendra/internal/httpapi","Test":"TestMCPAdvertisedLimitsAreApplied/department/search_suppliers","Output":"=== RUN   TestMCPAdvertisedLimitsAreApplied/department/search_suppliers\n"}
{"Time":"2026-09-22T08:10:02.34562872+09:00","Action":"run","Package":"github.com/hkjang/Vendra/internal/httpapi","Test":"TestMCPAdvertisedLimitsAreApplied/department/search_suppliers/one"}
{"Time":"2026-09-22T08:10:02.346013578+09:00","Action":"output","Package":"github.com/hkjang/Vendra/internal/httpapi","Test":"TestMCPAdvertisedLimitsAreApplied/department/search_suppliers/one","Output":"=== RUN   TestMCPAdvertisedLimitsAreApplied/department/search_suppliers/one\n"}
{"Time":"2026-09-22T08:10:02.34901715+09:00","Action":"output","Package":"github.com/hkjang/Vendra/internal/httpapi","Test":"TestMCPAdvertisedLimitsAreApplied/department/search_suppliers/one","Output":"--- PASS: TestMCPAdvertisedLimitsAreApplied/department/search_suppliers/one (0.00s)\n"}
{"Time":"2026-09-22T08:10:02.349384748+09:00","Action":"pass","Package":"github.com/hkjang/Vendra/internal/httpapi","Test":"TestMCPAdvertisedLimitsAreApplied/department/search_suppliers/one","Elapsed":0}
{"Time":"2026-09-22T08:10:02.349748125+09:00","Action":"run","Package":"github.com/hkjang/Vendra/internal/httpapi","Test":"TestMCPAdvertisedLimitsAreApplied/department/search_suppliers/two"}
{"Time":"2026-09-22T08:10:02.350095871+09:00","Action":"output","Package":"github.com/hkjang/Vendra/internal/httpapi","Test":"TestMCPAdvertisedLimitsAreApplied/department/search_suppliers/two","Output":"=== RUN   TestMCPAdvertisedLimitsAreApplied/department/search_suppliers/two\n"}
{"Time":"2026-09-22T08:10:02.352231392+09:00","Action":"output","Package":"github.com/hkjang/Vendra/internal/httpapi","Test":"TestMCPAdvertisedLimitsAreApplied/department/search_suppliers/two","Output":"--- PASS: TestMCPAdvertisedLimitsAreApplied/department/search_suppliers/two (0.00s)\n"}
{"Time":"2026-09-22T08:10:02.352659397+09:00","Action":"pass","Package":"github.com/hkjang/Vendra/internal/httpapi","Test":"TestMCPAdvertisedLimitsAreApplied/department/search_suppliers/two","Elapsed":0}
{"Time":"2026-09-22T08:10:02.353066319+09:00","Action":"run","Package":"github.com/hkjang/Vendra/internal/httpapi","Test":"TestMCPAdvertisedLimitsAreApplied/department/search_suppliers/omitted"}
{"Time":"2026-09-22T08:10:02.353414208+09:00","Action":"output","Package":"github.com/hkjang/Vendra/internal/httpapi","Test":"TestMCPAdvertisedLimitsAreApplied/department/search_suppliers/omitted","Output":"=== RUN   TestMCPAdvertisedLimitsAreApplied/department/search_suppliers/omitted\n"}
{"Time":"2026-09-22T08:10:02.357040918+09:00","Action":"output","Package":"github.com/hkjang/Vendra/internal/httpapi","Test":"TestMCPAdvertisedLimitsAreApplied/department/search_suppliers/omitted","Output":"--- PASS: TestMCPAdvertisedLimitsAreApplied/department/search_suppliers/omitted (0.00s)\n"}
{"Time":"2026-09-22T08:10:02.357422+09:00","Action":"pass","Package":"github.com/hkjang/Vendra/internal/httpapi","Test":"TestMCPAdvertisedLimitsAreApplied/department/search_suppliers/omitted","Elapsed":0}
{"Time":"2026-09-22T08:10:02.357786942+09:00","Action":"run","Package":"github.com/hkjang/Vendra/internal/httpapi","Test":"TestMCPAdvertisedLimitsAreApplied/department/search_suppliers/ceiling"}
{"Time":"2026-09-22T08:10:02.358135075+09:00","Action":"output","Package":"github.com/hkjang/Vendra/internal/httpapi","Test":"TestMCPAdvertisedLimitsAreApplied/department/search_suppliers/ceiling","Output":"=== RUN   TestMCPAdvertisedLimitsAreApplied/department/search_suppliers/ceiling\n"}
{"Time":"2026-09-22T08:10:02.361480909+09:00","Action":"output","Package":"github.com/hkjang/Vendra/internal/httpapi","Test":"TestMCPAdvertisedLimitsAreApplied/department/search_suppliers/ceiling","Output":"--- PASS: TestMCPAdvertisedLimitsAreApplied/department/search_suppliers/ceiling (0.00s)\n"}
{"Time":"2026-09-22T08:10:02.361848047+09:00","Action":"pass","Package":"github.com/hkjang/Vendra/internal/httpapi","Test":"TestMCPAdvertisedLimitsAreApplied/department/search_suppliers/ceiling","Elapsed":0}
{"Time":"2026-09-22T08:10:02.362178097+09:00","Action":"run","Package":"github.com/hkjang/Vendra/internal/httpapi","Test":"TestMCPAdvertisedLimitsAreApplied/department/search_suppliers/above"}
{"Time":"2026-09-22T08:10:02.362537376+09:00","Action":"output","Package":"github.com/hkjang/Vendra/internal/httpapi","Test":"TestMCPAdvertisedLimitsAreApplied/department/search_suppliers/above","Output":"=== RUN   TestMCPAdvertisedLimitsAreApplied/department/search_suppliers/above\n"}
{"Time":"2026-09-22T08:10:02.366832513+09:00","Action":"output","Package":"github.com/hkjang/Vendra/internal/httpapi","Test":"TestMCPAdvertisedLimitsAreApplied/department/search_suppliers/above","Output":"--- PASS: TestMCPAdvertisedLimitsAreApplied/department/search_suppliers/above (0.01s)\n"}
{"Time":"2026-09-22T08:10:02.367188589+09:00","Action":"pass","Package":"github.com/hkjang/Vendra/internal/httpapi","Test":"TestMCPAdvertisedLimitsAreApplied/department/search_suppliers/above","Elapsed":0.01}
{"Time":"2026-09-22T08:10:02.36757193+09:00","Action":"run","Package":"github.com/hkjang/Vendra/internal/httpapi","Test":"TestMCPAdvertisedLimitsAreApplied/department/search_suppliers/null"}
{"Time":"2026-09-22T08:10:02.367924231+09:00","Action":"output","Package":"github.com/hkjang/Vendra/internal/httpapi","Test":"TestMCPAdvertisedLimitsAreApplied/department/search_suppliers/null","Output":"=== RUN   TestMCPAdvertisedLimitsAreApplied/department/search_suppliers/null\n"}
{"Time":"2026-09-22T08:10:02.371118275+09:00","Action":"output","Package":"github.com/hkjang/Vendra/internal/httpapi","Test":"TestMCPAdvertisedLimitsAreApplied/department/search_suppliers/null","Output":"--- PASS: TestMCPAdvertisedLimitsAreApplied/department/search_suppliers/null (0.00s)\n"}
{"Time":"2026-09-22T08:10:02.371496865+09:00","Action":"pass","Package":"github.com/hkjang/Vendra/internal/httpapi","Test":"TestMCPAdvertisedLimitsAreApplied/department/search_suppliers/null","Elapsed":0}
{"Time":"2026-09-22T08:10:02.371856525+09:00","Action":"run","Package":"github.com/hkjang/Vendra/internal/httpapi","Test":"TestMCPAdvertisedLimitsAreApplied/department/search_suppliers/string"}
{"Time":"2026-09-22T08:10:02.372215417+09:00","Action":"output","Package":"github.com/hkjang/Vendra/internal/httpapi","Test":"TestMCPAdvertisedLimitsAreApplied/department/search_suppliers/string","Output":"=== RUN   TestMCPAdvertisedLimitsAreApplied/department/search_suppliers/string\n"}
{"Time":"2026-09-22T08:10:02.374938284+09:00","Action":"output","Package":"github.com/hkjang/Vendra/internal/httpapi","Test":"TestMCPAdvertisedLimitsAreApplied/department/search_suppliers/string","Output":"--- PASS: TestMCPAdvertisedLimitsAreApplied/department/search_suppliers/string (0.00s)\n"}
{"Time":"2026-09-22T08:10:02.375328237+09:00","Action":"pass","Package":"github.com/hkjang/Vendra/internal/httpapi","Test":"TestMCPAdvertisedLimitsAreApplied/department/search_suppliers/string","Elapsed":0}
{"Time":"2026-09-22T08:10:02.375688714+09:00","Action":"run","Package":"github.com/hkjang/Vendra/internal/httpapi","Test":"TestMCPAdvertisedLimitsAreApplied/department/search_suppliers/zero"}
{"Time":"2026-09-22T08:10:02.376047664+09:00","Action":"output","Package":"github.com/hkjang/Vendra/internal/httpapi","Test":"TestMCPAdvertisedLimitsAreApplied/department/search_suppliers/zero","Output":"=== RUN   TestMCPAdvertisedLimitsAreApplied/department/search_suppliers/zero\n"}
{"Time":"2026-09-22T08:10:02.378490955+09:00","Action":"output","Package":"github.com/hkjang/Vendra/internal/httpapi","Test":"TestMCPAdvertisedLimitsAreApplied/department/search_suppliers/zero","Output":"--- PASS: TestMCPAdvertisedLimitsAreApplied/department/search_suppliers/zero (0.00s)\n"}
{"Time":"2026-09-22T08:10:02.378849624+09:00","Action":"pass","Package":"github.com/hkjang/Vendra/internal/httpapi","Test":"TestMCPAdvertisedLimitsAreApplied/department/search_suppliers/zero","Elapsed":0}
{"Time":"2026-09-22T08:10:02.379195604+09:00","Action":"run","Package":"github.com/hkjang/Vendra/internal/httpapi","Test":"TestMCPAdvertisedLimitsAreApplied/department/search_suppliers/negative"}
{"Time":"2026-09-22T08:10:02.37955441+09:00","Action":"output","Package":"github.com/hkjang/Vendra/internal/httpapi","Test":"TestMCPAdvertisedLimitsAreApplied/department/search_suppliers/negative","Output":"=== RUN   TestMCPAdvertisedLimitsAreApplied/department/search_suppliers/negative\n"}
{"Time":"2026-09-22T08:10:02.382960626+09:00","Action":"output","Package":"github.com/hkjang/Vendra/internal/httpapi","Test":"TestMCPAdvertisedLimitsAreApplied/department/search_suppliers/negative","Output":"--- PASS: TestMCPAdvertisedLimitsAreApplied/department/search_suppliers/negative (0.00s)\n"}
{"Time":"2026-09-22T08:10:02.383326362+09:00","Action":"pass","Package":"github.com/hkjang/Vendra/internal/httpapi","Test":"TestMCPAdvertisedLimitsAreApplied/department/search_suppliers/negative","Elapsed":0}
{"Time":"2026-09-22T08:10:02.383688807+09:00","Action":"run","Package":"github.com/hkjang/Vendra/internal/httpapi","Test":"TestMCPAdvertisedLimitsAreApplied/department/search_suppliers/fraction_below_one"}
{"Time":"2026-09-22T08:10:02.384039676+09:00","Action":"output","Package":"github.com/hkjang/Vendra/internal/httpapi","Test":"TestMCPAdvertisedLimitsAreApplied/department/search_suppliers/fraction_below_one","Output":"=== RUN   TestMCPAdvertisedLimitsAreApplied/department/search_suppliers/fraction_below_one\n"}
{"Time":"2026-09-22T08:10:02.386666805+09:00","Action":"output","Package":"github.com/hkjang/Vendra/internal/httpapi","Test":"TestMCPAdvertisedLimitsAreApplied/department/search_suppliers/fraction_below_one","Output":"--- PASS: TestMCPAdvertisedLimitsAreApplied/department/search_suppliers/fraction_below_one (0.00s)\n"}
{"Time":"2026-09-22T08:10:02.387037649+09:00","Action":"pass","Package":"github.com/hkjang/Vendra/internal/httpapi","Test":"TestMCPAdvertisedLimitsAreApplied/department/search_suppliers/fraction_below_one","Elapsed":0}
{"Time":"2026-09-22T08:10:02.38742651+09:00","Action":"run","Package":"github.com/hkjang/Vendra/internal/httpapi","Test":"TestMCPAdvertisedLimitsAreApplied/department/search_suppliers/huge"}
{"Time":"2026-09-22T08:10:02.387789399+09:00","Action":"output","Package":"github.com/hkjang/Vendra/internal/httpapi","Test":"TestMCPAdvertisedLimitsAreApplied/department/search_suppliers/huge","Output":"=== RUN   TestMCPAdvertisedLimitsAreApplied/department/search_suppliers/huge\n"}
{"Time":"2026-09-22T08:10:02.390049298+09:00","Action":"output","Package":"github.com/hkjang/Vendra/internal/httpapi","Test":"TestMCPAdvertisedLimitsAreApplied/department/search_suppliers/huge","Output":"--- PASS: TestMCPAdvertisedLimitsAreApplied/department/search_suppliers/huge (0.00s)\n"}
{"Time":"2026-09-22T08:10:02.390434463+09:00","Action":"pass","Package":"github.com/hkjang/Vendra/internal/httpapi","Test":"TestMCPAdvertisedLimitsAreApplied/department/search_suppliers/huge","Elapsed":0}
{"Time":"2026-09-22T08:10:02.390816722+09:00","Action":"run","Package":"github.com/hkjang/Vendra/internal/httpapi","Test":"TestMCPAdvertisedLimitsAreApplied/department/search_suppliers/fraction"}
{"Time":"2026-09-22T08:10:02.391169638+09:00","Action":"output","Package":"github.com/hkjang/Vendra/internal/httpapi","Test":"TestMCPAdvertisedLimitsAreApplied/department/search_suppliers/fraction","Output":"=== RUN   TestMCPAdvertisedLimitsAreApplied/department/search_suppliers/fraction\n"}
{"Time":"2026-09-22T08:10:02.393044932+09:00","Action":"output","Package":"github.com/hkjang/Vendra/internal/httpapi","Test":"TestMCPAdvertisedLimitsAreApplied/department/search_suppliers/fraction","Output":"--- PASS: TestMCPAdvertisedLimitsAreApplied/department/search_suppliers/fraction (0.00s)\n"}
{"Time":"2026-09-22T08:10:02.393417128+09:00","Action":"pass","Package":"github.com/hkjang/Vendra/internal/httpapi","Test":"TestMCPAdvertisedLimitsAreApplied/department/search_suppliers/fraction","Elapsed":0}
{"Time":"2026-09-22T08:10:02.393799779+09:00","Action":"output","Package":"github.com/hkjang/Vendra/internal/httpapi","Test":"TestMCPAdvertisedLimitsAreApplied/department/search_suppliers","Output":"--- PASS: TestMCPAdvertisedLimitsAreApplied/department/search_suppliers (0.06s)\n"}
{"Time":"2026-09-22T08:10:02.394170692+09:00","Action":"pass","Package":"github.com/hkjang/Vendra/internal/httpapi","Test":"TestMCPAdvertisedLimitsAreApplied/department/search_suppliers","Elapsed":0.06}
{"Time":"2026-09-22T08:10:02.3945815+09:00","Action":"run","Package":"github.com/hkjang/Vendra/internal/httpapi","Test":"TestMCPAdvertisedLimitsAreApplied/department/analyze_spend"}
{"Time":"2026-09-22T08:10:02.394916254+09:00","Action":"output","Package":"github.com/hkjang/Vendra/internal/httpapi","Test":"TestMCPAdvertisedLimitsAreApplied/department/analyze_spend","Output":"=== RUN   TestMCPAdvertisedLimitsAreApplied/department/analyze_spend\n"}
{"Time":"2026-09-22T08:10:02.397810351+09:00","Action":"run","Package":"github.com/hkjang/Vendra/internal/httpapi","Test":"TestMCPAdvertisedLimitsAreApplied/department/analyze_spend/one"}
{"Time":"2026-09-22T08:10:02.398153488+09:00","Action":"output","Package":"github.com/hkjang/Vendra/internal/httpapi","Test":"TestMCPAdvertisedLimitsAreApplied/department/analyze_spend/one","Output":"=== RUN   TestMCPAdvertisedLimitsAreApplied/department/analyze_spend/one\n"}
{"Time":"2026-09-22T08:10:02.400417426+09:00","Action":"output","Package":"github.com/hkjang/Vendra/internal/httpapi","Test":"TestMCPAdvertisedLimitsAreApplied/department/analyze_spend/one","Output":"--- PASS: TestMCPAdvertisedLimitsAreApplied/department/analyze_spend/one (0.00s)\n"}
{"Time":"2026-09-22T08:10:02.400758263+09:00","Action":"pass","Package":"github.com/hkjang/Vendra/internal/httpapi","Test":"TestMCPAdvertisedLimitsAreApplied/department/analyze_spend/one","Elapsed":0}
{"Time":"2026-09-22T08:10:02.40113391+09:00","Action":"run","Package":"github.com/hkjang/Vendra/internal/httpapi","Test":"TestMCPAdvertisedLimitsAreApplied/department/analyze_spend/two"}
{"Time":"2026-09-22T08:10:02.401496985+09:00","Action":"output","Package":"github.com/hkjang/Vendra/internal/httpapi","Test":"TestMCPAdvertisedLimitsAreApplied/department/analyze_spend/two","Output":"=== RUN   TestMCPAdvertisedLimitsAreApplied/department/analyze_spend/two\n"}
{"Time":"2026-09-22T08:10:02.403404455+09:00","Action":"output","Package":"github.com/hkjang/Vendra/internal/httpapi","Test":"TestMCPAdvertisedLimitsAreApplied/department/analyze_spend/two","Output":"--- PASS: TestMCPAdvertisedLimitsAreApplied/department/analyze_spend/two (0.00s)\n"}
{"Time":"2026-09-22T08:10:02.403785033+09:00","Action":"pass","Package":"github.com/hkjang/Vendra/internal/httpapi","Test":"TestMCPAdvertisedLimitsAreApplied/department/analyze_spend/two","Elapsed":0}
{"Time":"2026-09-22T08:10:02.404172272+09:00","Action":"run","Package":"github.com/hkjang/Vendra/internal/httpapi","Test":"TestMCPAdvertisedLimitsAreApplied/department/analyze_spend/omitted"}
{"Time":"2026-09-22T08:10:02.40453337+09:00","Action":"output","Package":"github.com/hkjang/Vendra/internal/httpapi","Test":"TestMCPAdvertisedLimitsAreApplied/department/analyze_spend/omitted","Output":"=== RUN   TestMCPAdvertisedLimitsAreApplied/department/analyze_spend/omitted\n"}
{"Time":"2026-09-22T08:10:02.406947518+09:00","Action":"output","Package":"github.com/hkjang/Vendra/internal/httpapi","Test":"TestMCPAdvertisedLimitsAreApplied/department/analyze_spend/omitted","Output":"--- PASS: TestMCPAdvertisedLimitsAreApplied/department/analyze_spend/omitted (0.00s)\n"}
{"Time":"2026-09-22T08:10:02.407302612+09:00","Action":"pass","Package":"github.com/hkjang/Vendra/internal/httpapi","Test":"TestMCPAdvertisedLimitsAreApplied/department/analyze_spend/omitted","Elapsed":0}
{"Time":"2026-09-22T08:10:02.407668249+09:00","Action":"run","Package":"github.com/hkjang/Vendra/internal/httpapi","Test":"TestMCPAdvertisedLimitsAreApplied/department/analyze_spend/ceiling"}
{"Time":"2026-09-22T08:10:02.408017792+09:00","Action":"output","Package":"github.com/hkjang/Vendra/internal/httpapi","Test":"TestMCPAdvertisedLimitsAreApplied/department/analyze_spend/ceiling","Output":"=== RUN   TestMCPAdvertisedLimitsAreApplied/department/analyze_spend/ceiling\n"}
{"Time":"2026-09-22T08:10:02.410593274+09:00","Action":"output","Package":"github.com/hkjang/Vendra/internal/httpapi","Test":"TestMCPAdvertisedLimitsAreApplied/department/analyze_spend/ceiling","Output":"--- PASS: TestMCPAdvertisedLimitsAreApplied/department/analyze_spend/ceiling (0.00s)\n"}
{"Time":"2026-09-22T08:10:02.410951392+09:00","Action":"pass","Package":"github.com/hkjang/Vendra/internal/httpapi","Test":"TestMCPAdvertisedLimitsAreApplied/department/analyze_spend/ceiling","Elapsed":0}
{"Time":"2026-09-22T08:10:02.411322077+09:00","Action":"run","Package":"github.com/hkjang/Vendra/internal/httpapi","Test":"TestMCPAdvertisedLimitsAreApplied/department/analyze_spend/above"}
{"Time":"2026-09-22T08:10:02.411740277+09:00","Action":"output","Package":"github.com/hkjang/Vendra/internal/httpapi","Test":"TestMCPAdvertisedLimitsAreApplied/department/analyze_spend/above","Output":"=== RUN   TestMCPAdvertisedLimitsAreApplied/department/analyze_spend/above\n"}
{"Time":"2026-09-22T08:10:02.414688761+09:00","Action":"output","Package":"github.com/hkjang/Vendra/internal/httpapi","Test":"TestMCPAdvertisedLimitsAreApplied/department/analyze_spend/above","Output":"--- PASS: TestMCPAdvertisedLimitsAreApplied/department/analyze_spend/above (0.00s)\n"}
{"Time":"2026-09-22T08:10:02.415043627+09:00","Action":"pass","Package":"github.com/hkjang/Vendra/internal/httpapi","Test":"TestMCPAdvertisedLimitsAreApplied/department/analyze_spend/above","Elapsed":0}
{"Time":"2026-09-22T08:10:02.415403129+09:00","Action":"run","Package":"github.com/hkjang/Vendra/internal/httpapi","Test":"TestMCPAdvertisedLimitsAreApplied/department/analyze_spend/null"}
{"Time":"2026-09-22T08:10:02.415758378+09:00","Action":"output","Package":"github.com/hkjang/Vendra/internal/httpapi","Test":"TestMCPAdvertisedLimitsAreApplied/department/analyze_spend/null","Output":"=== RUN   TestMCPAdvertisedLimitsAreApplied/department/analyze_spend/null\n"}
{"Time":"2026-09-22T08:10:02.418096912+09:00","Action":"output","Package":"github.com/hkjang/Vendra/internal/httpapi","Test":"TestMCPAdvertisedLimitsAreApplied/department/analyze_spend/null","Output":"--- PASS: TestMCPAdvertisedLimitsAreApplied/department/analyze_spend/null (0.00s)\n"}
{"Time":"2026-09-22T08:10:02.418566164+09:00","Action":"pass","Package":"github.com/hkjang/Vendra/internal/httpapi","Test":"TestMCPAdvertisedLimitsAreApplied/department/analyze_spend/null","Elapsed":0}
{"Time":"2026-09-22T08:10:02.418984179+09:00","Action":"run","Package":"github.com/hkjang/Vendra/internal/httpapi","Test":"TestMCPAdvertisedLimitsAreApplied/department/analyze_spend/string"}
{"Time":"2026-09-22T08:10:02.419339311+09:00","Action":"output","Package":"github.com/hkjang/Vendra/internal/httpapi","Test":"TestMCPAdvertisedLimitsAreApplied/department/analyze_spend/string","Output":"=== RUN   TestMCPAdvertisedLimitsAreApplied/department/analyze_spend/string\n"}
{"Time":"2026-09-22T08:10:02.422664154+09:00","Action":"output","Package":"github.com/hkjang/Vendra/internal/httpapi","Test":"TestMCPAdvertisedLimitsAreApplied/department/analyze_spend/string","Output":"--- PASS: TestMCPAdvertisedLimitsAreApplied/department/analyze_spend/string (0.00s)\n"}
{"Time":"2026-09-22T08:10:02.423029726+09:00","Action":"pass","Package":"github.com/hkjang/Vendra/internal/httpapi","Test":"TestMCPAdvertisedLimitsAreApplied/department/analyze_spend/string","Elapsed":0}
{"Time":"2026-09-22T08:10:02.423385362+09:00","Action":"run","Package":"github.com/hkjang/Vendra/internal/httpapi","Test":"TestMCPAdvertisedLimitsAreApplied/department/analyze_spend/zero"}
{"Time":"2026-09-22T08:10:02.423747791+09:00","Action":"output","Package":"github.com/hkjang/Vendra/internal/httpapi","Test":"TestMCPAdvertisedLimitsAreApplied/department/analyze_spend/zero","Output":"=== RUN   TestMCPAdvertisedLimitsAreApplied/department/analyze_spend/zero\n"}
{"Time":"2026-09-22T08:10:02.426056101+09:00","Action":"output","Package":"github.com/hkjang/Vendra/internal/httpapi","Test":"TestMCPAdvertisedLimitsAreApplied/department/analyze_spend/zero","Output":"--- PASS: TestMCPAdvertisedLimitsAreApplied/department/analyze_spend/zero (0.00s)\n"}
{"Time":"2026-09-22T08:10:02.426493177+09:00","Action":"pass","Package":"github.com/hkjang/Vendra/internal/httpapi","Test":"TestMCPAdvertisedLimitsAreApplied/department/analyze_spend/zero","Elapsed":0}
{"Time":"2026-09-22T08:10:02.427042096+09:00","Action":"run","Package":"github.com/hkjang/Vendra/internal/httpapi","Test":"TestMCPAdvertisedLimitsAreApplied/department/analyze_spend/negative"}
{"Time":"2026-09-22T08:10:02.427409699+09:00","Action":"output","Package":"github.com/hkjang/Vendra/internal/httpapi","Test":"TestMCPAdvertisedLimitsAreApplied/department/analyze_spend/negative","Output":"=== RUN   TestMCPAdvertisedLimitsAreApplied/department/analyze_spend/negative\n"}
{"Time":"2026-09-22T08:10:02.430341762+09:00","Action":"output","Package":"github.com/hkjang/Vendra/internal/httpapi","Test":"TestMCPAdvertisedLimitsAreApplied/department/analyze_spend/negative","Output":"--- PASS: TestMCPAdvertisedLimitsAreApplied/department/analyze_spend/negative (0.00s)\n"}
{"Time":"2026-09-22T08:10:02.430842793+09:00","Action":"pass","Package":"github.com/hkjang/Vendra/internal/httpapi","Test":"TestMCPAdvertisedLimitsAreApplied/department/analyze_spend/negative","Elapsed":0}
{"Time":"2026-09-22T08:10:02.431201986+09:00","Action":"run","Package":"github.com/hkjang/Vendra/internal/httpapi","Test":"TestMCPAdvertisedLimitsAreApplied/department/analyze_spend/fraction_below_one"}
{"Time":"2026-09-22T08:10:02.431564532+09:00","Action":"output","Package":"github.com/hkjang/Vendra/internal/httpapi","Test":"TestMCPAdvertisedLimitsAreApplied/department/analyze_spend/fraction_below_one","Output":"=== RUN   TestMCPAdvertisedLimitsAreApplied/department/analyze_spend/fraction_below_one\n"}
{"Time":"2026-09-22T08:10:02.433795764+09:00","Action":"output","Package":"github.com/hkjang/Vendra/internal/httpapi","Test":"TestMCPAdvertisedLimitsAreApplied/department/analyze_spend/fraction_below_one","Output":"--- PASS: TestMCPAdvertisedLimitsAreApplied/department/analyze_spend/fraction_below_one (0.00s)\n"}
{"Time":"2026-09-22T08:10:02.434188983+09:00","Action":"pass","Package":"github.com/hkjang/Vendra/internal/httpapi","Test":"TestMCPAdvertisedLimitsAreApplied/department/analyze_spend/fraction_below_one","Elapsed":0}
{"Time":"2026-09-22T08:10:02.434567707+09:00","Action":"run","Package":"github.com/hkjang/Vendra/internal/httpapi","Test":"TestMCPAdvertisedLimitsAreApplied/department/analyze_spend/huge"}
{"Time":"2026-09-22T08:10:02.434961658+09:00","Action":"output","Package":"github.com/hkjang/Vendra/internal/httpapi","Test":"TestMCPAdvertisedLimitsAreApplied/department/analyze_spend/huge","Output":"=== RUN   TestMCPAdvertisedLimitsAreApplied/department/analyze_spend/huge\n"}
{"Time":"2026-09-22T08:10:02.438426467+09:00","Action":"output","Package":"github.com/hkjang/Vendra/internal/httpapi","Test":"TestMCPAdvertisedLimitsAreApplied/department/analyze_spend/huge","Output":"--- PASS: TestMCPAdvertisedLimitsAreApplied/department/analyze_spend/huge (0.00s)\n"}
{"Time":"2026-09-22T08:10:02.438832279+09:00","Action":"pass","Package":"github.com/hkjang/Vendra/internal/httpapi","Test":"TestMCPAdvertisedLimitsAreApplied/department/analyze_spend/huge","Elapsed":0}
{"Time":"2026-09-22T08:10:02.439191924+09:00","Action":"run","Package":"github.com/hkjang/Vendra/internal/httpapi","Test":"TestMCPAdvertisedLimitsAreApplied/department/analyze_spend/fraction"}
{"Time":"2026-09-22T08:10:02.439601381+09:00","Action":"output","Package":"github.com/hkjang/Vendra/internal/httpapi","Test":"TestMCPAdvertisedLimitsAreApplied/department/analyze_spend/fraction","Output":"=== RUN   TestMCPAdvertisedLimitsAreApplied/department/analyze_spend/fraction\n"}
{"Time":"2026-09-22T08:10:02.441231877+09:00","Action":"output","Package":"github.com/hkjang/Vendra/internal/httpapi","Test":"TestMCPAdvertisedLimitsAreApplied/department/analyze_spend/fraction","Output":"--- PASS: TestMCPAdvertisedLimitsAreApplied/department/analyze_spend/fraction (0.00s)\n"}
{"Time":"2026-09-22T08:10:02.441599227+09:00","Action":"pass","Package":"github.com/hkjang/Vendra/internal/httpapi","Test":"TestMCPAdvertisedLimitsAreApplied/department/analyze_spend/fraction","Elapsed":0}
{"Time":"2026-09-22T08:10:02.441944973+09:00","Action":"output","Package":"github.com/hkjang/Vendra/internal/httpapi","Test":"TestMCPAdvertisedLimitsAreApplied/department/analyze_spend","Output":"--- PASS: TestMCPAdvertisedLimitsAreApplied/department/analyze_spend (0.05s)\n"}
{"Time":"2026-09-22T08:10:02.442300624+09:00","Action":"pass","Package":"github.com/hkjang/Vendra/internal/httpapi","Test":"TestMCPAdvertisedLimitsAreApplied/department/analyze_spend","Elapsed":0.05}
{"Time":"2026-09-22T08:10:02.442664729+09:00","Action":"run","Package":"github.com/hkjang/Vendra/internal/httpapi","Test":"TestMCPAdvertisedLimitsAreApplied/department/recommend_suppliers"}
{"Time":"2026-09-22T08:10:02.443056316+09:00","Action":"output","Package":"github.com/hkjang/Vendra/internal/httpapi","Test":"TestMCPAdvertisedLimitsAreApplied/department/recommend_suppliers","Output":"=== RUN   TestMCPAdvertisedLimitsAreApplied/department/recommend_suppliers\n"}
{"Time":"2026-09-22T08:10:02.444959379+09:00","Action":"run","Package":"github.com/hkjang/Vendra/internal/httpapi","Test":"TestMCPAdvertisedLimitsAreApplied/department/recommend_suppliers/one"}
{"Time":"2026-09-22T08:10:02.44530452+09:00","Action":"output","Package":"github.com/hkjang/Vendra/internal/httpapi","Test":"TestMCPAdvertisedLimitsAreApplied/department/recommend_suppliers/one","Output":"=== RUN   TestMCPAdvertisedLimitsAreApplied/department/recommend_suppliers/one\n"}
{"Time":"2026-09-22T08:10:02.447606902+09:00","Action":"output","Package":"github.com/hkjang/Vendra/internal/httpapi","Test":"TestMCPAdvertisedLimitsAreApplied/department/recommend_suppliers/one","Output":"--- PASS: TestMCPAdvertisedLimitsAreApplied/department/recommend_suppliers/one (0.00s)\n"}
{"Time":"2026-09-22T08:10:02.447982301+09:00","Action":"pass","Package":"github.com/hkjang/Vendra/internal/httpapi","Test":"TestMCPAdvertisedLimitsAreApplied/department/recommend_suppliers/one","Elapsed":0}
{"Time":"2026-09-22T08:10:02.448361723+09:00","Action":"run","Package":"github.com/hkjang/Vendra/internal/httpapi","Test":"TestMCPAdvertisedLimitsAreApplied/department/recommend_suppliers/two"}
{"Time":"2026-09-22T08:10:02.448722937+09:00","Action":"output","Package":"github.com/hkjang/Vendra/internal/httpapi","Test":"TestMCPAdvertisedLimitsAreApplied/department/recommend_suppliers/two","Output":"=== RUN   TestMCPAdvertisedLimitsAreApplied/department/recommend_suppliers/two\n"}
{"Time":"2026-09-22T08:10:02.450228358+09:00","Action":"output","Package":"github.com/hkjang/Vendra/internal/httpapi","Test":"TestMCPAdvertisedLimitsAreApplied/department/recommend_suppliers/two","Output":"--- PASS: TestMCPAdvertisedLimitsAreApplied/department/recommend_suppliers/two (0.00s)\n"}
{"Time":"2026-09-22T08:10:02.45064851+09:00","Action":"pass","Package":"github.com/hkjang/Vendra/internal/httpapi","Test":"TestMCPAdvertisedLimitsAreApplied/department/recommend_suppliers/two","Elapsed":0}
{"Time":"2026-09-22T08:10:02.451026506+09:00","Action":"run","Package":"github.com/hkjang/Vendra/internal/httpapi","Test":"TestMCPAdvertisedLimitsAreApplied/department/recommend_suppliers/omitted"}
{"Time":"2026-09-22T08:10:02.45140377+09:00","Action":"output","Package":"github.com/hkjang/Vendra/internal/httpapi","Test":"TestMCPAdvertisedLimitsAreApplied/department/recommend_suppliers/omitted","Output":"=== RUN   TestMCPAdvertisedLimitsAreApplied/department/recommend_suppliers/omitted\n"}
{"Time":"2026-09-22T08:10:02.454141533+09:00","Action":"output","Package":"github.com/hkjang/Vendra/internal/httpapi","Test":"TestMCPAdvertisedLimitsAreApplied/department/recommend_suppliers/omitted","Output":"--- PASS: TestMCPAdvertisedLimitsAreApplied/department/recommend_suppliers/omitted (0.00s)\n"}
{"Time":"2026-09-22T08:10:02.454595413+09:00","Action":"pass","Package":"github.com/hkjang/Vendra/internal/httpapi","Test":"TestMCPAdvertisedLimitsAreApplied/department/recommend_suppliers/omitted","Elapsed":0}
{"Time":"2026-09-22T08:10:02.454958138+09:00","Action":"run","Package":"github.com/hkjang/Vendra/internal/httpapi","Test":"TestMCPAdvertisedLimitsAreApplied/department/recommend_suppliers/ceiling"}
{"Time":"2026-09-22T08:10:02.455334354+09:00","Action":"output","Package":"github.com/hkjang/Vendra/internal/httpapi","Test":"TestMCPAdvertisedLimitsAreApplied/department/recommend_suppliers/ceiling","Output":"=== RUN   TestMCPAdvertisedLimitsAreApplied/department/recommend_suppliers/ceiling\n"}
{"Time":"2026-09-22T08:10:02.457360521+09:00","Action":"output","Package":"github.com/hkjang/Vendra/internal/httpapi","Test":"TestMCPAdvertisedLimitsAreApplied/department/recommend_suppliers/ceiling","Output":"--- PASS: TestMCPAdvertisedLimitsAreApplied/department/recommend_suppliers/ceiling (0.00s)\n"}
{"Time":"2026-09-22T08:10:02.457709184+09:00","Action":"pass","Package":"github.com/hkjang/Vendra/internal/httpapi","Test":"TestMCPAdvertisedLimitsAreApplied/department/recommend_suppliers/ceiling","Elapsed":0}
{"Time":"2026-09-22T08:10:02.458079142+09:00","Action":"run","Package":"github.com/hkjang/Vendra/internal/httpapi","Test":"TestMCPAdvertisedLimitsAreApplied/department/recommend_suppliers/above"}
{"Time":"2026-09-22T08:10:02.45855479+09:00","Action":"output","Package":"github.com/hkjang/Vendra/internal/httpapi","Test":"TestMCPAdvertisedLimitsAreApplied/department/recommend_suppliers/above","Output":"=== RUN   TestMCPAdvertisedLimitsAreApplied/department/recommend_suppliers/above\n"}
{"Time":"2026-09-22T08:10:02.461815323+09:00","Action":"output","Package":"github.com/hkjang/Vendra/internal/httpapi","Test":"TestMCPAdvertisedLimitsAreApplied/department/recommend_suppliers/above","Output":"--- PASS: TestMCPAdvertisedLimitsAreApplied/department/recommend_suppliers/above (0.00s)\n"}
{"Time":"2026-09-22T08:10:02.462220664+09:00","Action":"pass","Package":"github.com/hkjang/Vendra/internal/httpapi","Test":"TestMCPAdvertisedLimitsAreApplied/department/recommend_suppliers/above","Elapsed":0}
{"Time":"2026-09-22T08:10:02.462620444+09:00","Action":"run","Package":"github.com/hkjang/Vendra/internal/httpapi","Test":"TestMCPAdvertisedLimitsAreApplied/department/recommend_suppliers/null"}
{"Time":"2026-09-22T08:10:02.462957266+09:00","Action":"output","Package":"github.com/hkjang/Vendra/internal/httpapi","Test":"TestMCPAdvertisedLimitsAreApplied/department/recommend_suppliers/null","Output":"=== RUN   TestMCPAdvertisedLimitsAreApplied/department/recommend_suppliers/null\n"}
{"Time":"2026-09-22T08:10:02.464852461+09:00","Action":"output","Package":"github.com/hkjang/Vendra/internal/httpapi","Test":"TestMCPAdvertisedLimitsAreApplied/department/recommend_suppliers/null","Output":"--- PASS: TestMCPAdvertisedLimitsAreApplied/department/recommend_suppliers/null (0.00s)\n"}
{"Time":"2026-09-22T08:10:02.465205249+09:00","Action":"pass","Package":"github.com/hkjang/Vendra/internal/httpapi","Test":"TestMCPAdvertisedLimitsAreApplied/department/recommend_suppliers/null","Elapsed":0}
{"Time":"2026-09-22T08:10:02.465546849+09:00","Action":"run","Package":"github.com/hkjang/Vendra/internal/httpapi","Test":"TestMCPAdvertisedLimitsAreApplied/department/recommend_suppliers/string"}
{"Time":"2026-09-22T08:10:02.465916769+09:00","Action":"output","Package":"github.com/hkjang/Vendra/internal/httpapi","Test":"TestMCPAdvertisedLimitsAreApplied/department/recommend_suppliers/string","Output":"=== RUN   TestMCPAdvertisedLimitsAreApplied/department/recommend_suppliers/string\n"}
{"Time":"2026-09-22T08:10:02.467943891+09:00","Action":"output","Package":"github.com/hkjang/Vendra/internal/httpapi","Test":"TestMCPAdvertisedLimitsAreApplied/department/recommend_suppliers/string","Output":"--- PASS: TestMCPAdvertisedLimitsAreApplied/department/recommend_suppliers/string (0.00s)\n"}
{"Time":"2026-09-22T08:10:02.468327884+09:00","Action":"pass","Package":"github.com/hkjang/Vendra/internal/httpapi","Test":"TestMCPAdvertisedLimitsAreApplied/department/recommend_suppliers/string","Elapsed":0}
{"Time":"2026-09-22T08:10:02.468720155+09:00","Action":"run","Package":"github.com/hkjang/Vendra/internal/httpapi","Test":"TestMCPAdvertisedLimitsAreApplied/department/recommend_suppliers/zero"}
{"Time":"2026-09-22T08:10:02.469081523+09:00","Action":"output","Package":"github.com/hkjang/Vendra/internal/httpapi","Test":"TestMCPAdvertisedLimitsAreApplied/department/recommend_suppliers/zero","Output":"=== RUN   TestMCPAdvertisedLimitsAreApplied/department/recommend_suppliers/zero\n"}
{"Time":"2026-09-22T08:10:02.471893531+09:00","Action":"output","Package":"github.com/hkjang/Vendra/internal/httpapi","Test":"TestMCPAdvertisedLimitsAreApplied/department/recommend_suppliers/zero","Output":"--- PASS: TestMCPAdvertisedLimitsAreApplied/department/recommend_suppliers/zero (0.00s)\n"}
{"Time":"2026-09-22T08:10:02.47224826+09:00","Action":"pass","Package":"github.com/hkjang/Vendra/internal/httpapi","Test":"TestMCPAdvertisedLimitsAreApplied/department/recommend_suppliers/zero","Elapsed":0}
{"Time":"2026-09-22T08:10:02.472611446+09:00","Action":"run","Package":"github.com/hkjang/Vendra/internal/httpapi","Test":"TestMCPAdvertisedLimitsAreApplied/department/recommend_suppliers/negative"}
{"Time":"2026-09-22T08:10:02.472978132+09:00","Action":"output","Package":"github.com/hkjang/Vendra/internal/httpapi","Test":"TestMCPAdvertisedLimitsAreApplied/department/recommend_suppliers/negative","Output":"=== RUN   TestMCPAdvertisedLimitsAreApplied/department/recommend_suppliers/negative\n"}
{"Time":"2026-09-22T08:10:02.475022784+09:00","Action":"output","Package":"github.com/hkjang/Vendra/internal/httpapi","Test":"TestMCPAdvertisedLimitsAreApplied/department/recommend_suppliers/negative","Output":"--- PASS: TestMCPAdvertisedLimitsAreApplied/department/recommend_suppliers/negative (0.00s)\n"}
{"Time":"2026-09-22T08:10:02.475389699+09:00","Action":"pass","Package":"github.com/hkjang/Vendra/internal/httpapi","Test":"TestMCPAdvertisedLimitsAreApplied/department/recommend_suppliers/negative","Elapsed":0}
{"Time":"2026-09-22T08:10:02.475752243+09:00","Action":"run","Package":"github.com/hkjang/Vendra/internal/httpapi","Test":"TestMCPAdvertisedLimitsAreApplied/department/recommend_suppliers/fraction_below_one"}
{"Time":"2026-09-22T08:10:02.476108998+09:00","Action":"output","Package":"github.com/hkjang/Vendra/internal/httpapi","Test":"TestMCPAdvertisedLimitsAreApplied/department/recommend_suppliers/fraction_below_one","Output":"=== RUN   TestMCPAdvertisedLimitsAreApplied/department/recommend_suppliers/fraction_below_one\n"}
{"Time":"2026-09-22T08:10:02.47801914+09:00","Action":"output","Package":"github.com/hkjang/Vendra/internal/httpapi","Test":"TestMCPAdvertisedLimitsAreApplied/department/recommend_suppliers/fraction_below_one","Output":"--- PASS: TestMCPAdvertisedLimitsAreApplied/department/recommend_suppliers/fraction_below_one (0.00s)\n"}
{"Time":"2026-09-22T08:10:02.478389533+09:00","Action":"pass","Package":"github.com/hkjang/Vendra/internal/httpapi","Test":"TestMCPAdvertisedLimitsAreApplied/department/recommend_suppliers/fraction_below_one","Elapsed":0}
{"Time":"2026-09-22T08:10:02.478820671+09:00","Action":"run","Package":"github.com/hkjang/Vendra/internal/httpapi","Test":"TestMCPAdvertisedLimitsAreApplied/department/recommend_suppliers/huge"}
{"Time":"2026-09-22T08:10:02.479187479+09:00","Action":"output","Package":"github.com/hkjang/Vendra/internal/httpapi","Test":"TestMCPAdvertisedLimitsAreApplied/department/recommend_suppliers/huge","Output":"=== RUN   TestMCPAdvertisedLimitsAreApplied/department/recommend_suppliers/huge\n"}
{"Time":"2026-09-22T08:10:02.482114679+09:00","Action":"output","Package":"github.com/hkjang/Vendra/internal/httpapi","Test":"TestMCPAdvertisedLimitsAreApplied/department/recommend_suppliers/huge","Output":"--- PASS: TestMCPAdvertisedLimitsAreApplied/department/recommend_suppliers/huge (0.00s)\n"}
{"Time":"2026-09-22T08:10:02.482508901+09:00","Action":"pass","Package":"github.com/hkjang/Vendra/internal/httpapi","Test":"TestMCPAdvertisedLimitsAreApplied/department/recommend_suppliers/huge","Elapsed":0}
{"Time":"2026-09-22T08:10:02.482878382+09:00","Action":"run","Package":"github.com/hkjang/Vendra/internal/httpapi","Test":"TestMCPAdvertisedLimitsAreApplied/department/recommend_suppliers/fraction"}
{"Time":"2026-09-22T08:10:02.483285702+09:00","Action":"output","Package":"github.com/hkjang/Vendra/internal/httpapi","Test":"TestMCPAdvertisedLimitsAreApplied/department/recommend_suppliers/fraction","Output":"=== RUN   TestMCPAdvertisedLimitsAreApplied/department/recommend_suppliers/fraction\n"}
{"Time":"2026-09-22T08:10:02.485057797+09:00","Action":"output","Package":"github.com/hkjang/Vendra/internal/httpapi","Test":"TestMCPAdvertisedLimitsAreApplied/department/recommend_suppliers/fraction","Output":"--- PASS: TestMCPAdvertisedLimitsAreApplied/department/recommend_suppliers/fraction (0.00s)\n"}
{"Time":"2026-09-22T08:10:02.485422559+09:00","Action":"pass","Package":"github.com/hkjang/Vendra/internal/httpapi","Test":"TestMCPAdvertisedLimitsAreApplied/department/recommend_suppliers/fraction","Elapsed":0}
{"Time":"2026-09-22T08:10:02.485767573+09:00","Action":"output","Package":"github.com/hkjang/Vendra/internal/httpapi","Test":"TestMCPAdvertisedLimitsAreApplied/department/recommend_suppliers","Output":"--- PASS: TestMCPAdvertisedLimitsAreApplied/department/recommend_suppliers (0.04s)\n"}
{"Time":"2026-09-22T08:10:02.486113261+09:00","Action":"pass","Package":"github.com/hkjang/Vendra/internal/httpapi","Test":"TestMCPAdvertisedLimitsAreApplied/department/recommend_suppliers","Elapsed":0.04}
{"Time":"2026-09-22T08:10:02.486471288+09:00","Action":"run","Package":"github.com/hkjang/Vendra/internal/httpapi","Test":"TestMCPAdvertisedLimitsAreApplied/department/advertised_bounds"}
{"Time":"2026-09-22T08:10:02.487045495+09:00","Action":"output","Package":"github.com/hkjang/Vendra/internal/httpapi","Test":"TestMCPAdvertisedLimitsAreApplied/department/advertised_bounds","Output":"=== RUN   TestMCPAdvertisedLimitsAreApplied/department/advertised_bounds\n"}
{"Time":"2026-09-22T08:10:02.487401194+09:00","Action":"output","Package":"github.com/hkjang/Vendra/internal/httpapi","Test":"TestMCPAdvertisedLimitsAreApplied/department/advertised_bounds","Output":"--- PASS: TestMCPAdvertisedLimitsAreApplied/department/advertised_bounds (0.00s)\n"}
{"Time":"2026-09-22T08:10:02.487754655+09:00","Action":"pass","Package":"github.com/hkjang/Vendra/internal/httpapi","Test":"TestMCPAdvertisedLimitsAreApplied/department/advertised_bounds","Elapsed":0}
{"Time":"2026-09-22T08:10:02.488107454+09:00","Action":"run","Package":"github.com/hkjang/Vendra/internal/httpapi","Test":"TestMCPAdvertisedLimitsAreApplied/department/recommendation_filters"}
{"Time":"2026-09-22T08:10:02.4884516+09:00","Action":"output","Package":"github.com/hkjang/Vendra/internal/httpapi","Test":"TestMCPAdvertisedLimitsAreApplied/department/recommendation_filters","Output":"=== RUN   TestMCPAdvertisedLimitsAreApplied/department/recommendation_filters\n"}
{"Time":"2026-09-22T08:10:02.493610016+09:00","Action":"output","Package":"github.com/hkjang/Vendra/internal/httpapi","Test":"TestMCPAdvertisedLimitsAreApplied/department/recommendation_filters","Output":"--- PASS: TestMCPAdvertisedLimitsAreApplied/department/recommendation_filters (0.01s)\n"}
{"Time":"2026-09-22T08:10:02.494004297+09:00","Action":"pass","Package":"github.com/hkjang/Vendra/internal/httpapi","Test":"TestMCPAdvertisedLimitsAreApplied/department/recommendation_filters","Elapsed":0.01}
{"Time":"2026-09-22T08:10:02.494332206+09:00","Action":"run","Package":"github.com/hkjang/Vendra/internal/httpapi","Test":"TestMCPAdvertisedLimitsAreApplied/department/amount_permissions"}
{"Time":"2026-09-22T08:10:02.494863891+09:00","Action":"output","Package":"github.com/hkjang/Vendra/internal/httpapi","Test":"TestMCPAdvertisedLimitsAreApplied/department/amount_permissions","Output":"=== RUN   TestMCPAdvertisedLimitsAreApplied/department/amount_permissions\n"}
{"Time":"2026-09-22T08:10:02.499499367+09:00","Action":"output","Package":"github.com/hkjang/Vendra/internal/httpapi","Test":"TestMCPAdvertisedLimitsAreApplied/department/amount_permissions","Output":"--- PASS: TestMCPAdvertisedLimitsAreApplied/department/amount_permissions (0.01s)\n"}
{"Time":"2026-09-22T08:10:02.49986354+09:00","Action":"pass","Package":"github.com/hkjang/Vendra/internal/httpapi","Test":"TestMCPAdvertisedLimitsAreApplied/department/amount_permissions","Elapsed":0.01}
{"Time":"2026-09-22T08:10:02.539070332+09:00","Action":"output","Package":"github.com/hkjang/Vendra/internal/httpapi","Test":"TestMCPAdvertisedLimitsAreApplied/department","Output":"--- PASS: TestMCPAdvertisedLimitsAreApplied/department (0.36s)\n"}
{"Time":"2026-09-22T08:10:02.539488935+09:00","Action":"pass","Package":"github.com/hkjang/Vendra/internal/httpapi","Test":"TestMCPAdvertisedLimitsAreApplied/department","Elapsed":0.36}
{"Time":"2026-09-22T08:10:02.539923939+09:00","Action":"run","Package":"github.com/hkjang/Vendra/internal/httpapi","Test":"TestMCPAdvertisedLimitsAreApplied/own"}
{"Time":"2026-09-22T08:10:02.540289846+09:00","Action":"output","Package":"github.com/hkjang/Vendra/internal/httpapi","Test":"TestMCPAdvertisedLimitsAreApplied/own","Output":"=== RUN   TestMCPAdvertisedLimitsAreApplied/own\n"}
{"Time":"2026-09-22T08:10:02.678034605+09:00","Action":"run","Package":"github.com/hkjang/Vendra/internal/httpapi","Test":"TestMCPAdvertisedLimitsAreApplied/own/search_suppliers"}
{"Time":"2026-09-22T08:10:02.67863752+09:00","Action":"output","Package":"github.com/hkjang/Vendra/internal/httpapi","Test":"TestMCPAdvertisedLimitsAreApplied/own/search_suppliers","Output":"=== RUN   TestMCPAdvertisedLimitsAreApplied/own/search_suppliers\n"}
{"Time":"2026-09-22T08:10:02.685327907+09:00","Action":"run","Package":"github.com/hkjang/Vendra/internal/httpapi","Test":"TestMCPAdvertisedLimitsAreApplied/own/search_suppliers/one"}
{"Time":"2026-09-22T08:10:02.685851739+09:00","Action":"output","Package":"github.com/hkjang/Vendra/internal/httpapi","Test":"TestMCPAdvertisedLimitsAreApplied/own/search_suppliers/one","Output":"=== RUN   TestMCPAdvertisedLimitsAreApplied/own/search_suppliers/one\n"}
{"Time":"2026-09-22T08:10:02.688600727+09:00","Action":"output","Package":"github.com/hkjang/Vendra/internal/httpapi","Test":"TestMCPAdvertisedLimitsAreApplied/own/search_suppliers/one","Output":"--- PASS: TestMCPAdvertisedLimitsAreApplied/own/search_suppliers/one (0.00s)\n"}
{"Time":"2026-09-22T08:10:02.688984445+09:00","Action":"pass","Package":"github.com/hkjang/Vendra/internal/httpapi","Test":"TestMCPAdvertisedLimitsAreApplied/own/search_suppliers/one","Elapsed":0}
{"Time":"2026-09-22T08:10:02.689384945+09:00","Action":"run","Package":"github.com/hkjang/Vendra/internal/httpapi","Test":"TestMCPAdvertisedLimitsAreApplied/own/search_suppliers/two"}
{"Time":"2026-09-22T08:10:02.689739319+09:00","Action":"output","Package":"github.com/hkjang/Vendra/internal/httpapi","Test":"TestMCPAdvertisedLimitsAreApplied/own/search_suppliers/two","Output":"=== RUN   TestMCPAdvertisedLimitsAreApplied/own/search_suppliers/two\n"}
{"Time":"2026-09-22T08:10:02.691614836+09:00","Action":"output","Package":"github.com/hkjang/Vendra/internal/httpapi","Test":"TestMCPAdvertisedLimitsAreApplied/own/search_suppliers/two","Output":"--- PASS: TestMCPAdvertisedLimitsAreApplied/own/search_suppliers/two (0.00s)\n"}
{"Time":"2026-09-22T08:10:02.691977359+09:00","Action":"pass","Package":"github.com/hkjang/Vendra/internal/httpapi","Test":"TestMCPAdvertisedLimitsAreApplied/own/search_suppliers/two","Elapsed":0}
{"Time":"2026-09-22T08:10:02.692328896+09:00","Action":"run","Package":"github.com/hkjang/Vendra/internal/httpapi","Test":"TestMCPAdvertisedLimitsAreApplied/own/search_suppliers/omitted"}
{"Time":"2026-09-22T08:10:02.692677962+09:00","Action":"output","Package":"github.com/hkjang/Vendra/internal/httpapi","Test":"TestMCPAdvertisedLimitsAreApplied/own/search_suppliers/omitted","Output":"=== RUN   TestMCPAdvertisedLimitsAreApplied/own/search_suppliers/omitted\n"}
{"Time":"2026-09-22T08:10:02.695594943+09:00","Action":"output","Package":"github.com/hkjang/Vendra/internal/httpapi","Test":"TestMCPAdvertisedLimitsAreApplied/own/search_suppliers/omitted","Output":"--- PASS: TestMCPAdvertisedLimitsAreApplied/own/search_suppliers/omitted (0.00s)\n"}
{"Time":"2026-09-22T08:10:02.695967622+09:00","Action":"pass","Package":"github.com/hkjang/Vendra/internal/httpapi","Test":"TestMCPAdvertisedLimitsAreApplied/own/search_suppliers/omitted","Elapsed":0}
{"Time":"2026-09-22T08:10:02.696313474+09:00","Action":"run","Package":"github.com/hkjang/Vendra/internal/httpapi","Test":"TestMCPAdvertisedLimitsAreApplied/own/search_suppliers/ceiling"}
{"Time":"2026-09-22T08:10:02.696657465+09:00","Action":"output","Package":"github.com/hkjang/Vendra/internal/httpapi","Test":"TestMCPAdvertisedLimitsAreApplied/own/search_suppliers/ceiling","Output":"=== RUN   TestMCPAdvertisedLimitsAreApplied/own/search_suppliers/ceiling\n"}
{"Time":"2026-09-22T08:10:02.700135074+09:00","Action":"output","Package":"github.com/hkjang/Vendra/internal/httpapi","Test":"TestMCPAdvertisedLimitsAreApplied/own/search_suppliers/ceiling","Output":"--- PASS: TestMCPAdvertisedLimitsAreApplied/own/search_suppliers/ceiling (0.00s)\n"}
{"Time":"2026-09-22T08:10:02.700521835+09:00","Action":"pass","Package":"github.com/hkjang/Vendra/internal/httpapi","Test":"TestMCPAdvertisedLimitsAreApplied/own/search_suppliers/ceiling","Elapsed":0}
{"Time":"2026-09-22T08:10:02.700886369+09:00","Action":"run","Package":"github.com/hkjang/Vendra/internal/httpapi","Test":"TestMCPAdvertisedLimitsAreApplied/own/search_suppliers/above"}
{"Time":"2026-09-22T08:10:02.701254168+09:00","Action":"output","Package":"github.com/hkjang/Vendra/internal/httpapi","Test":"TestMCPAdvertisedLimitsAreApplied/own/search_suppliers/above","Output":"=== RUN   TestMCPAdvertisedLimitsAreApplied/own/search_suppliers/above\n"}
{"Time":"2026-09-22T08:10:02.704222887+09:00","Action":"output","Package":"github.com/hkjang/Vendra/internal/httpapi","Test":"TestMCPAdvertisedLimitsAreApplied/own/search_suppliers/above","Output":"--- PASS: TestMCPAdvertisedLimitsAreApplied/own/search_suppliers/above (0.00s)\n"}
{"Time":"2026-09-22T08:10:02.704583889+09:00","Action":"pass","Package":"github.com/hkjang/Vendra/internal/httpapi","Test":"TestMCPAdvertisedLimitsAreApplied/own/search_suppliers/above","Elapsed":0}
{"Time":"2026-09-22T08:10:02.70492753+09:00","Action":"run","Package":"github.com/hkjang/Vendra/internal/httpapi","Test":"TestMCPAdvertisedLimitsAreApplied/own/search_suppliers/null"}
{"Time":"2026-09-22T08:10:02.705318979+09:00","Action":"output","Package":"github.com/hkjang/Vendra/internal/httpapi","Test":"TestMCPAdvertisedLimitsAreApplied/own/search_suppliers/null","Output":"=== RUN   TestMCPAdvertisedLimitsAreApplied/own/search_suppliers/null\n"}
{"Time":"2026-09-22T08:10:02.70804543+09:00","Action":"output","Package":"github.com/hkjang/Vendra/internal/httpapi","Test":"TestMCPAdvertisedLimitsAreApplied/own/search_suppliers/null","Output":"--- PASS: TestMCPAdvertisedLimitsAreApplied/own/search_suppliers/null (0.00s)\n"}
{"Time":"2026-09-22T08:10:02.708405706+09:00","Action":"pass","Package":"github.com/hkjang/Vendra/internal/httpapi","Test":"TestMCPAdvertisedLimitsAreApplied/own/search_suppliers/null","Elapsed":0}
{"Time":"2026-09-22T08:10:02.708755551+09:00","Action":"run","Package":"github.com/hkjang/Vendra/internal/httpapi","Test":"TestMCPAdvertisedLimitsAreApplied/own/search_suppliers/string"}
{"Time":"2026-09-22T08:10:02.709123208+09:00","Action":"output","Package":"github.com/hkjang/Vendra/internal/httpapi","Test":"TestMCPAdvertisedLimitsAreApplied/own/search_suppliers/string","Output":"=== RUN   TestMCPAdvertisedLimitsAreApplied/own/search_suppliers/string\n"}
{"Time":"2026-09-22T08:10:02.711408303+09:00","Action":"output","Package":"github.com/hkjang/Vendra/internal/httpapi","Test":"TestMCPAdvertisedLimitsAreApplied/own/search_suppliers/string","Output":"--- PASS: TestMCPAdvertisedLimitsAreApplied/own/search_suppliers/string (0.00s)\n"}
{"Time":"2026-09-22T08:10:02.711807595+09:00","Action":"pass","Package":"github.com/hkjang/Vendra/internal/httpapi","Test":"TestMCPAdvertisedLimitsAreApplied/own/search_suppliers/string","Elapsed":0}
{"Time":"2026-09-22T08:10:02.712191328+09:00","Action":"run","Package":"github.com/hkjang/Vendra/internal/httpapi","Test":"TestMCPAdvertisedLimitsAreApplied/own/search_suppliers/zero"}
{"Time":"2026-09-22T08:10:02.712549218+09:00","Action":"output","Package":"github.com/hkjang/Vendra/internal/httpapi","Test":"TestMCPAdvertisedLimitsAreApplied/own/search_suppliers/zero","Output":"=== RUN   TestMCPAdvertisedLimitsAreApplied/own/search_suppliers/zero\n"}
{"Time":"2026-09-22T08:10:02.715197526+09:00","Action":"output","Package":"github.com/hkjang/Vendra/internal/httpapi","Test":"TestMCPAdvertisedLimitsAreApplied/own/search_suppliers/zero","Output":"--- PASS: TestMCPAdvertisedLimitsAreApplied/own/search_suppliers/zero (0.00s)\n"}
{"Time":"2026-09-22T08:10:02.715575087+09:00","Action":"pass","Package":"github.com/hkjang/Vendra/internal/httpapi","Test":"TestMCPAdvertisedLimitsAreApplied/own/search_suppliers/zero","Elapsed":0}
{"Time":"2026-09-22T08:10:02.715956859+09:00","Action":"run","Package":"github.com/hkjang/Vendra/internal/httpapi","Test":"TestMCPAdvertisedLimitsAreApplied/own/search_suppliers/negative"}
{"Time":"2026-09-22T08:10:02.716300601+09:00","Action":"output","Package":"github.com/hkjang/Vendra/internal/httpapi","Test":"TestMCPAdvertisedLimitsAreApplied/own/search_suppliers/negative","Output":"=== RUN   TestMCPAdvertisedLimitsAreApplied/own/search_suppliers/negative\n"}
{"Time":"2026-09-22T08:10:02.719745626+09:00","Action":"output","Package":"github.com/hkjang/Vendra/internal/httpapi","Test":"TestMCPAdvertisedLimitsAreApplied/own/search_suppliers/negative","Output":"--- PASS: TestMCPAdvertisedLimitsAreApplied/own/search_suppliers/negative (0.00s)\n"}
{"Time":"2026-09-22T08:10:02.720127737+09:00","Action":"pass","Package":"github.com/hkjang/Vendra/internal/httpapi","Test":"TestMCPAdvertisedLimitsAreApplied/own/search_suppliers/negative","Elapsed":0}
{"Time":"2026-09-22T08:10:02.720510612+09:00","Action":"run","Package":"github.com/hkjang/Vendra/internal/httpapi","Test":"TestMCPAdvertisedLimitsAreApplied/own/search_suppliers/fraction_below_one"}
{"Time":"2026-09-22T08:10:02.720857631+09:00","Action":"output","Package":"github.com/hkjang/Vendra/internal/httpapi","Test":"TestMCPAdvertisedLimitsAreApplied/own/search_suppliers/fraction_below_one","Output":"=== RUN   TestMCPAdvertisedLimitsAreApplied/own/search_suppliers/fraction_below_one\n"}
{"Time":"2026-09-22T08:10:02.723208584+09:00","Action":"output","Package":"github.com/hkjang/Vendra/internal/httpapi","Test":"TestMCPAdvertisedLimitsAreApplied/own/search_suppliers/fraction_below_one","Output":"--- PASS: TestMCPAdvertisedLimitsAreApplied/own/search_suppliers/fraction_below_one (0.00s)\n"}
{"Time":"2026-09-22T08:10:02.723611773+09:00","Action":"pass","Package":"github.com/hkjang/Vendra/internal/httpapi","Test":"TestMCPAdvertisedLimitsAreApplied/own/search_suppliers/fraction_below_one","Elapsed":0}
{"Time":"2026-09-22T08:10:02.723984599+09:00","Action":"run","Package":"github.com/hkjang/Vendra/internal/httpapi","Test":"TestMCPAdvertisedLimitsAreApplied/own/search_suppliers/huge"}
{"Time":"2026-09-22T08:10:02.724329667+09:00","Action":"output","Package":"github.com/hkjang/Vendra/internal/httpapi","Test":"TestMCPAdvertisedLimitsAreApplied/own/search_suppliers/huge","Output":"=== RUN   TestMCPAdvertisedLimitsAreApplied/own/search_suppliers/huge\n"}
{"Time":"2026-09-22T08:10:02.72726902+09:00","Action":"output","Package":"github.com/hkjang/Vendra/internal/httpapi","Test":"TestMCPAdvertisedLimitsAreApplied/own/search_suppliers/huge","Output":"--- PASS: TestMCPAdvertisedLimitsAreApplied/own/search_suppliers/huge (0.00s)\n"}
{"Time":"2026-09-22T08:10:02.727644121+09:00","Action":"pass","Package":"github.com/hkjang/Vendra/internal/httpapi","Test":"TestMCPAdvertisedLimitsAreApplied/own/search_suppliers/huge","Elapsed":0}
{"Time":"2026-09-22T08:10:02.728004577+09:00","Action":"run","Package":"github.com/hkjang/Vendra/internal/httpapi","Test":"TestMCPAdvertisedLimitsAreApplied/own/search_suppliers/fraction"}
{"Time":"2026-09-22T08:10:02.728360611+09:00","Action":"output","Package":"github.com/hkjang/Vendra/internal/httpapi","Test":"TestMCPAdvertisedLimitsAreApplied/own/search_suppliers/fraction","Output":"=== RUN   TestMCPAdvertisedLimitsAreApplied/own/search_suppliers/fraction\n"}
{"Time":"2026-09-22T08:10:02.730014503+09:00","Action":"output","Package":"github.com/hkjang/Vendra/internal/httpapi","Test":"TestMCPAdvertisedLimitsAreApplied/own/search_suppliers/fraction","Output":"--- PASS: TestMCPAdvertisedLimitsAreApplied/own/search_suppliers/fraction (0.00s)\n"}
{"Time":"2026-09-22T08:10:02.730395972+09:00","Action":"pass","Package":"github.com/hkjang/Vendra/internal/httpapi","Test":"TestMCPAdvertisedLimitsAreApplied/own/search_suppliers/fraction","Elapsed":0}
{"Time":"2026-09-22T08:10:02.73081903+09:00","Action":"output","Package":"github.com/hkjang/Vendra/internal/httpapi","Test":"TestMCPAdvertisedLimitsAreApplied/own/search_suppliers","Output":"--- PASS: TestMCPAdvertisedLimitsAreApplied/own/search_suppliers (0.05s)\n"}
{"Time":"2026-09-22T08:10:02.731178865+09:00","Action":"pass","Package":"github.com/hkjang/Vendra/internal/httpapi","Test":"TestMCPAdvertisedLimitsAreApplied/own/search_suppliers","Elapsed":0.05}
{"Time":"2026-09-22T08:10:02.731567371+09:00","Action":"run","Package":"github.com/hkjang/Vendra/internal/httpapi","Test":"TestMCPAdvertisedLimitsAreApplied/own/analyze_spend"}
{"Time":"2026-09-22T08:10:02.731903551+09:00","Action":"output","Package":"github.com/hkjang/Vendra/internal/httpapi","Test":"TestMCPAdvertisedLimitsAreApplied/own/analyze_spend","Output":"=== RUN   TestMCPAdvertisedLimitsAreApplied/own/analyze_spend\n"}
{"Time":"2026-09-22T08:10:02.735244583+09:00","Action":"run","Package":"github.com/hkjang/Vendra/internal/httpapi","Test":"TestMCPAdvertisedLimitsAreApplied/own/analyze_spend/one"}
{"Time":"2026-09-22T08:10:02.735614551+09:00","Action":"output","Package":"github.com/hkjang/Vendra/internal/httpapi","Test":"TestMCPAdvertisedLimitsAreApplied/own/analyze_spend/one","Output":"=== RUN   TestMCPAdvertisedLimitsAreApplied/own/analyze_spend/one\n"}
{"Time":"2026-09-22T08:10:02.738716756+09:00","Action":"output","Package":"github.com/hkjang/Vendra/internal/httpapi","Test":"TestMCPAdvertisedLimitsAreApplied/own/analyze_spend/one","Output":"--- PASS: TestMCPAdvertisedLimitsAreApplied/own/analyze_spend/one (0.00s)\n"}
{"Time":"2026-09-22T08:10:02.739098681+09:00","Action":"pass","Package":"github.com/hkjang/Vendra/internal/httpapi","Test":"TestMCPAdvertisedLimitsAreApplied/own/analyze_spend/one","Elapsed":0}
{"Time":"2026-09-22T08:10:02.739490852+09:00","Action":"run","Package":"github.com/hkjang/Vendra/internal/httpapi","Test":"TestMCPAdvertisedLimitsAreApplied/own/analyze_spend/two"}
{"Time":"2026-09-22T08:10:02.739926762+09:00","Action":"output","Package":"github.com/hkjang/Vendra/internal/httpapi","Test":"TestMCPAdvertisedLimitsAreApplied/own/analyze_spend/two","Output":"=== RUN   TestMCPAdvertisedLimitsAreApplied/own/analyze_spend/two\n"}
{"Time":"2026-09-22T08:10:02.741725021+09:00","Action":"output","Package":"github.com/hkjang/Vendra/internal/httpapi","Test":"TestMCPAdvertisedLimitsAreApplied/own/analyze_spend/two","Output":"--- PASS: TestMCPAdvertisedLimitsAreApplied/own/analyze_spend/two (0.00s)\n"}
{"Time":"2026-09-22T08:10:02.742081532+09:00","Action":"pass","Package":"github.com/hkjang/Vendra/internal/httpapi","Test":"TestMCPAdvertisedLimitsAreApplied/own/analyze_spend/two","Elapsed":0}
{"Time":"2026-09-22T08:10:02.742445142+09:00","Action":"run","Package":"github.com/hkjang/Vendra/internal/httpapi","Test":"TestMCPAdvertisedLimitsAreApplied/own/analyze_spend/omitted"}
{"Time":"2026-09-22T08:10:02.74280756+09:00","Action":"output","Package":"github.com/hkjang/Vendra/internal/httpapi","Test":"TestMCPAdvertisedLimitsAreApplied/own/analyze_spend/omitted","Output":"=== RUN   TestMCPAdvertisedLimitsAreApplied/own/analyze_spend/omitted\n"}
{"Time":"2026-09-22T08:10:02.745621752+09:00","Action":"output","Package":"github.com/hkjang/Vendra/internal/httpapi","Test":"TestMCPAdvertisedLimitsAreApplied/own/analyze_spend/omitted","Output":"--- PASS: TestMCPAdvertisedLimitsAreApplied/own/analyze_spend/omitted (0.00s)\n"}
{"Time":"2026-09-22T08:10:02.74601107+09:00","Action":"pass","Package":"github.com/hkjang/Vendra/internal/httpapi","Test":"TestMCPAdvertisedLimitsAreApplied/own/analyze_spend/omitted","Elapsed":0}
{"Time":"2026-09-22T08:10:02.746345012+09:00","Action":"run","Package":"github.com/hkjang/Vendra/internal/httpapi","Test":"TestMCPAdvertisedLimitsAreApplied/own/analyze_spend/ceiling"}
{"Time":"2026-09-22T08:10:02.746762115+09:00","Action":"output","Package":"github.com/hkjang/Vendra/internal/httpapi","Test":"TestMCPAdvertisedLimitsAreApplied/own/analyze_spend/ceiling","Output":"=== RUN   TestMCPAdvertisedLimitsAreApplied/own/analyze_spend/ceiling\n"}
{"Time":"2026-09-22T08:10:02.749310062+09:00","Action":"output","Package":"github.com/hkjang/Vendra/internal/httpapi","Test":"TestMCPAdvertisedLimitsAreApplied/own/analyze_spend/ceiling","Output":"--- PASS: TestMCPAdvertisedLimitsAreApplied/own/analyze_spend/ceiling (0.00s)\n"}
{"Time":"2026-09-22T08:10:02.74966828+09:00","Action":"pass","Package":"github.com/hkjang/Vendra/internal/httpapi","Test":"TestMCPAdvertisedLimitsAreApplied/own/analyze_spend/ceiling","Elapsed":0}
{"Time":"2026-09-22T08:10:02.750032039+09:00","Action":"run","Package":"github.com/hkjang/Vendra/internal/httpapi","Test":"TestMCPAdvertisedLimitsAreApplied/own/analyze_spend/above"}
{"Time":"2026-09-22T08:10:02.750378941+09:00","Action":"output","Package":"github.com/hkjang/Vendra/internal/httpapi","Test":"TestMCPAdvertisedLimitsAreApplied/own/analyze_spend/above","Output":"=== RUN   TestMCPAdvertisedLimitsAreApplied/own/analyze_spend/above\n"}
{"Time":"2026-09-22T08:10:02.75417079+09:00","Action":"output","Package":"github.com/hkjang/Vendra/internal/httpapi","Test":"TestMCPAdvertisedLimitsAreApplied/own/analyze_spend/above","Output":"--- PASS: TestMCPAdvertisedLimitsAreApplied/own/analyze_spend/above (0.00s)\n"}
{"Time":"2026-09-22T08:10:02.754549518+09:00","Action":"pass","Package":"github.com/hkjang/Vendra/internal/httpapi","Test":"TestMCPAdvertisedLimitsAreApplied/own/analyze_spend/above","Elapsed":0}
{"Time":"2026-09-22T08:10:02.754892602+09:00","Action":"run","Package":"github.com/hkjang/Vendra/internal/httpapi","Test":"TestMCPAdvertisedLimitsAreApplied/own/analyze_spend/null"}
{"Time":"2026-09-22T08:10:02.755275912+09:00","Action":"output","Package":"github.com/hkjang/Vendra/internal/httpapi","Test":"TestMCPAdvertisedLimitsAreApplied/own/analyze_spend/null","Output":"=== RUN   TestMCPAdvertisedLimitsAreApplied/own/analyze_spend/null\n"}
{"Time":"2026-09-22T08:10:02.757647608+09:00","Action":"output","Package":"github.com/hkjang/Vendra/internal/httpapi","Test":"TestMCPAdvertisedLimitsAreApplied/own/analyze_spend/null","Output":"--- PASS: TestMCPAdvertisedLimitsAreApplied/own/analyze_spend/null (0.00s)\n"}
{"Time":"2026-09-22T08:10:02.758003599+09:00","Action":"pass","Package":"github.com/hkjang/Vendra/internal/httpapi","Test":"TestMCPAdvertisedLimitsAreApplied/own/analyze_spend/null","Elapsed":0}
{"Time":"2026-09-22T08:10:02.758344021+09:00","Action":"run","Package":"github.com/hkjang/Vendra/internal/httpapi","Test":"TestMCPAdvertisedLimitsAreApplied/own/analyze_spend/string"}
{"Time":"2026-09-22T08:10:02.758716673+09:00","Action":"output","Package":"github.com/hkjang/Vendra/internal/httpapi","Test":"TestMCPAdvertisedLimitsAreApplied/own/analyze_spend/string","Output":"=== RUN   TestMCPAdvertisedLimitsAreApplied/own/analyze_spend/string\n"}
{"Time":"2026-09-22T08:10:02.761986979+09:00","Action":"output","Package":"github.com/hkjang/Vendra/internal/httpapi","Test":"TestMCPAdvertisedLimitsAreApplied/own/analyze_spend/string","Output":"--- PASS: TestMCPAdvertisedLimitsAreApplied/own/analyze_spend/string (0.00s)\n"}
{"Time":"2026-09-22T08:10:02.762442817+09:00","Action":"pass","Package":"github.com/hkjang/Vendra/internal/httpapi","Test":"TestMCPAdvertisedLimitsAreApplied/own/analyze_spend/string","Elapsed":0}
{"Time":"2026-09-22T08:10:02.76281016+09:00","Action":"run","Package":"github.com/hkjang/Vendra/internal/httpapi","Test":"TestMCPAdvertisedLimitsAreApplied/own/analyze_spend/zero"}
{"Time":"2026-09-22T08:10:02.763157927+09:00","Action":"output","Package":"github.com/hkjang/Vendra/internal/httpapi","Test":"TestMCPAdvertisedLimitsAreApplied/own/analyze_spend/zero","Output":"=== RUN   TestMCPAdvertisedLimitsAreApplied/own/analyze_spend/zero\n"}
{"Time":"2026-09-22T08:10:02.765428122+09:00","Action":"output","Package":"github.com/hkjang/Vendra/internal/httpapi","Test":"TestMCPAdvertisedLimitsAreApplied/own/analyze_spend/zero","Output":"--- PASS: TestMCPAdvertisedLimitsAreApplied/own/analyze_spend/zero (0.00s)\n"}
{"Time":"2026-09-22T08:10:02.765785534+09:00","Action":"pass","Package":"github.com/hkjang/Vendra/internal/httpapi","Test":"TestMCPAdvertisedLimitsAreApplied/own/analyze_spend/zero","Elapsed":0}
{"Time":"2026-09-22T08:10:02.766165566+09:00","Action":"run","Package":"github.com/hkjang/Vendra/internal/httpapi","Test":"TestMCPAdvertisedLimitsAreApplied/own/analyze_spend/negative"}
{"Time":"2026-09-22T08:10:02.766523127+09:00","Action":"output","Package":"github.com/hkjang/Vendra/internal/httpapi","Test":"TestMCPAdvertisedLimitsAreApplied/own/analyze_spend/negative","Output":"=== RUN   TestMCPAdvertisedLimitsAreApplied/own/analyze_spend/negative\n"}
{"Time":"2026-09-22T08:10:02.769592854+09:00","Action":"output","Package":"github.com/hkjang/Vendra/internal/httpapi","Test":"TestMCPAdvertisedLimitsAreApplied/own/analyze_spend/negative","Output":"--- PASS: TestMCPAdvertisedLimitsAreApplied/own/analyze_spend/negative (0.00s)\n"}
{"Time":"2026-09-22T08:10:02.769981736+09:00","Action":"pass","Package":"github.com/hkjang/Vendra/internal/httpapi","Test":"TestMCPAdvertisedLimitsAreApplied/own/analyze_spend/negative","Elapsed":0}
{"Time":"2026-09-22T08:10:02.770340708+09:00","Action":"run","Package":"github.com/hkjang/Vendra/internal/httpapi","Test":"TestMCPAdvertisedLimitsAreApplied/own/analyze_spend/fraction_below_one"}
{"Time":"2026-09-22T08:10:02.770737904+09:00","Action":"output","Package":"github.com/hkjang/Vendra/internal/httpapi","Test":"TestMCPAdvertisedLimitsAreApplied/own/analyze_spend/fraction_below_one","Output":"=== RUN   TestMCPAdvertisedLimitsAreApplied/own/analyze_spend/fraction_below_one\n"}
{"Time":"2026-09-22T08:10:02.773053112+09:00","Action":"output","Package":"github.com/hkjang/Vendra/internal/httpapi","Test":"TestMCPAdvertisedLimitsAreApplied/own/analyze_spend/fraction_below_one","Output":"--- PASS: TestMCPAdvertisedLimitsAreApplied/own/analyze_spend/fraction_below_one (0.00s)\n"}
{"Time":"2026-09-22T08:10:02.773464695+09:00","Action":"pass","Package":"github.com/hkjang/Vendra/internal/httpapi","Test":"TestMCPAdvertisedLimitsAreApplied/own/analyze_spend/fraction_below_one","Elapsed":0}
{"Time":"2026-09-22T08:10:02.773849373+09:00","Action":"run","Package":"github.com/hkjang/Vendra/internal/httpapi","Test":"TestMCPAdvertisedLimitsAreApplied/own/analyze_spend/huge"}
{"Time":"2026-09-22T08:10:02.774295072+09:00","Action":"output","Package":"github.com/hkjang/Vendra/internal/httpapi","Test":"TestMCPAdvertisedLimitsAreApplied/own/analyze_spend/huge","Output":"=== RUN   TestMCPAdvertisedLimitsAreApplied/own/analyze_spend/huge\n"}
{"Time":"2026-09-22T08:10:02.777190674+09:00","Action":"output","Package":"github.com/hkjang/Vendra/internal/httpapi","Test":"TestMCPAdvertisedLimitsAreApplied/own/analyze_spend/huge","Output":"--- PASS: TestMCPAdvertisedLimitsAreApplied/own/analyze_spend/huge (0.00s)\n"}
{"Time":"2026-09-22T08:10:02.777596854+09:00","Action":"pass","Package":"github.com/hkjang/Vendra/internal/httpapi","Test":"TestMCPAdvertisedLimitsAreApplied/own/analyze_spend/huge","Elapsed":0}
{"Time":"2026-09-22T08:10:02.77798107+09:00","Action":"run","Package":"github.com/hkjang/Vendra/internal/httpapi","Test":"TestMCPAdvertisedLimitsAreApplied/own/analyze_spend/fraction"}
{"Time":"2026-09-22T08:10:02.778352539+09:00","Action":"output","Package":"github.com/hkjang/Vendra/internal/httpapi","Test":"TestMCPAdvertisedLimitsAreApplied/own/analyze_spend/fraction","Output":"=== RUN   TestMCPAdvertisedLimitsAreApplied/own/analyze_spend/fraction\n"}
{"Time":"2026-09-22T08:10:02.780092035+09:00","Action":"output","Package":"github.com/hkjang/Vendra/internal/httpapi","Test":"TestMCPAdvertisedLimitsAreApplied/own/analyze_spend/fraction","Output":"--- PASS: TestMCPAdvertisedLimitsAreApplied/own/analyze_spend/fraction (0.00s)\n"}
{"Time":"2026-09-22T08:10:02.780460832+09:00","Action":"pass","Package":"github.com/hkjang/Vendra/internal/httpapi","Test":"TestMCPAdvertisedLimitsAreApplied/own/analyze_spend/fraction","Elapsed":0}
{"Time":"2026-09-22T08:10:02.78086876+09:00","Action":"output","Package":"github.com/hkjang/Vendra/internal/httpapi","Test":"TestMCPAdvertisedLimitsAreApplied/own/analyze_spend","Output":"--- PASS: TestMCPAdvertisedLimitsAreApplied/own/analyze_spend (0.05s)\n"}
{"Time":"2026-09-22T08:10:02.781237822+09:00","Action":"pass","Package":"github.com/hkjang/Vendra/internal/httpapi","Test":"TestMCPAdvertisedLimitsAreApplied/own/analyze_spend","Elapsed":0.05}
{"Time":"2026-09-22T08:10:02.781608803+09:00","Action":"run","Package":"github.com/hkjang/Vendra/internal/httpapi","Test":"TestMCPAdvertisedLimitsAreApplied/own/recommend_suppliers"}
{"Time":"2026-09-22T08:10:02.781956888+09:00","Action":"output","Package":"github.com/hkjang/Vendra/internal/httpapi","Test":"TestMCPAdvertisedLimitsAreApplied/own/recommend_suppliers","Output":"=== RUN   TestMCPAdvertisedLimitsAreApplied/own/recommend_suppliers\n"}
{"Time":"2026-09-22T08:10:02.783908342+09:00","Action":"run","Package":"github.com/hkjang/Vendra/internal/httpapi","Test":"TestMCPAdvertisedLimitsAreApplied/own/recommend_suppliers/one"}
{"Time":"2026-09-22T08:10:02.784309056+09:00","Action":"output","Package":"github.com/hkjang/Vendra/internal/httpapi","Test":"TestMCPAdvertisedLimitsAreApplied/own/recommend_suppliers/one","Output":"=== RUN   TestMCPAdvertisedLimitsAreApplied/own/recommend_suppliers/one\n"}
{"Time":"2026-09-22T08:10:02.786661142+09:00","Action":"output","Package":"github.com/hkjang/Vendra/internal/httpapi","Test":"TestMCPAdvertisedLimitsAreApplied/own/recommend_suppliers/one","Output":"--- PASS: TestMCPAdvertisedLimitsAreApplied/own/recommend_suppliers/one (0.00s)\n"}
{"Time":"2026-09-22T08:10:02.787031031+09:00","Action":"pass","Package":"github.com/hkjang/Vendra/internal/httpapi","Test":"TestMCPAdvertisedLimitsAreApplied/own/recommend_suppliers/one","Elapsed":0}
{"Time":"2026-09-22T08:10:02.787393215+09:00","Action":"run","Package":"github.com/hkjang/Vendra/internal/httpapi","Test":"TestMCPAdvertisedLimitsAreApplied/own/recommend_suppliers/two"}
{"Time":"2026-09-22T08:10:02.787746322+09:00","Action":"output","Package":"github.com/hkjang/Vendra/internal/httpapi","Test":"TestMCPAdvertisedLimitsAreApplied/own/recommend_suppliers/two","Output":"=== RUN   TestMCPAdvertisedLimitsAreApplied/own/recommend_suppliers/two\n"}
{"Time":"2026-09-22T08:10:02.789507183+09:00","Action":"output","Package":"github.com/hkjang/Vendra/internal/httpapi","Test":"TestMCPAdvertisedLimitsAreApplied/own/recommend_suppliers/two","Output":"--- PASS: TestMCPAdvertisedLimitsAreApplied/own/recommend_suppliers/two (0.00s)\n"}
{"Time":"2026-09-22T08:10:02.789887389+09:00","Action":"pass","Package":"github.com/hkjang/Vendra/internal/httpapi","Test":"TestMCPAdvertisedLimitsAreApplied/own/recommend_suppliers/two","Elapsed":0}
{"Time":"2026-09-22T08:10:02.790255996+09:00","Action":"run","Package":"github.com/hkjang/Vendra/internal/httpapi","Test":"TestMCPAdvertisedLimitsAreApplied/own/recommend_suppliers/omitted"}
{"Time":"2026-09-22T08:10:02.790669784+09:00","Action":"output","Package":"github.com/hkjang/Vendra/internal/httpapi","Test":"TestMCPAdvertisedLimitsAreApplied/own/recommend_suppliers/omitted","Output":"=== RUN   TestMCPAdvertisedLimitsAreApplied/own/recommend_suppliers/omitted\n"}
{"Time":"2026-09-22T08:10:02.793074881+09:00","Action":"output","Package":"github.com/hkjang/Vendra/internal/httpapi","Test":"TestMCPAdvertisedLimitsAreApplied/own/recommend_suppliers/omitted","Output":"--- PASS: TestMCPAdvertisedLimitsAreApplied/own/recommend_suppliers/omitted (0.00s)\n"}
{"Time":"2026-09-22T08:10:02.793511041+09:00","Action":"pass","Package":"github.com/hkjang/Vendra/internal/httpapi","Test":"TestMCPAdvertisedLimitsAreApplied/own/recommend_suppliers/omitted","Elapsed":0}
{"Time":"2026-09-22T08:10:02.793879801+09:00","Action":"run","Package":"github.com/hkjang/Vendra/internal/httpapi","Test":"TestMCPAdvertisedLimitsAreApplied/own/recommend_suppliers/ceiling"}
{"Time":"2026-09-22T08:10:02.794245861+09:00","Action":"output","Package":"github.com/hkjang/Vendra/internal/httpapi","Test":"TestMCPAdvertisedLimitsAreApplied/own/recommend_suppliers/ceiling","Output":"=== RUN   TestMCPAdvertisedLimitsAreApplied/own/recommend_suppliers/ceiling\n"}
{"Time":"2026-09-22T08:10:02.796470693+09:00","Action":"output","Package":"github.com/hkjang/Vendra/internal/httpapi","Test":"TestMCPAdvertisedLimitsAreApplied/own/recommend_suppliers/ceiling","Output":"--- PASS: TestMCPAdvertisedLimitsAreApplied/own/recommend_suppliers/ceiling (0.00s)\n"}
{"Time":"2026-09-22T08:10:02.796827824+09:00","Action":"pass","Package":"github.com/hkjang/Vendra/internal/httpapi","Test":"TestMCPAdvertisedLimitsAreApplied/own/recommend_suppliers/ceiling","Elapsed":0}
{"Time":"2026-09-22T08:10:02.797198445+09:00","Action":"run","Package":"github.com/hkjang/Vendra/internal/httpapi","Test":"TestMCPAdvertisedLimitsAreApplied/own/recommend_suppliers/above"}
{"Time":"2026-09-22T08:10:02.797567851+09:00","Action":"output","Package":"github.com/hkjang/Vendra/internal/httpapi","Test":"TestMCPAdvertisedLimitsAreApplied/own/recommend_suppliers/above","Output":"=== RUN   TestMCPAdvertisedLimitsAreApplied/own/recommend_suppliers/above\n"}
{"Time":"2026-09-22T08:10:02.80032466+09:00","Action":"output","Package":"github.com/hkjang/Vendra/internal/httpapi","Test":"TestMCPAdvertisedLimitsAreApplied/own/recommend_suppliers/above","Output":"--- PASS: TestMCPAdvertisedLimitsAreApplied/own/recommend_suppliers/above (0.00s)\n"}
{"Time":"2026-09-22T08:10:02.800710143+09:00","Action":"pass","Package":"github.com/hkjang/Vendra/internal/httpapi","Test":"TestMCPAdvertisedLimitsAreApplied/own/recommend_suppliers/above","Elapsed":0}
{"Time":"2026-09-22T08:10:02.801063859+09:00","Action":"run","Package":"github.com/hkjang/Vendra/internal/httpapi","Test":"TestMCPAdvertisedLimitsAreApplied/own/recommend_suppliers/null"}
{"Time":"2026-09-22T08:10:02.801481911+09:00","Action":"output","Package":"github.com/hkjang/Vendra/internal/httpapi","Test":"TestMCPAdvertisedLimitsAreApplied/own/recommend_suppliers/null","Output":"=== RUN   TestMCPAdvertisedLimitsAreApplied/own/recommend_suppliers/null\n"}
{"Time":"2026-09-22T08:10:02.80363834+09:00","Action":"output","Package":"github.com/hkjang/Vendra/internal/httpapi","Test":"TestMCPAdvertisedLimitsAreApplied/own/recommend_suppliers/null","Output":"--- PASS: TestMCPAdvertisedLimitsAreApplied/own/recommend_suppliers/null (0.00s)\n"}
{"Time":"2026-09-22T08:10:02.80401579+09:00","Action":"pass","Package":"github.com/hkjang/Vendra/internal/httpapi","Test":"TestMCPAdvertisedLimitsAreApplied/own/recommend_suppliers/null","Elapsed":0}
{"Time":"2026-09-22T08:10:02.804386316+09:00","Action":"run","Package":"github.com/hkjang/Vendra/internal/httpapi","Test":"TestMCPAdvertisedLimitsAreApplied/own/recommend_suppliers/string"}
{"Time":"2026-09-22T08:10:02.804809383+09:00","Action":"output","Package":"github.com/hkjang/Vendra/internal/httpapi","Test":"TestMCPAdvertisedLimitsAreApplied/own/recommend_suppliers/string","Output":"=== RUN   TestMCPAdvertisedLimitsAreApplied/own/recommend_suppliers/string\n"}
{"Time":"2026-09-22T08:10:02.806811683+09:00","Action":"output","Package":"github.com/hkjang/Vendra/internal/httpapi","Test":"TestMCPAdvertisedLimitsAreApplied/own/recommend_suppliers/string","Output":"--- PASS: TestMCPAdvertisedLimitsAreApplied/own/recommend_suppliers/string (0.00s)\n"}
{"Time":"2026-09-22T08:10:02.807196966+09:00","Action":"pass","Package":"github.com/hkjang/Vendra/internal/httpapi","Test":"TestMCPAdvertisedLimitsAreApplied/own/recommend_suppliers/string","Elapsed":0}
{"Time":"2026-09-22T08:10:02.80758053+09:00","Action":"run","Package":"github.com/hkjang/Vendra/internal/httpapi","Test":"TestMCPAdvertisedLimitsAreApplied/own/recommend_suppliers/zero"}
{"Time":"2026-09-22T08:10:02.807958707+09:00","Action":"output","Package":"github.com/hkjang/Vendra/internal/httpapi","Test":"TestMCPAdvertisedLimitsAreApplied/own/recommend_suppliers/zero","Output":"=== RUN   TestMCPAdvertisedLimitsAreApplied/own/recommend_suppliers/zero\n"}
{"Time":"2026-09-22T08:10:02.810276391+09:00","Action":"output","Package":"github.com/hkjang/Vendra/internal/httpapi","Test":"TestMCPAdvertisedLimitsAreApplied/own/recommend_suppliers/zero","Output":"--- PASS: TestMCPAdvertisedLimitsAreApplied/own/recommend_suppliers/zero (0.00s)\n"}
{"Time":"2026-09-22T08:10:02.810725224+09:00","Action":"pass","Package":"github.com/hkjang/Vendra/internal/httpapi","Test":"TestMCPAdvertisedLimitsAreApplied/own/recommend_suppliers/zero","Elapsed":0}
{"Time":"2026-09-22T08:10:02.811101354+09:00","Action":"run","Package":"github.com/hkjang/Vendra/internal/httpapi","Test":"TestMCPAdvertisedLimitsAreApplied/own/recommend_suppliers/negative"}
{"Time":"2026-09-22T08:10:02.81145033+09:00","Action":"output","Package":"github.com/hkjang/Vendra/internal/httpapi","Test":"TestMCPAdvertisedLimitsAreApplied/own/recommend_suppliers/negative","Output":"=== RUN   TestMCPAdvertisedLimitsAreApplied/own/recommend_suppliers/negative\n"}
{"Time":"2026-09-22T08:10:02.813512316+09:00","Action":"output","Package":"github.com/hkjang/Vendra/internal/httpapi","Test":"TestMCPAdvertisedLimitsAreApplied/own/recommend_suppliers/negative","Output":"--- PASS: TestMCPAdvertisedLimitsAreApplied/own/recommend_suppliers/negative (0.00s)\n"}
{"Time":"2026-09-22T08:10:02.813896972+09:00","Action":"pass","Package":"github.com/hkjang/Vendra/internal/httpapi","Test":"TestMCPAdvertisedLimitsAreApplied/own/recommend_suppliers/negative","Elapsed":0}
{"Time":"2026-09-22T08:10:02.814252093+09:00","Action":"run","Package":"github.com/hkjang/Vendra/internal/httpapi","Test":"TestMCPAdvertisedLimitsAreApplied/own/recommend_suppliers/fraction_below_one"}
{"Time":"2026-09-22T08:10:02.814633505+09:00","Action":"output","Package":"github.com/hkjang/Vendra/internal/httpapi","Test":"TestMCPAdvertisedLimitsAreApplied/own/recommend_suppliers/fraction_below_one","Output":"=== RUN   TestMCPAdvertisedLimitsAreApplied/own/recommend_suppliers/fraction_below_one\n"}
{"Time":"2026-09-22T08:10:02.817832566+09:00","Action":"output","Package":"github.com/hkjang/Vendra/internal/httpapi","Test":"TestMCPAdvertisedLimitsAreApplied/own/recommend_suppliers/fraction_below_one","Output":"--- PASS: TestMCPAdvertisedLimitsAreApplied/own/recommend_suppliers/fraction_below_one (0.00s)\n"}
{"Time":"2026-09-22T08:10:02.818261365+09:00","Action":"pass","Package":"github.com/hkjang/Vendra/internal/httpapi","Test":"TestMCPAdvertisedLimitsAreApplied/own/recommend_suppliers/fraction_below_one","Elapsed":0}
{"Time":"2026-09-22T08:10:02.818697043+09:00","Action":"run","Package":"github.com/hkjang/Vendra/internal/httpapi","Test":"TestMCPAdvertisedLimitsAreApplied/own/recommend_suppliers/huge"}
{"Time":"2026-09-22T08:10:02.819066465+09:00","Action":"output","Package":"github.com/hkjang/Vendra/internal/httpapi","Test":"TestMCPAdvertisedLimitsAreApplied/own/recommend_suppliers/huge","Output":"=== RUN   TestMCPAdvertisedLimitsAreApplied/own/recommend_suppliers/huge\n"}
{"Time":"2026-09-22T08:10:02.821086831+09:00","Action":"output","Package":"github.com/hkjang/Vendra/internal/httpapi","Test":"TestMCPAdvertisedLimitsAreApplied/own/recommend_suppliers/huge","Output":"--- PASS: TestMCPAdvertisedLimitsAreApplied/own/recommend_suppliers/huge (0.00s)\n"}
{"Time":"2026-09-22T08:10:02.821457632+09:00","Action":"pass","Package":"github.com/hkjang/Vendra/internal/httpapi","Test":"TestMCPAdvertisedLimitsAreApplied/own/recommend_suppliers/huge","Elapsed":0}
{"Time":"2026-09-22T08:10:02.821829181+09:00","Action":"run","Package":"github.com/hkjang/Vendra/internal/httpapi","Test":"TestMCPAdvertisedLimitsAreApplied/own/recommend_suppliers/fraction"}
{"Time":"2026-09-22T08:10:02.822197617+09:00","Action":"output","Package":"github.com/hkjang/Vendra/internal/httpapi","Test":"TestMCPAdvertisedLimitsAreApplied/own/recommend_suppliers/fraction","Output":"=== RUN   TestMCPAdvertisedLimitsAreApplied/own/recommend_suppliers/fraction\n"}
{"Time":"2026-09-22T08:10:02.823959368+09:00","Action":"output","Package":"github.com/hkjang/Vendra/internal/httpapi","Test":"TestMCPAdvertisedLimitsAreApplied/own/recommend_suppliers/fraction","Output":"--- PASS: TestMCPAdvertisedLimitsAreApplied/own/recommend_suppliers/fraction (0.00s)\n"}
{"Time":"2026-09-22T08:10:02.824342126+09:00","Action":"pass","Package":"github.com/hkjang/Vendra/internal/httpapi","Test":"TestMCPAdvertisedLimitsAreApplied/own/recommend_suppliers/fraction","Elapsed":0}
{"Time":"2026-09-22T08:10:02.824709374+09:00","Action":"output","Package":"github.com/hkjang/Vendra/internal/httpapi","Test":"TestMCPAdvertisedLimitsAreApplied/own/recommend_suppliers","Output":"--- PASS: TestMCPAdvertisedLimitsAreApplied/own/recommend_suppliers (0.04s)\n"}
{"Time":"2026-09-22T08:10:02.825074262+09:00","Action":"pass","Package":"github.com/hkjang/Vendra/internal/httpapi","Test":"TestMCPAdvertisedLimitsAreApplied/own/recommend_suppliers","Elapsed":0.04}
{"Time":"2026-09-22T08:10:02.825429914+09:00","Action":"run","Package":"github.com/hkjang/Vendra/internal/httpapi","Test":"TestMCPAdvertisedLimitsAreApplied/own/advertised_bounds"}
{"Time":"2026-09-22T08:10:02.825803408+09:00","Action":"output","Package":"github.com/hkjang/Vendra/internal/httpapi","Test":"TestMCPAdvertisedLimitsAreApplied/own/advertised_bounds","Output":"=== RUN   TestMCPAdvertisedLimitsAreApplied/own/advertised_bounds\n"}
{"Time":"2026-09-22T08:10:02.826145194+09:00","Action":"output","Package":"github.com/hkjang/Vendra/internal/httpapi","Test":"TestMCPAdvertisedLimitsAreApplied/own/advertised_bounds","Output":"--- PASS: TestMCPAdvertisedLimitsAreApplied/own/advertised_bounds (0.00s)\n"}
{"Time":"2026-09-22T08:10:02.82651407+09:00","Action":"pass","Package":"github.com/hkjang/Vendra/internal/httpapi","Test":"TestMCPAdvertisedLimitsAreApplied/own/advertised_bounds","Elapsed":0}
{"Time":"2026-09-22T08:10:02.826890651+09:00","Action":"run","Package":"github.com/hkjang/Vendra/internal/httpapi","Test":"TestMCPAdvertisedLimitsAreApplied/own/recommendation_filters"}
{"Time":"2026-09-22T08:10:02.827234759+09:00","Action":"output","Package":"github.com/hkjang/Vendra/internal/httpapi","Test":"TestMCPAdvertisedLimitsAreApplied/own/recommendation_filters","Output":"=== RUN   TestMCPAdvertisedLimitsAreApplied/own/recommendation_filters\n"}
{"Time":"2026-09-22T08:10:02.832755715+09:00","Action":"output","Package":"github.com/hkjang/Vendra/internal/httpapi","Test":"TestMCPAdvertisedLimitsAreApplied/own/recommendation_filters","Output":"--- PASS: TestMCPAdvertisedLimitsAreApplied/own/recommendation_filters (0.01s)\n"}
{"Time":"2026-09-22T08:10:02.833282867+09:00","Action":"pass","Package":"github.com/hkjang/Vendra/internal/httpapi","Test":"TestMCPAdvertisedLimitsAreApplied/own/recommendation_filters","Elapsed":0.01}
{"Time":"2026-09-22T08:10:02.833660349+09:00","Action":"run","Package":"github.com/hkjang/Vendra/internal/httpapi","Test":"TestMCPAdvertisedLimitsAreApplied/own/amount_permissions"}
{"Time":"2026-09-22T08:10:02.834031563+09:00","Action":"output","Package":"github.com/hkjang/Vendra/internal/httpapi","Test":"TestMCPAdvertisedLimitsAreApplied/own/amount_permissions","Output":"=== RUN   TestMCPAdvertisedLimitsAreApplied/own/amount_permissions\n"}
{"Time":"2026-09-22T08:10:02.838864271+09:00","Action":"output","Package":"github.com/hkjang/Vendra/internal/httpapi","Test":"TestMCPAdvertisedLimitsAreApplied/own/amount_permissions","Output":"--- PASS: TestMCPAdvertisedLimitsAreApplied/own/amount_permissions (0.01s)\n"}
{"Time":"2026-09-22T08:10:02.839222553+09:00","Action":"pass","Package":"github.com/hkjang/Vendra/internal/httpapi","Test":"TestMCPAdvertisedLimitsAreApplied/own/amount_permissions","Elapsed":0.01}
{"Time":"2026-09-22T08:10:02.903371017+09:00","Action":"output","Package":"github.com/hkjang/Vendra/internal/httpapi","Test":"TestMCPAdvertisedLimitsAreApplied/own","Output":"--- PASS: TestMCPAdvertisedLimitsAreApplied/own (0.36s)\n"}
{"Time":"2026-09-22T08:10:02.904095163+09:00","Action":"pass","Package":"github.com/hkjang/Vendra/internal/httpapi","Test":"TestMCPAdvertisedLimitsAreApplied/own","Elapsed":0.36}
{"Time":"2026-09-22T08:10:02.906209994+09:00","Action":"output","Package":"github.com/hkjang/Vendra/internal/httpapi","Test":"TestMCPAdvertisedLimitsAreApplied","Output":"--- PASS: TestMCPAdvertisedLimitsAreApplied (0.73s)\n"}
{"Time":"2026-09-22T08:10:02.906937268+09:00","Action":"pass","Package":"github.com/hkjang/Vendra/internal/httpapi","Test":"TestMCPAdvertisedLimitsAreApplied","Elapsed":0.73}
{"Time":"2026-09-22T08:10:02.907335621+09:00","Action":"run","Package":"github.com/hkjang/Vendra/internal/httpapi","Test":"TestMCPSupplierNumberSearchMatchesREST"}
{"Time":"2026-09-22T08:10:02.907714036+09:00","Action":"output","Package":"github.com/hkjang/Vendra/internal/httpapi","Test":"TestMCPSupplierNumberSearchMatchesREST","Output":"=== RUN   TestMCPSupplierNumberSearchMatchesREST\n"}
{"Time":"2026-09-22T08:10:03.036014453+09:00","Action":"run","Package":"github.com/hkjang/Vendra/internal/httpapi","Test":"TestMCPSupplierNumberSearchMatchesREST/SC-MINE"}
{"Time":"2026-09-22T08:10:03.036485609+09:00","Action":"output","Package":"github.com/hkjang/Vendra/internal/httpapi","Test":"TestMCPSupplierNumberSearchMatchesREST/SC-MINE","Output":"=== RUN   TestMCPSupplierNumberSearchMatchesREST/SC-MINE\n"}
{"Time":"2026-09-22T08:10:03.036959783+09:00","Action":"run","Package":"github.com/hkjang/Vendra/internal/httpapi","Test":"TestMCPSupplierNumberSearchMatchesREST/SC-MINE//api/v1/suppliers"}
{"Time":"2026-09-22T08:10:03.037335707+09:00","Action":"output","Package":"github.com/hkjang/Vendra/internal/httpapi","Test":"TestMCPSupplierNumberSearchMatchesREST/SC-MINE//api/v1/suppliers","Output":"=== RUN   TestMCPSupplierNumberSearchMatchesREST/SC-MINE//api/v1/suppliers\n"}
{"Time":"2026-09-22T08:10:03.041260049+09:00","Action":"output","Package":"github.com/hkjang/Vendra/internal/httpapi","Test":"TestMCPSupplierNumberSearchMatchesREST/SC-MINE//api/v1/suppliers","Output":"--- PASS: TestMCPSupplierNumberSearchMatchesREST/SC-MINE//api/v1/suppliers (0.01s)\n"}
{"Time":"2026-09-22T08:10:03.041670894+09:00","Action":"pass","Package":"github.com/hkjang/Vendra/internal/httpapi","Test":"TestMCPSupplierNumberSearchMatchesREST/SC-MINE//api/v1/suppliers","Elapsed":0.01}
{"Time":"2026-09-22T08:10:03.04212023+09:00","Action":"run","Package":"github.com/hkjang/Vendra/internal/httpapi","Test":"TestMCPSupplierNumberSearchMatchesREST/SC-MINE//api/v1/search"}
{"Time":"2026-09-22T08:10:03.042525402+09:00","Action":"output","Package":"github.com/hkjang/Vendra/internal/httpapi","Test":"TestMCPSupplierNumberSearchMatchesREST/SC-MINE//api/v1/search","Output":"=== RUN   TestMCPSupplierNumberSearchMatchesREST/SC-MINE//api/v1/search\n"}
{"Time":"2026-09-22T08:10:03.047983852+09:00","Action":"output","Package":"github.com/hkjang/Vendra/internal/httpapi","Test":"TestMCPSupplierNumberSearchMatchesREST/SC-MINE//api/v1/search","Output":"--- PASS: TestMCPSupplierNumberSearchMatchesREST/SC-MINE//api/v1/search (0.01s)\n"}
{"Time":"2026-09-22T08:10:03.048362962+09:00","Action":"pass","Package":"github.com/hkjang/Vendra/internal/httpapi","Test":"TestMCPSupplierNumberSearchMatchesREST/SC-MINE//api/v1/search","Elapsed":0.01}
{"Time":"2026-09-22T08:10:03.048737962+09:00","Action":"run","Package":"github.com/hkjang/Vendra/internal/httpapi","Test":"TestMCPSupplierNumberSearchMatchesREST/SC-MINE/MCP"}
{"Time":"2026-09-22T08:10:03.049145881+09:00","Action":"output","Package":"github.com/hkjang/Vendra/internal/httpapi","Test":"TestMCPSupplierNumberSearchMatchesREST/SC-MINE/MCP","Output":"=== RUN   TestMCPSupplierNumberSearchMatchesREST/SC-MINE/MCP\n"}
{"Time":"2026-09-22T08:10:03.051685148+09:00","Action":"output","Package":"github.com/hkjang/Vendra/internal/httpapi","Test":"TestMCPSupplierNumberSearchMatchesREST/SC-MINE/MCP","Output":"--- PASS: TestMCPSupplierNumberSearchMatchesREST/SC-MINE/MCP (0.00s)\n"}
{"Time":"2026-09-22T08:10:03.052115761+09:00","Action":"pass","Package":"github.com/hkjang/Vendra/internal/httpapi","Test":"TestMCPSupplierNumberSearchMatchesREST/SC-MINE/MCP","Elapsed":0}
{"Time":"2026-09-22T08:10:03.052529927+09:00","Action":"output","Package":"github.com/hkjang/Vendra/internal/httpapi","Test":"TestMCPSupplierNumberSearchMatchesREST/SC-MINE","Output":"--- PASS: TestMCPSupplierNumberSearchMatchesREST/SC-MINE (0.02s)\n"}
{"Time":"2026-09-22T08:10:03.052934129+09:00","Action":"pass","Package":"github.com/hkjang/Vendra/internal/httpapi","Test":"TestMCPSupplierNumberSearchMatchesREST/SC-MINE","Elapsed":0.02}
{"Time":"2026-09-22T08:10:03.053284202+09:00","Action":"run","Package":"github.com/hkjang/Vendra/internal/httpapi","Test":"TestMCPSupplierNumberSearchMatchesREST/sc-mine"}
{"Time":"2026-09-22T08:10:03.053652054+09:00","Action":"output","Package":"github.com/hkjang/Vendra/internal/httpapi","Test":"TestMCPSupplierNumberSearchMatchesREST/sc-mine","Output":"=== RUN   TestMCPSupplierNumberSearchMatchesREST/sc-mine\n"}
{"Time":"2026-09-22T08:10:03.054010787+09:00","Action":"run","Package":"github.com/hkjang/Vendra/internal/httpapi","Test":"TestMCPSupplierNumberSearchMatchesREST/sc-mine//api/v1/suppliers"}
{"Time":"2026-09-22T08:10:03.054382357+09:00","Action":"output","Package":"github.com/hkjang/Vendra/internal/httpapi","Test":"TestMCPSupplierNumberSearchMatchesREST/sc-mine//api/v1/suppliers","Output":"=== RUN   TestMCPSupplierNumberSearchMatchesREST/sc-mine//api/v1/suppliers\n"}
{"Time":"2026-09-22T08:10:03.054771627+09:00","Action":"output","Package":"github.com/hkjang/Vendra/internal/httpapi","Test":"TestMCPSupplierNumberSearchMatchesREST/sc-mine//api/v1/suppliers","Output":"--- PASS: TestMCPSupplierNumberSearchMatchesREST/sc-mine//api/v1/suppliers (0.00s)\n"}
{"Time":"2026-09-22T08:10:03.055125804+09:00","Action":"pass","Package":"github.com/hkjang/Vendra/internal/httpapi","Test":"TestMCPSupplierNumberSearchMatchesREST/sc-mine//api/v1/suppliers","Elapsed":0}
{"Time":"2026-09-22T08:10:03.055491731+09:00","Action":"run","Package":"github.com/hkjang/Vendra/internal/httpapi","Test":"TestMCPSupplierNumberSearchMatchesREST/sc-mine//api/v1/search"}
{"Time":"2026-09-22T08:10:03.055849388+09:00","Action":"output","Package":"github.com/hkjang/Vendra/internal/httpapi","Test":"TestMCPSupplierNumberSearchMatchesREST/sc-mine//api/v1/search","Output":"=== RUN   TestMCPSupplierNumberSearchMatchesREST/sc-mine//api/v1/search\n"}
{"Time":"2026-09-22T08:10:03.058090647+09:00","Action":"output","Package":"github.com/hkjang/Vendra/internal/httpapi","Test":"TestMCPSupplierNumberSearchMatchesREST/sc-mine//api/v1/search","Output":"--- PASS: TestMCPSupplierNumberSearchMatchesREST/sc-mine//api/v1/search (0.00s)\n"}
{"Time":"2026-09-22T08:10:03.058518737+09:00","Action":"pass","Package":"github.com/hkjang/Vendra/internal/httpapi","Test":"TestMCPSupplierNumberSearchMatchesREST/sc-mine//api/v1/search","Elapsed":0}
{"Time":"2026-09-22T08:10:03.058942664+09:00","Action":"run","Package":"github.com/hkjang/Vendra/internal/httpapi","Test":"TestMCPSupplierNumberSearchMatchesREST/sc-mine/MCP"}
{"Time":"2026-09-22T08:10:03.059330894+09:00","Action":"output","Package":"github.com/hkjang/Vendra/internal/httpapi","Test":"TestMCPSupplierNumberSearchMatchesREST/sc-mine/MCP","Output":"=== RUN   TestMCPSupplierNumberSearchMatchesREST/sc-mine/MCP\n"}
{"Time":"2026-09-22T08:10:03.061511148+09:00","Action":"output","Package":"github.com/hkjang/Vendra/internal/httpapi","Test":"TestMCPSupplierNumberSearchMatchesREST/sc-mine/MCP","Output":"--- PASS: TestMCPSupplierNumberSearchMatchesREST/sc-mine/MCP (0.00s)\n"}
{"Time":"2026-09-22T08:10:03.06188618+09:00","Action":"pass","Package":"github.com/hkjang/Vendra/internal/httpapi","Test":"TestMCPSupplierNumberSearchMatchesREST/sc-mine/MCP","Elapsed":0}
{"Time":"2026-09-22T08:10:03.062255857+09:00","Action":"output","Package":"github.com/hkjang/Vendra/internal/httpapi","Test":"TestMCPSupplierNumberSearchMatchesREST/sc-mine","Output":"--- PASS: TestMCPSupplierNumberSearchMatchesREST/sc-mine (0.01s)\n"}
{"Time":"2026-09-22T08:10:03.062618858+09:00","Action":"pass","Package":"github.com/hkjang/Vendra/internal/httpapi","Test":"TestMCPSupplierNumberSearchMatchesREST/sc-mine","Elapsed":0.01}
{"Time":"2026-09-22T08:10:03.062971524+09:00","Action":"run","Package":"github.com/hkjang/Vendra/internal/httpapi","Test":"TestMCPSupplierNumberSearchMatchesREST/C-MI"}
{"Time":"2026-09-22T08:10:03.063329291+09:00","Action":"output","Package":"github.com/hkjang/Vendra/internal/httpapi","Test":"TestMCPSupplierNumberSearchMatchesREST/C-MI","Output":"=== RUN   TestMCPSupplierNumberSearchMatchesREST/C-MI\n"}
{"Time":"2026-09-22T08:10:03.06368087+09:00","Action":"run","Package":"github.com/hkjang/Vendra/internal/httpapi","Test":"TestMCPSupplierNumberSearchMatchesREST/C-MI//api/v1/suppliers"}
{"Time":"2026-09-22T08:10:03.064022502+09:00","Action":"output","Package":"github.com/hkjang/Vendra/internal/httpapi","Test":"TestMCPSupplierNumberSearchMatchesREST/C-MI//api/v1/suppliers","Output":"=== RUN   TestMCPSupplierNumberSearchMatchesREST/C-MI//api/v1/suppliers\n"}
{"Time":"2026-09-22T08:10:03.064392545+09:00","Action":"output","Package":"github.com/hkjang/Vendra/internal/httpapi","Test":"TestMCPSupplierNumberSearchMatchesREST/C-MI//api/v1/suppliers","Output":"--- PASS: TestMCPSupplierNumberSearchMatchesREST/C-MI//api/v1/suppliers (0.00s)\n"}
{"Time":"2026-09-22T08:10:03.064725915+09:00","Action":"pass","Package":"github.com/hkjang/Vendra/internal/httpapi","Test":"TestMCPSupplierNumberSearchMatchesREST/C-MI//api/v1/suppliers","Elapsed":0}
{"Time":"2026-09-22T08:10:03.065086895+09:00","Action":"run","Package":"github.com/hkjang/Vendra/internal/httpapi","Test":"TestMCPSupplierNumberSearchMatchesREST/C-MI//api/v1/search"}
{"Time":"2026-09-22T08:10:03.065446768+09:00","Action":"output","Package":"github.com/hkjang/Vendra/internal/httpapi","Test":"TestMCPSupplierNumberSearchMatchesREST/C-MI//api/v1/search","Output":"=== RUN   TestMCPSupplierNumberSearchMatchesREST/C-MI//api/v1/search\n"}
{"Time":"2026-09-22T08:10:03.066810415+09:00","Action":"output","Package":"github.com/hkjang/Vendra/internal/httpapi","Test":"TestMCPSupplierNumberSearchMatchesREST/C-MI//api/v1/search","Output":"--- PASS: TestMCPSupplierNumberSearchMatchesREST/C-MI//api/v1/search (0.00s)\n"}
{"Time":"2026-09-22T08:10:03.067173283+09:00","Action":"pass","Package":"github.com/hkjang/Vendra/internal/httpapi","Test":"TestMCPSupplierNumberSearchMatchesREST/C-MI//api/v1/search","Elapsed":0}
{"Time":"2026-09-22T08:10:03.067539789+09:00","Action":"run","Package":"github.com/hkjang/Vendra/internal/httpapi","Test":"TestMCPSupplierNumberSearchMatchesREST/C-MI/MCP"}
{"Time":"2026-09-22T08:10:03.067898887+09:00","Action":"output","Package":"github.com/hkjang/Vendra/internal/httpapi","Test":"TestMCPSupplierNumberSearchMatchesREST/C-MI/MCP","Output":"=== RUN   TestMCPSupplierNumberSearchMatchesREST/C-MI/MCP\n"}
{"Time":"2026-09-22T08:10:03.069374238+09:00","Action":"output","Package":"github.com/hkjang/Vendra/internal/httpapi","Test":"TestMCPSupplierNumberSearchMatchesREST/C-MI/MCP","Output":"--- PASS: TestMCPSupplierNumberSearchMatchesREST/C-MI/MCP (0.00s)\n"}
{"Time":"2026-09-22T08:10:03.069743018+09:00","Action":"pass","Package":"github.com/hkjang/Vendra/internal/httpapi","Test":"TestMCPSupplierNumberSearchMatchesREST/C-MI/MCP","Elapsed":0}
{"Time":"2026-09-22T08:10:03.070095144+09:00","Action":"output","Package":"github.com/hkjang/Vendra/internal/httpapi","Test":"TestMCPSupplierNumberSearchMatchesREST/C-MI","Output":"--- PASS: TestMCPSupplierNumberSearchMatchesREST/C-MI (0.01s)\n"}
{"Time":"2026-09-22T08:10:03.070466417+09:00","Action":"pass","Package":"github.com/hkjang/Vendra/internal/httpapi","Test":"TestMCPSupplierNumberSearchMatchesREST/C-MI","Elapsed":0.01}
{"Time":"2026-09-22T08:10:03.070829831+09:00","Action":"run","Package":"github.com/hkjang/Vendra/internal/httpapi","Test":"TestMCPSupplierNumberSearchMatchesREST/mi"}
{"Time":"2026-09-22T08:10:03.071197912+09:00","Action":"output","Package":"github.com/hkjang/Vendra/internal/httpapi","Test":"TestMCPSupplierNumberSearchMatchesREST/mi","Output":"=== RUN   TestMCPSupplierNumberSearchMatchesREST/mi\n"}
{"Time":"2026-09-22T08:10:03.071554401+09:00","Action":"run","Package":"github.com/hkjang/Vendra/internal/httpapi","Test":"TestMCPSupplierNumberSearchMatchesREST/mi//api/v1/suppliers"}
{"Time":"2026-09-22T08:10:03.071913945+09:00","Action":"output","Package":"github.com/hkjang/Vendra/internal/httpapi","Test":"TestMCPSupplierNumberSearchMatchesREST/mi//api/v1/suppliers","Output":"=== RUN   TestMCPSupplierNumberSearchMatchesREST/mi//api/v1/suppliers\n"}
{"Time":"2026-09-22T08:10:03.072272025+09:00","Action":"output","Package":"github.com/hkjang/Vendra/internal/httpapi","Test":"TestMCPSupplierNumberSearchMatchesREST/mi//api/v1/suppliers","Output":"--- PASS: TestMCPSupplierNumberSearchMatchesREST/mi//api/v1/suppliers (0.00s)\n"}
{"Time":"2026-09-22T08:10:03.072650944+09:00","Action":"pass","Package":"github.com/hkjang/Vendra/internal/httpapi","Test":"TestMCPSupplierNumberSearchMatchesREST/mi//api/v1/suppliers","Elapsed":0}
{"Time":"2026-09-22T08:10:03.073018633+09:00","Action":"run","Package":"github.com/hkjang/Vendra/internal/httpapi","Test":"TestMCPSupplierNumberSearchMatchesREST/mi//api/v1/search"}
{"Time":"2026-09-22T08:10:03.073393304+09:00","Action":"output","Package":"github.com/hkjang/Vendra/internal/httpapi","Test":"TestMCPSupplierNumberSearchMatchesREST/mi//api/v1/search","Output":"=== RUN   TestMCPSupplierNumberSearchMatchesREST/mi//api/v1/search\n"}
{"Time":"2026-09-22T08:10:03.074346996+09:00","Action":"output","Package":"github.com/hkjang/Vendra/internal/httpapi","Test":"TestMCPSupplierNumberSearchMatchesREST/mi//api/v1/search","Output":"--- PASS: TestMCPSupplierNumberSearchMatchesREST/mi//api/v1/search (0.00s)\n"}
{"Time":"2026-09-22T08:10:03.074733589+09:00","Action":"pass","Package":"github.com/hkjang/Vendra/internal/httpapi","Test":"TestMCPSupplierNumberSearchMatchesREST/mi//api/v1/search","Elapsed":0}
{"Time":"2026-09-22T08:10:03.07508268+09:00","Action":"run","Package":"github.com/hkjang/Vendra/internal/httpapi","Test":"TestMCPSupplierNumberSearchMatchesREST/mi/MCP"}
{"Time":"2026-09-22T08:10:03.075451265+09:00","Action":"output","Package":"github.com/hkjang/Vendra/internal/httpapi","Test":"TestMCPSupplierNumberSearchMatchesREST/mi/MCP","Output":"=== RUN   TestMCPSupplierNumberSearchMatchesREST/mi/MCP\n"}
{"Time":"2026-09-22T08:10:03.078628883+09:00","Action":"output","Package":"github.com/hkjang/Vendra/internal/httpapi","Test":"TestMCPSupplierNumberSearchMatchesREST/mi/MCP","Output":"--- PASS: TestMCPSupplierNumberSearchMatchesREST/mi/MCP (0.00s)\n"}
{"Time":"2026-09-22T08:10:03.07901812+09:00","Action":"pass","Package":"github.com/hkjang/Vendra/internal/httpapi","Test":"TestMCPSupplierNumberSearchMatchesREST/mi/MCP","Elapsed":0}
{"Time":"2026-09-22T08:10:03.079443686+09:00","Action":"output","Package":"github.com/hkjang/Vendra/internal/httpapi","Test":"TestMCPSupplierNumberSearchMatchesREST/mi","Output":"--- PASS: TestMCPSupplierNumberSearchMatchesREST/mi (0.01s)\n"}
{"Time":"2026-09-22T08:10:03.079796363+09:00","Action":"pass","Package":"github.com/hkjang/Vendra/internal/httpapi","Test":"TestMCPSupplierNumberSearchMatchesREST/mi","Elapsed":0.01}
{"Time":"2026-09-22T08:10:03.080140672+09:00","Action":"run","Package":"github.com/hkjang/Vendra/internal/httpapi","Test":"TestMCPSupplierNumberSearchMatchesREST/SC-"}
{"Time":"2026-09-22T08:10:03.080521988+09:00","Action":"output","Package":"github.com/hkjang/Vendra/internal/httpapi","Test":"TestMCPSupplierNumberSearchMatchesREST/SC-","Output":"=== RUN   TestMCPSupplierNumberSearchMatchesREST/SC-\n"}
{"Time":"2026-09-22T08:10:03.080871239+09:00","Action":"run","Package":"github.com/hkjang/Vendra/internal/httpapi","Test":"TestMCPSupplierNumberSearchMatchesREST/SC-//api/v1/suppliers"}
{"Time":"2026-09-22T08:10:03.081221949+09:00","Action":"output","Package":"github.com/hkjang/Vendra/internal/httpapi","Test":"TestMCPSupplierNumberSearchMatchesREST/SC-//api/v1/suppliers","Output":"=== RUN   TestMCPSupplierNumberSearchMatchesREST/SC-//api/v1/suppliers\n"}
{"Time":"2026-09-22T08:10:03.081580273+09:00","Action":"output","Package":"github.com/hkjang/Vendra/internal/httpapi","Test":"TestMCPSupplierNumberSearchMatchesREST/SC-//api/v1/suppliers","Output":"--- PASS: TestMCPSupplierNumberSearchMatchesREST/SC-//api/v1/suppliers (0.00s)\n"}
{"Time":"2026-09-22T08:10:03.081946752+09:00","Action":"pass","Package":"github.com/hkjang/Vendra/internal/httpapi","Test":"TestMCPSupplierNumberSearchMatchesREST/SC-//api/v1/suppliers","Elapsed":0}
{"Time":"2026-09-22T08:10:03.082305161+09:00","Action":"run","Package":"github.com/hkjang/Vendra/internal/httpapi","Test":"TestMCPSupplierNumberSearchMatchesREST/SC-//api/v1/search"}
{"Time":"2026-09-22T08:10:03.082676805+09:00","Action":"output","Package":"github.com/hkjang/Vendra/internal/httpapi","Test":"TestMCPSupplierNumberSearchMatchesREST/SC-//api/v1/search","Output":"=== RUN   TestMCPSupplierNumberSearchMatchesREST/SC-//api/v1/search\n"}
{"Time":"2026-09-22T08:10:03.083783751+09:00","Action":"output","Package":"github.com/hkjang/Vendra/internal/httpapi","Test":"TestMCPSupplierNumberSearchMatchesREST/SC-//api/v1/search","Output":"--- PASS: TestMCPSupplierNumberSearchMatchesREST/SC-//api/v1/search (0.00s)\n"}
{"Time":"2026-09-22T08:10:03.084154961+09:00","Action":"pass","Package":"github.com/hkjang/Vendra/internal/httpapi","Test":"TestMCPSupplierNumberSearchMatchesREST/SC-//api/v1/search","Elapsed":0}
{"Time":"2026-09-22T08:10:03.084510464+09:00","Action":"run","Package":"github.com/hkjang/Vendra/internal/httpapi","Test":"TestMCPSupplierNumberSearchMatchesREST/SC-/MCP"}
{"Time":"2026-09-22T08:10:03.084848469+09:00","Action":"output","Package":"github.com/hkjang/Vendra/internal/httpapi","Test":"TestMCPSupplierNumberSearchMatchesREST/SC-/MCP","Output":"=== RUN   TestMCPSupplierNumberSearchMatchesREST/SC-/MCP\n"}
{"Time":"2026-09-22T08:10:03.086284978+09:00","Action":"output","Package":"github.com/hkjang/Vendra/internal/httpapi","Test":"TestMCPSupplierNumberSearchMatchesREST/SC-/MCP","Output":"--- PASS: TestMCPSupplierNumberSearchMatchesREST/SC-/MCP (0.00s)\n"}
{"Time":"2026-09-22T08:10:03.086665297+09:00","Action":"pass","Package":"github.com/hkjang/Vendra/internal/httpapi","Test":"TestMCPSupplierNumberSearchMatchesREST/SC-/MCP","Elapsed":0}
{"Time":"2026-09-22T08:10:03.087024633+09:00","Action":"output","Package":"github.com/hkjang/Vendra/internal/httpapi","Test":"TestMCPSupplierNumberSearchMatchesREST/SC-","Output":"--- PASS: TestMCPSupplierNumberSearchMatchesREST/SC- (0.01s)\n"}
{"Time":"2026-09-22T08:10:03.087393403+09:00","Action":"pass","Package":"github.com/hkjang/Vendra/internal/httpapi","Test":"TestMCPSupplierNumberSearchMatchesREST/SC-","Elapsed":0.01}
{"Time":"2026-09-22T08:10:03.087760021+09:00","Action":"run","Package":"github.com/hkjang/Vendra/internal/httpapi","Test":"TestMCPSupplierNumberSearchMatchesREST/Aurora"}
{"Time":"2026-09-22T08:10:03.08811063+09:00","Action":"output","Package":"github.com/hkjang/Vendra/internal/httpapi","Test":"TestMCPSupplierNumberSearchMatchesREST/Aurora","Output":"=== RUN   TestMCPSupplierNumberSearchMatchesREST/Aurora\n"}
{"Time":"2026-09-22T08:10:03.088492513+09:00","Action":"run","Package":"github.com/hkjang/Vendra/internal/httpapi","Test":"TestMCPSupplierNumberSearchMatchesREST/Aurora//api/v1/suppliers"}
{"Time":"2026-09-22T08:10:03.088880674+09:00","Action":"output","Package":"github.com/hkjang/Vendra/internal/httpapi","Test":"TestMCPSupplierNumberSearchMatchesREST/Aurora//api/v1/suppliers","Output":"=== RUN   TestMCPSupplierNumberSearchMatchesREST/Aurora//api/v1/suppliers\n"}
{"Time":"2026-09-22T08:10:03.089288227+09:00","Action":"output","Package":"github.com/hkjang/Vendra/internal/httpapi","Test":"TestMCPSupplierNumberSearchMatchesREST/Aurora//api/v1/suppliers","Output":"--- PASS: TestMCPSupplierNumberSearchMatchesREST/Aurora//api/v1/suppliers (0.00s)\n"}
{"Time":"2026-09-22T08:10:03.08964266+09:00","Action":"pass","Package":"github.com/hkjang/Vendra/internal/httpapi","Test":"TestMCPSupplierNumberSearchMatchesREST/Aurora//api/v1/suppliers","Elapsed":0}
{"Time":"2026-09-22T08:10:03.089997993+09:00","Action":"run","Package":"github.com/hkjang/Vendra/internal/httpapi","Test":"TestMCPSupplierNumberSearchMatchesREST/Aurora//api/v1/search"}
{"Time":"2026-09-22T08:10:03.090345632+09:00","Action":"output","Package":"github.com/hkjang/Vendra/internal/httpapi","Test":"TestMCPSupplierNumberSearchMatchesREST/Aurora//api/v1/search","Output":"=== RUN   TestMCPSupplierNumberSearchMatchesREST/Aurora//api/v1/search\n"}
{"Time":"2026-09-22T08:10:03.092755237+09:00","Action":"output","Package":"github.com/hkjang/Vendra/internal/httpapi","Test":"TestMCPSupplierNumberSearchMatchesREST/Aurora//api/v1/search","Output":"--- PASS: TestMCPSupplierNumberSearchMatchesREST/Aurora//api/v1/search (0.00s)\n"}
{"Time":"2026-09-22T08:10:03.093134521+09:00","Action":"pass","Package":"github.com/hkjang/Vendra/internal/httpapi","Test":"TestMCPSupplierNumberSearchMatchesREST/Aurora//api/v1/search","Elapsed":0}
{"Time":"2026-09-22T08:10:03.09351388+09:00","Action":"run","Package":"github.com/hkjang/Vendra/internal/httpapi","Test":"TestMCPSupplierNumberSearchMatchesREST/Aurora/MCP"}
{"Time":"2026-09-22T08:10:03.093860189+09:00","Action":"output","Package":"github.com/hkjang/Vendra/internal/httpapi","Test":"TestMCPSupplierNumberSearchMatchesREST/Aurora/MCP","Output":"=== RUN   TestMCPSupplierNumberSearchMatchesREST/Aurora/MCP\n"}
{"Time":"2026-09-22T08:10:03.095649179+09:00","Action":"output","Package":"github.com/hkjang/Vendra/internal/httpapi","Test":"TestMCPSupplierNumberSearchMatchesREST/Aurora/MCP","Output":"--- PASS: TestMCPSupplierNumberSearchMatchesREST/Aurora/MCP (0.00s)\n"}
{"Time":"2026-09-22T08:10:03.096013888+09:00","Action":"pass","Package":"github.com/hkjang/Vendra/internal/httpapi","Test":"TestMCPSupplierNumberSearchMatchesREST/Aurora/MCP","Elapsed":0}
{"Time":"2026-09-22T08:10:03.096370801+09:00","Action":"output","Package":"github.com/hkjang/Vendra/internal/httpapi","Test":"TestMCPSupplierNumberSearchMatchesREST/Aurora","Output":"--- PASS: TestMCPSupplierNumberSearchMatchesREST/Aurora (0.01s)\n"}
{"Time":"2026-09-22T08:10:03.096731892+09:00","Action":"pass","Package":"github.com/hkjang/Vendra/internal/httpapi","Test":"TestMCPSupplierNumberSearchMatchesREST/Aurora","Elapsed":0.01}
{"Time":"2026-09-22T08:10:03.097075794+09:00","Action":"run","Package":"github.com/hkjang/Vendra/internal/httpapi","Test":"TestMCPSupplierNumberSearchMatchesREST/7318294056"}
{"Time":"2026-09-22T08:10:03.09756964+09:00","Action":"output","Package":"github.com/hkjang/Vendra/internal/httpapi","Test":"TestMCPSupplierNumberSearchMatchesREST/7318294056","Output":"=== RUN   TestMCPSupplierNumberSearchMatchesREST/7318294056\n"}
{"Time":"2026-09-22T08:10:03.097941316+09:00","Action":"run","Package":"github.com/hkjang/Vendra/internal/httpapi","Test":"TestMCPSupplierNumberSearchMatchesREST/7318294056//api/v1/suppliers"}
{"Time":"2026-09-22T08:10:03.09848806+09:00","Action":"output","Package":"github.com/hkjang/Vendra/internal/httpapi","Test":"TestMCPSupplierNumberSearchMatchesREST/7318294056//api/v1/suppliers","Output":"=== RUN   TestMCPSupplierNumberSearchMatchesREST/7318294056//api/v1/suppliers\n"}
{"Time":"2026-09-22T08:10:03.098855494+09:00","Action":"output","Package":"github.com/hkjang/Vendra/internal/httpapi","Test":"TestMCPSupplierNumberSearchMatchesREST/7318294056//api/v1/suppliers","Output":"--- PASS: TestMCPSupplierNumberSearchMatchesREST/7318294056//api/v1/suppliers (0.00s)\n"}
{"Time":"2026-09-22T08:10:03.099268222+09:00","Action":"pass","Package":"github.com/hkjang/Vendra/internal/httpapi","Test":"TestMCPSupplierNumberSearchMatchesREST/7318294056//api/v1/suppliers","Elapsed":0}
{"Time":"2026-09-22T08:10:03.09962233+09:00","Action":"run","Package":"github.com/hkjang/Vendra/internal/httpapi","Test":"TestMCPSupplierNumberSearchMatchesREST/7318294056//api/v1/search"}
{"Time":"2026-09-22T08:10:03.100007035+09:00","Action":"output","Package":"github.com/hkjang/Vendra/internal/httpapi","Test":"TestMCPSupplierNumberSearchMatchesREST/7318294056//api/v1/search","Output":"=== RUN   TestMCPSupplierNumberSearchMatchesREST/7318294056//api/v1/search\n"}
{"Time":"2026-09-22T08:10:03.101282484+09:00","Action":"output","Package":"github.com/hkjang/Vendra/internal/httpapi","Test":"TestMCPSupplierNumberSearchMatchesREST/7318294056//api/v1/search","Output":"--- PASS: TestMCPSupplierNumberSearchMatchesREST/7318294056//api/v1/search (0.00s)\n"}
{"Time":"2026-09-22T08:10:03.101644881+09:00","Action":"pass","Package":"github.com/hkjang/Vendra/internal/httpapi","Test":"TestMCPSupplierNumberSearchMatchesREST/7318294056//api/v1/search","Elapsed":0}
{"Time":"2026-09-22T08:10:03.102117947+09:00","Action":"run","Package":"github.com/hkjang/Vendra/internal/httpapi","Test":"TestMCPSupplierNumberSearchMatchesREST/7318294056/MCP"}
{"Time":"2026-09-22T08:10:03.102641911+09:00","Action":"output","Package":"github.com/hkjang/Vendra/internal/httpapi","Test":"TestMCPSupplierNumberSearchMatchesREST/7318294056/MCP","Output":"=== RUN   TestMCPSupplierNumberSearchMatchesREST/7318294056/MCP\n"}
{"Time":"2026-09-22T08:10:03.103895786+09:00","Action":"output","Package":"github.com/hkjang/Vendra/internal/httpapi","Test":"TestMCPSupplierNumberSearchMatchesREST/7318294056/MCP","Output":"--- PASS: TestMCPSupplierNumberSearchMatchesREST/7318294056/MCP (0.00s)\n"}
{"Time":"2026-09-22T08:10:03.104280755+09:00","Action":"pass","Package":"github.com/hkjang/Vendra/internal/httpapi","Test":"TestMCPSupplierNumberSearchMatchesREST/7318294056/MCP","Elapsed":0}
{"Time":"2026-09-22T08:10:03.104692295+09:00","Action":"output","Package":"github.com/hkjang/Vendra/internal/httpapi","Test":"TestMCPSupplierNumberSearchMatchesREST/7318294056","Output":"--- PASS: TestMCPSupplierNumberSearchMatchesREST/7318294056 (0.01s)\n"}
{"Time":"2026-09-22T08:10:03.105045263+09:00","Action":"pass","Package":"github.com/hkjang/Vendra/internal/httpapi","Test":"TestMCPSupplierNumberSearchMatchesREST/7318294056","Elapsed":0.01}
{"Time":"2026-09-22T08:10:03.105399207+09:00","Action":"run","Package":"github.com/hkjang/Vendra/internal/httpapi","Test":"TestMCPSupplierNumberSearchMatchesREST/other_department"}
{"Time":"2026-09-22T08:10:03.10576547+09:00","Action":"output","Package":"github.com/hkjang/Vendra/internal/httpapi","Test":"TestMCPSupplierNumberSearchMatchesREST/other_department","Output":"=== RUN   TestMCPSupplierNumberSearchMatchesREST/other_department\n"}
{"Time":"2026-09-22T08:10:03.106123317+09:00","Action":"run","Package":"github.com/hkjang/Vendra/internal/httpapi","Test":"TestMCPSupplierNumberSearchMatchesREST/other_department//api/v1/suppliers"}
{"Time":"2026-09-22T08:10:03.106494282+09:00","Action":"output","Package":"github.com/hkjang/Vendra/internal/httpapi","Test":"TestMCPSupplierNumberSearchMatchesREST/other_department//api/v1/suppliers","Output":"=== RUN   TestMCPSupplierNumberSearchMatchesREST/other_department//api/v1/suppliers\n"}
{"Time":"2026-09-22T08:10:03.106877623+09:00","Action":"output","Package":"github.com/hkjang/Vendra/internal/httpapi","Test":"TestMCPSupplierNumberSearchMatchesREST/other_department//api/v1/suppliers","Output":"--- PASS: TestMCPSupplierNumberSearchMatchesREST/other_department//api/v1/suppliers (0.00s)\n"}
{"Time":"2026-09-22T08:10:03.107226821+09:00","Action":"pass","Package":"github.com/hkjang/Vendra/internal/httpapi","Test":"TestMCPSupplierNumberSearchMatchesREST/other_department//api/v1/suppliers","Elapsed":0}
{"Time":"2026-09-22T08:10:03.107575659+09:00","Action":"run","Package":"github.com/hkjang/Vendra/internal/httpapi","Test":"TestMCPSupplierNumberSearchMatchesREST/other_department//api/v1/search"}
{"Time":"2026-09-22T08:10:03.107932541+09:00","Action":"output","Package":"github.com/hkjang/Vendra/internal/httpapi","Test":"TestMCPSupplierNumberSearchMatchesREST/other_department//api/v1/search","Output":"=== RUN   TestMCPSupplierNumberSearchMatchesREST/other_department//api/v1/search\n"}
{"Time":"2026-09-22T08:10:03.108758734+09:00","Action":"output","Package":"github.com/hkjang/Vendra/internal/httpapi","Test":"TestMCPSupplierNumberSearchMatchesREST/other_department//api/v1/search","Output":"--- PASS: TestMCPSupplierNumberSearchMatchesREST/other_department//api/v1/search (0.00s)\n"}
{"Time":"2026-09-22T08:10:03.109113946+09:00","Action":"pass","Package":"github.com/hkjang/Vendra/internal/httpapi","Test":"TestMCPSupplierNumberSearchMatchesREST/other_department//api/v1/search","Elapsed":0}
{"Time":"2026-09-22T08:10:03.109473372+09:00","Action":"run","Package":"github.com/hkjang/Vendra/internal/httpapi","Test":"TestMCPSupplierNumberSearchMatchesREST/other_department/MCP"}
{"Time":"2026-09-22T08:10:03.109833329+09:00","Action":"output","Package":"github.com/hkjang/Vendra/internal/httpapi","Test":"TestMCPSupplierNumberSearchMatchesREST/other_department/MCP","Output":"=== RUN   TestMCPSupplierNumberSearchMatchesREST/other_department/MCP\n"}
{"Time":"2026-09-22T08:10:03.11124303+09:00","Action":"output","Package":"github.com/hkjang/Vendra/internal/httpapi","Test":"TestMCPSupplierNumberSearchMatchesREST/other_department/MCP","Output":"--- PASS: TestMCPSupplierNumberSearchMatchesREST/other_department/MCP (0.00s)\n"}
{"Time":"2026-09-22T08:10:03.111589576+09:00","Action":"pass","Package":"github.com/hkjang/Vendra/internal/httpapi","Test":"TestMCPSupplierNumberSearchMatchesREST/other_department/MCP","Elapsed":0}
{"Time":"2026-09-22T08:10:03.1119521+09:00","Action":"output","Package":"github.com/hkjang/Vendra/internal/httpapi","Test":"TestMCPSupplierNumberSearchMatchesREST/other_department","Output":"--- PASS: TestMCPSupplierNumberSearchMatchesREST/other_department (0.01s)\n"}
{"Time":"2026-09-22T08:10:03.112306065+09:00","Action":"pass","Package":"github.com/hkjang/Vendra/internal/httpapi","Test":"TestMCPSupplierNumberSearchMatchesREST/other_department","Elapsed":0.01}
{"Time":"2026-09-22T08:10:03.11265852+09:00","Action":"run","Package":"github.com/hkjang/Vendra/internal/httpapi","Test":"TestMCPSupplierNumberSearchMatchesREST/colleague_outside_own_scope"}
{"Time":"2026-09-22T08:10:03.113010926+09:00","Action":"output","Package":"github.com/hkjang/Vendra/internal/httpapi","Test":"TestMCPSupplierNumberSearchMatchesREST/colleague_outside_own_scope","Output":"=== RUN   TestMCPSupplierNumberSearchMatchesREST/colleague_outside_own_scope\n"}
{"Time":"2026-09-22T08:10:03.113360883+09:00","Action":"run","Package":"github.com/hkjang/Vendra/internal/httpapi","Test":"TestMCPSupplierNumberSearchMatchesREST/colleague_outside_own_scope//api/v1/suppliers"}
{"Time":"2026-09-22T08:10:03.113699057+09:00","Action":"output","Package":"github.com/hkjang/Vendra/internal/httpapi","Test":"TestMCPSupplierNumberSearchMatchesREST/colleague_outside_own_scope//api/v1/suppliers","Output":"=== RUN   TestMCPSupplierNumberSearchMatchesREST/colleague_outside_own_scope//api/v1/suppliers\n"}
{"Time":"2026-09-22T08:10:03.114064349+09:00","Action":"output","Package":"github.com/hkjang/Vendra/internal/httpapi","Test":"TestMCPSupplierNumberSearchMatchesREST/colleague_outside_own_scope//api/v1/suppliers","Output":"--- PASS: TestMCPSupplierNumberSearchMatchesREST/colleague_outside_own_scope//api/v1/suppliers (0.00s)\n"}
{"Time":"2026-09-22T08:10:03.11441484+09:00","Action":"pass","Package":"github.com/hkjang/Vendra/internal/httpapi","Test":"TestMCPSupplierNumberSearchMatchesREST/colleague_outside_own_scope//api/v1/suppliers","Elapsed":0}
{"Time":"2026-09-22T08:10:03.114773175+09:00","Action":"run","Package":"github.com/hkjang/Vendra/internal/httpapi","Test":"TestMCPSupplierNumberSearchMatchesREST/colleague_outside_own_scope//api/v1/search"}
{"Time":"2026-09-22T08:10:03.115172122+09:00","Action":"output","Package":"github.com/hkjang/Vendra/internal/httpapi","Test":"TestMCPSupplierNumberSearchMatchesREST/colleague_outside_own_scope//api/v1/search","Output":"=== RUN   TestMCPSupplierNumberSearchMatchesREST/colleague_outside_own_scope//api/v1/search\n"}
{"Time":"2026-09-22T08:10:03.116152375+09:00","Action":"output","Package":"github.com/hkjang/Vendra/internal/httpapi","Test":"TestMCPSupplierNumberSearchMatchesREST/colleague_outside_own_scope//api/v1/search","Output":"--- PASS: TestMCPSupplierNumberSearchMatchesREST/colleague_outside_own_scope//api/v1/search (0.00s)\n"}
{"Time":"2026-09-22T08:10:03.116531734+09:00","Action":"pass","Package":"github.com/hkjang/Vendra/internal/httpapi","Test":"TestMCPSupplierNumberSearchMatchesREST/colleague_outside_own_scope//api/v1/search","Elapsed":0}
{"Time":"2026-09-22T08:10:03.116910696+09:00","Action":"run","Package":"github.com/hkjang/Vendra/internal/httpapi","Test":"TestMCPSupplierNumberSearchMatchesREST/colleague_outside_own_scope/MCP"}
{"Time":"2026-09-22T08:10:03.117254692+09:00","Action":"output","Package":"github.com/hkjang/Vendra/internal/httpapi","Test":"TestMCPSupplierNumberSearchMatchesREST/colleague_outside_own_scope/MCP","Output":"=== RUN   TestMCPSupplierNumberSearchMatchesREST/colleague_outside_own_scope/MCP\n"}
{"Time":"2026-09-22T08:10:03.118850808+09:00","Action":"output","Package":"github.com/hkjang/Vendra/internal/httpapi","Test":"TestMCPSupplierNumberSearchMatchesREST/colleague_outside_own_scope/MCP","Output":"--- PASS: TestMCPSupplierNumberSearchMatchesREST/colleague_outside_own_scope/MCP (0.00s)\n"}
{"Time":"2026-09-22T08:10:03.119183515+09:00","Action":"pass","Package":"github.com/hkjang/Vendra/internal/httpapi","Test":"TestMCPSupplierNumberSearchMatchesREST/colleague_outside_own_scope/MCP","Elapsed":0}
{"Time":"2026-09-22T08:10:03.119750107+09:00","Action":"output","Package":"github.com/hkjang/Vendra/internal/httpapi","Test":"TestMCPSupplierNumberSearchMatchesREST/colleague_outside_own_scope","Output":"--- PASS: TestMCPSupplierNumberSearchMatchesREST/colleague_outside_own_scope (0.01s)\n"}
{"Time":"2026-09-22T08:10:03.120109895+09:00","Action":"pass","Package":"github.com/hkjang/Vendra/internal/httpapi","Test":"TestMCPSupplierNumberSearchMatchesREST/colleague_outside_own_scope","Elapsed":0.01}
{"Time":"2026-09-22T08:10:03.120559741+09:00","Action":"run","Package":"github.com/hkjang/Vendra/internal/httpapi","Test":"TestMCPSupplierNumberSearchMatchesREST/own_record"}
{"Time":"2026-09-22T08:10:03.120925005+09:00","Action":"output","Package":"github.com/hkjang/Vendra/internal/httpapi","Test":"TestMCPSupplierNumberSearchMatchesREST/own_record","Output":"=== RUN   TestMCPSupplierNumberSearchMatchesREST/own_record\n"}
{"Time":"2026-09-22T08:10:03.12127317+09:00","Action":"run","Package":"github.com/hkjang/Vendra/internal/httpapi","Test":"TestMCPSupplierNumberSearchMatchesREST/own_record//api/v1/suppliers"}
{"Time":"2026-09-22T08:10:03.121647587+09:00","Action":"output","Package":"github.com/hkjang/Vendra/internal/httpapi","Test":"TestMCPSupplierNumberSearchMatchesREST/own_record//api/v1/suppliers","Output":"=== RUN   TestMCPSupplierNumberSearchMatchesREST/own_record//api/v1/suppliers\n"}
{"Time":"2026-09-22T08:10:03.122149917+09:00","Action":"output","Package":"github.com/hkjang/Vendra/internal/httpapi","Test":"TestMCPSupplierNumberSearchMatchesREST/own_record//api/v1/suppliers","Output":"--- PASS: TestMCPSupplierNumberSearchMatchesREST/own_record//api/v1/suppliers (0.00s)\n"}
{"Time":"2026-09-22T08:10:03.122541509+09:00","Action":"pass","Package":"github.com/hkjang/Vendra/internal/httpapi","Test":"TestMCPSupplierNumberSearchMatchesREST/own_record//api/v1/suppliers","Elapsed":0}
{"Time":"2026-09-22T08:10:03.122916043+09:00","Action":"run","Package":"github.com/hkjang/Vendra/internal/httpapi","Test":"TestMCPSupplierNumberSearchMatchesREST/own_record//api/v1/search"}
{"Time":"2026-09-22T08:10:03.123263247+09:00","Action":"output","Package":"github.com/hkjang/Vendra/internal/httpapi","Test":"TestMCPSupplierNumberSearchMatchesREST/own_record//api/v1/search","Output":"=== RUN   TestMCPSupplierNumberSearchMatchesREST/own_record//api/v1/search\n"}
{"Time":"2026-09-22T08:10:03.12565224+09:00","Action":"output","Package":"github.com/hkjang/Vendra/internal/httpapi","Test":"TestMCPSupplierNumberSearchMatchesREST/own_record//api/v1/search","Output":"--- PASS: TestMCPSupplierNumberSearchMatchesREST/own_record//api/v1/search (0.00s)\n"}
{"Time":"2026-09-22T08:10:03.126074285+09:00","Action":"pass","Package":"github.com/hkjang/Vendra/internal/httpapi","Test":"TestMCPSupplierNumberSearchMatchesREST/own_record//api/v1/search","Elapsed":0}
{"Time":"2026-09-22T08:10:03.1264343+09:00","Action":"run","Package":"github.com/hkjang/Vendra/internal/httpapi","Test":"TestMCPSupplierNumberSearchMatchesREST/own_record/MCP"}
{"Time":"2026-09-22T08:10:03.126921275+09:00","Action":"output","Package":"github.com/hkjang/Vendra/internal/httpapi","Test":"TestMCPSupplierNumberSearchMatchesREST/own_record/MCP","Output":"=== RUN   TestMCPSupplierNumberSearchMatchesREST/own_record/MCP\n"}
{"Time":"2026-09-22T08:10:03.128577007+09:00","Action":"output","Package":"github.com/hkjang/Vendra/internal/httpapi","Test":"TestMCPSupplierNumberSearchMatchesREST/own_record/MCP","Output":"--- PASS: TestMCPSupplierNumberSearchMatchesREST/own_record/MCP (0.00s)\n"}
{"Time":"2026-09-22T08:10:03.128961181+09:00","Action":"pass","Package":"github.com/hkjang/Vendra/internal/httpapi","Test":"TestMCPSupplierNumberSearchMatchesREST/own_record/MCP","Elapsed":0}
{"Time":"2026-09-22T08:10:03.129308466+09:00","Action":"output","Package":"github.com/hkjang/Vendra/internal/httpapi","Test":"TestMCPSupplierNumberSearchMatchesREST/own_record","Output":"--- PASS: TestMCPSupplierNumberSearchMatchesREST/own_record (0.01s)\n"}
{"Time":"2026-09-22T08:10:03.129706994+09:00","Action":"pass","Package":"github.com/hkjang/Vendra/internal/httpapi","Test":"TestMCPSupplierNumberSearchMatchesREST/own_record","Elapsed":0.01}
{"Time":"2026-09-22T08:10:03.130080663+09:00","Action":"run","Package":"github.com/hkjang/Vendra/internal/httpapi","Test":"TestMCPSupplierNumberSearchMatchesREST/deleted_department_record"}
{"Time":"2026-09-22T08:10:03.130424575+09:00","Action":"output","Package":"github.com/hkjang/Vendra/internal/httpapi","Test":"TestMCPSupplierNumberSearchMatchesREST/deleted_department_record","Output":"=== RUN   TestMCPSupplierNumberSearchMatchesREST/deleted_department_record\n"}
{"Time":"2026-09-22T08:10:03.130816061+09:00","Action":"run","Package":"github.com/hkjang/Vendra/internal/httpapi","Test":"TestMCPSupplierNumberSearchMatchesREST/deleted_department_record//api/v1/suppliers"}
{"Time":"2026-09-22T08:10:03.131171898+09:00","Action":"output","Package":"github.com/hkjang/Vendra/internal/httpapi","Test":"TestMCPSupplierNumberSearchMatchesREST/deleted_department_record//api/v1/suppliers","Output":"=== RUN   TestMCPSupplierNumberSearchMatchesREST/deleted_department_record//api/v1/suppliers\n"}
{"Time":"2026-09-22T08:10:03.131530641+09:00","Action":"output","Package":"github.com/hkjang/Vendra/internal/httpapi","Test":"TestMCPSupplierNumberSearchMatchesREST/deleted_department_record//api/v1/suppliers","Output":"--- PASS: TestMCPSupplierNumberSearchMatchesREST/deleted_department_record//api/v1/suppliers (0.00s)\n"}
{"Time":"2026-09-22T08:10:03.131908839+09:00","Action":"pass","Package":"github.com/hkjang/Vendra/internal/httpapi","Test":"TestMCPSupplierNumberSearchMatchesREST/deleted_department_record//api/v1/suppliers","Elapsed":0}
{"Time":"2026-09-22T08:10:03.132270971+09:00","Action":"run","Package":"github.com/hkjang/Vendra/internal/httpapi","Test":"TestMCPSupplierNumberSearchMatchesREST/deleted_department_record//api/v1/search"}
{"Time":"2026-09-22T08:10:03.132622078+09:00","Action":"output","Package":"github.com/hkjang/Vendra/internal/httpapi","Test":"TestMCPSupplierNumberSearchMatchesREST/deleted_department_record//api/v1/search","Output":"=== RUN   TestMCPSupplierNumberSearchMatchesREST/deleted_department_record//api/v1/search\n"}
{"Time":"2026-09-22T08:10:03.134965305+09:00","Action":"output","Package":"github.com/hkjang/Vendra/internal/httpapi","Test":"TestMCPSupplierNumberSearchMatchesREST/deleted_department_record//api/v1/search","Output":"--- PASS: TestMCPSupplierNumberSearchMatchesREST/deleted_department_record//api/v1/search (0.00s)\n"}
{"Time":"2026-09-22T08:10:03.135342097+09:00","Action":"pass","Package":"github.com/hkjang/Vendra/internal/httpapi","Test":"TestMCPSupplierNumberSearchMatchesREST/deleted_department_record//api/v1/search","Elapsed":0}
{"Time":"2026-09-22T08:10:03.135811037+09:00","Action":"run","Package":"github.com/hkjang/Vendra/internal/httpapi","Test":"TestMCPSupplierNumberSearchMatchesREST/deleted_department_record/MCP"}
{"Time":"2026-09-22T08:10:03.136207142+09:00","Action":"output","Package":"github.com/hkjang/Vendra/internal/httpapi","Test":"TestMCPSupplierNumberSearchMatchesREST/deleted_department_record/MCP","Output":"=== RUN   TestMCPSupplierNumberSearchMatchesREST/deleted_department_record/MCP\n"}
{"Time":"2026-09-22T08:10:03.13759481+09:00","Action":"output","Package":"github.com/hkjang/Vendra/internal/httpapi","Test":"TestMCPSupplierNumberSearchMatchesREST/deleted_department_record/MCP","Output":"--- PASS: TestMCPSupplierNumberSearchMatchesREST/deleted_department_record/MCP (0.00s)\n"}
{"Time":"2026-09-22T08:10:03.137944904+09:00","Action":"pass","Package":"github.com/hkjang/Vendra/internal/httpapi","Test":"TestMCPSupplierNumberSearchMatchesREST/deleted_department_record/MCP","Elapsed":0}
{"Time":"2026-09-22T08:10:03.138332599+09:00","Action":"output","Package":"github.com/hkjang/Vendra/internal/httpapi","Test":"TestMCPSupplierNumberSearchMatchesREST/deleted_department_record","Output":"--- PASS: TestMCPSupplierNumberSearchMatchesREST/deleted_department_record (0.01s)\n"}
{"Time":"2026-09-22T08:10:03.138743561+09:00","Action":"pass","Package":"github.com/hkjang/Vendra/internal/httpapi","Test":"TestMCPSupplierNumberSearchMatchesREST/deleted_department_record","Elapsed":0.01}
{"Time":"2026-09-22T08:10:03.139158993+09:00","Action":"run","Package":"github.com/hkjang/Vendra/internal/httpapi","Test":"TestMCPSupplierNumberSearchMatchesREST/deleted_own_record"}
{"Time":"2026-09-22T08:10:03.139544641+09:00","Action":"output","Package":"github.com/hkjang/Vendra/internal/httpapi","Test":"TestMCPSupplierNumberSearchMatchesREST/deleted_own_record","Output":"=== RUN   TestMCPSupplierNumberSearchMatchesREST/deleted_own_record\n"}
{"Time":"2026-09-22T08:10:03.139903013+09:00","Action":"run","Package":"github.com/hkjang/Vendra/internal/httpapi","Test":"TestMCPSupplierNumberSearchMatchesREST/deleted_own_record//api/v1/suppliers"}
{"Time":"2026-09-22T08:10:03.140259417+09:00","Action":"output","Package":"github.com/hkjang/Vendra/internal/httpapi","Test":"TestMCPSupplierNumberSearchMatchesREST/deleted_own_record//api/v1/suppliers","Output":"=== RUN   TestMCPSupplierNumberSearchMatchesREST/deleted_own_record//api/v1/suppliers\n"}
{"Time":"2026-09-22T08:10:03.140631486+09:00","Action":"output","Package":"github.com/hkjang/Vendra/internal/httpapi","Test":"TestMCPSupplierNumberSearchMatchesREST/deleted_own_record//api/v1/suppliers","Output":"--- PASS: TestMCPSupplierNumberSearchMatchesREST/deleted_own_record//api/v1/suppliers (0.00s)\n"}
{"Time":"2026-09-22T08:10:03.140983754+09:00","Action":"pass","Package":"github.com/hkjang/Vendra/internal/httpapi","Test":"TestMCPSupplierNumberSearchMatchesREST/deleted_own_record//api/v1/suppliers","Elapsed":0}
{"Time":"2026-09-22T08:10:03.141354083+09:00","Action":"run","Package":"github.com/hkjang/Vendra/internal/httpapi","Test":"TestMCPSupplierNumberSearchMatchesREST/deleted_own_record//api/v1/search"}
{"Time":"2026-09-22T08:10:03.141728941+09:00","Action":"output","Package":"github.com/hkjang/Vendra/internal/httpapi","Test":"TestMCPSupplierNumberSearchMatchesREST/deleted_own_record//api/v1/search","Output":"=== RUN   TestMCPSupplierNumberSearchMatchesREST/deleted_own_record//api/v1/search\n"}
{"Time":"2026-09-22T08:10:03.142483586+09:00","Action":"output","Package":"github.com/hkjang/Vendra/internal/httpapi","Test":"TestMCPSupplierNumberSearchMatchesREST/deleted_own_record//api/v1/search","Output":"--- PASS: TestMCPSupplierNumberSearchMatchesREST/deleted_own_record//api/v1/search (0.00s)\n"}
{"Time":"2026-09-22T08:10:03.142849175+09:00","Action":"pass","Package":"github.com/hkjang/Vendra/internal/httpapi","Test":"TestMCPSupplierNumberSearchMatchesREST/deleted_own_record//api/v1/search","Elapsed":0}
{"Time":"2026-09-22T08:10:03.143205632+09:00","Action":"run","Package":"github.com/hkjang/Vendra/internal/httpapi","Test":"TestMCPSupplierNumberSearchMatchesREST/deleted_own_record/MCP"}
{"Time":"2026-09-22T08:10:03.143586461+09:00","Action":"output","Package":"github.com/hkjang/Vendra/internal/httpapi","Test":"TestMCPSupplierNumberSearchMatchesREST/deleted_own_record/MCP","Output":"=== RUN   TestMCPSupplierNumberSearchMatchesREST/deleted_own_record/MCP\n"}
{"Time":"2026-09-22T08:10:03.145015515+09:00","Action":"output","Package":"github.com/hkjang/Vendra/internal/httpapi","Test":"TestMCPSupplierNumberSearchMatchesREST/deleted_own_record/MCP","Output":"--- PASS: TestMCPSupplierNumberSearchMatchesREST/deleted_own_record/MCP (0.00s)\n"}
{"Time":"2026-09-22T08:10:03.145383214+09:00","Action":"pass","Package":"github.com/hkjang/Vendra/internal/httpapi","Test":"TestMCPSupplierNumberSearchMatchesREST/deleted_own_record/MCP","Elapsed":0}
{"Time":"2026-09-22T08:10:03.145727014+09:00","Action":"output","Package":"github.com/hkjang/Vendra/internal/httpapi","Test":"TestMCPSupplierNumberSearchMatchesREST/deleted_own_record","Output":"--- PASS: TestMCPSupplierNumberSearchMatchesREST/deleted_own_record (0.01s)\n"}
{"Time":"2026-09-22T08:10:03.146090672+09:00","Action":"pass","Package":"github.com/hkjang/Vendra/internal/httpapi","Test":"TestMCPSupplierNumberSearchMatchesREST/deleted_own_record","Elapsed":0.01}
{"Time":"2026-09-22T08:10:03.174378583+09:00","Action":"output","Package":"github.com/hkjang/Vendra/internal/httpapi","Test":"TestMCPSupplierNumberSearchMatchesREST","Output":"--- PASS: TestMCPSupplierNumberSearchMatchesREST (0.27s)\n"}
{"Time":"2026-09-22T08:10:03.177207941+09:00","Action":"pass","Package":"github.com/hkjang/Vendra/internal/httpapi","Test":"TestMCPSupplierNumberSearchMatchesREST","Elapsed":0.27}
{"Time":"2026-09-22T08:10:03.17774145+09:00","Action":"run","Package":"github.com/hkjang/Vendra/internal/httpapi","Test":"TestMCPToolErrorsStaySeparateFromInternalFaults"}
{"Time":"2026-09-22T08:10:03.178159353+09:00","Action":"output","Package":"github.com/hkjang/Vendra/internal/httpapi","Test":"TestMCPToolErrorsStaySeparateFromInternalFaults","Output":"=== RUN   TestMCPToolErrorsStaySeparateFromInternalFaults\n"}
{"Time":"2026-09-22T08:10:03.178563523+09:00","Action":"output","Package":"github.com/hkjang/Vendra/internal/httpapi","Test":"TestMCPToolErrorsStaySeparateFromInternalFaults","Output":"--- PASS: TestMCPToolErrorsStaySeparateFromInternalFaults (0.00s)\n"}
{"Time":"2026-09-22T08:10:03.178948677+09:00","Action":"pass","Package":"github.com/hkjang/Vendra/internal/httpapi","Test":"TestMCPToolErrorsStaySeparateFromInternalFaults","Elapsed":0}
{"Time":"2026-09-22T08:10:03.17930155+09:00","Action":"run","Package":"github.com/hkjang/Vendra/internal/httpapi","Test":"TestSupplierArgAcceptsEitherName"}
{"Time":"2026-09-22T08:10:03.179676334+09:00","Action":"output","Package":"github.com/hkjang/Vendra/internal/httpapi","Test":"TestSupplierArgAcceptsEitherName","Output":"=== RUN   TestSupplierArgAcceptsEitherName\n"}
{"Time":"2026-09-22T08:10:03.180049345+09:00","Action":"output","Package":"github.com/hkjang/Vendra/internal/httpapi","Test":"TestSupplierArgAcceptsEitherName","Output":"--- PASS: TestSupplierArgAcceptsEitherName (0.00s)\n"}
{"Time":"2026-09-22T08:10:03.180399975+09:00","Action":"pass","Package":"github.com/hkjang/Vendra/internal/httpapi","Test":"TestSupplierArgAcceptsEitherName","Elapsed":0}
{"Time":"2026-09-22T08:10:03.18077715+09:00","Action":"run","Package":"github.com/hkjang/Vendra/internal/httpapi","Test":"TestSupplierListArgAcceptsEitherName"}
{"Time":"2026-09-22T08:10:03.181150915+09:00","Action":"output","Package":"github.com/hkjang/Vendra/internal/httpapi","Test":"TestSupplierListArgAcceptsEitherName","Output":"=== RUN   TestSupplierListArgAcceptsEitherName\n"}
{"Time":"2026-09-22T08:10:03.181524552+09:00","Action":"output","Package":"github.com/hkjang/Vendra/internal/httpapi","Test":"TestSupplierListArgAcceptsEitherName","Output":"--- PASS: TestSupplierListArgAcceptsEitherName (0.00s)\n"}
{"Time":"2026-09-22T08:10:03.181900164+09:00","Action":"pass","Package":"github.com/hkjang/Vendra/internal/httpapi","Test":"TestSupplierListArgAcceptsEitherName","Elapsed":0}
{"Time":"2026-09-22T08:10:03.182258403+09:00","Action":"run","Package":"github.com/hkjang/Vendra/internal/httpapi","Test":"TestMCPToolSchemasNameTheSupplierConsistently"}
{"Time":"2026-09-22T08:10:03.182651362+09:00","Action":"output","Package":"github.com/hkjang/Vendra/internal/httpapi","Test":"TestMCPToolSchemasNameTheSupplierConsistently","Output":"=== RUN   TestMCPToolSchemasNameTheSupplierConsistently\n"}
{"Time":"2026-09-22T08:10:03.18302149+09:00","Action":"output","Package":"github.com/hkjang/Vendra/internal/httpapi","Test":"TestMCPToolSchemasNameTheSupplierConsistently","Output":"--- PASS: TestMCPToolSchemasNameTheSupplierConsistently (0.00s)\n"}
{"Time":"2026-09-22T08:10:03.183391766+09:00","Action":"pass","Package":"github.com/hkjang/Vendra/internal/httpapi","Test":"TestMCPToolSchemasNameTheSupplierConsistently","Elapsed":0}
{"Time":"2026-09-22T08:10:03.183748292+09:00","Action":"run","Package":"github.com/hkjang/Vendra/internal/httpapi","Test":"TestExpiringContractsToolReturnsContracts"}
{"Time":"2026-09-22T08:10:03.184091669+09:00","Action":"output","Package":"github.com/hkjang/Vendra/internal/httpapi","Test":"TestExpiringContractsToolReturnsContracts","Output":"=== RUN   TestExpiringContractsToolReturnsContracts\n"}
{"Time":"2026-09-22T08:10:03.370181878+09:00","Action":"run","Package":"github.com/hkjang/Vendra/internal/httpapi","Test":"TestExpiringContractsToolReturnsContracts/{}"}
{"Time":"2026-09-22T08:10:03.370728867+09:00","Action":"output","Package":"github.com/hkjang/Vendra/internal/httpapi","Test":"TestExpiringContractsToolReturnsContracts/{}","Output":"=== RUN   TestExpiringContractsToolReturnsContracts/{}\n"}
{"Time":"2026-09-22T08:10:03.377131331+09:00","Action":"output","Package":"github.com/hkjang/Vendra/internal/httpapi","Test":"TestExpiringContractsToolReturnsContracts/{}","Output":"--- PASS: TestExpiringContractsToolReturnsContracts/{} (0.01s)\n"}
{"Time":"2026-09-22T08:10:03.377559363+09:00","Action":"pass","Package":"github.com/hkjang/Vendra/internal/httpapi","Test":"TestExpiringContractsToolReturnsContracts/{}","Elapsed":0.01}
{"Time":"2026-09-22T08:10:03.377945976+09:00","Action":"run","Package":"github.com/hkjang/Vendra/internal/httpapi","Test":"TestExpiringContractsToolReturnsContracts/{\"days\":30}"}
{"Time":"2026-09-22T08:10:03.378277883+09:00","Action":"output","Package":"github.com/hkjang/Vendra/internal/httpapi","Test":"TestExpiringContractsToolReturnsContracts/{\"days\":30}","Output":"=== RUN   TestExpiringContractsToolReturnsContracts/{\"days\":30}\n"}
{"Time":"2026-09-22T08:10:03.380688956+09:00","Action":"output","Package":"github.com/hkjang/Vendra/internal/httpapi","Test":"TestExpiringContractsToolReturnsContracts/{\"days\":30}","Output":"--- PASS: TestExpiringContractsToolReturnsContracts/{\"days\":30} (0.00s)\n"}
{"Time":"2026-09-22T08:10:03.381066246+09:00","Action":"pass","Package":"github.com/hkjang/Vendra/internal/httpapi","Test":"TestExpiringContractsToolReturnsContracts/{\"days\":30}","Elapsed":0}
{"Time":"2026-09-22T08:10:03.3814341+09:00","Action":"run","Package":"github.com/hkjang/Vendra/internal/httpapi","Test":"TestExpiringContractsToolReturnsContracts/{\"days\":3650}"}
{"Time":"2026-09-22T08:10:03.381838104+09:00","Action":"output","Package":"github.com/hkjang/Vendra/internal/httpapi","Test":"TestExpiringContractsToolReturnsContracts/{\"days\":3650}","Output":"=== RUN   TestExpiringContractsToolReturnsContracts/{\"days\":3650}\n"}
{"Time":"2026-09-22T08:10:03.383959123+09:00","Action":"output","Package":"github.com/hkjang/Vendra/internal/httpapi","Test":"TestExpiringContractsToolReturnsContracts/{\"days\":3650}","Output":"--- PASS: TestExpiringContractsToolReturnsContracts/{\"days\":3650} (0.00s)\n"}
{"Time":"2026-09-22T08:10:03.384316668+09:00","Action":"pass","Package":"github.com/hkjang/Vendra/internal/httpapi","Test":"TestExpiringContractsToolReturnsContracts/{\"days\":3650}","Elapsed":0}
{"Time":"2026-09-22T08:10:03.384680364+09:00","Action":"run","Package":"github.com/hkjang/Vendra/internal/httpapi","Test":"TestExpiringContractsToolReturnsContracts/{\"days\":3651}"}
{"Time":"2026-09-22T08:10:03.385015177+09:00","Action":"output","Package":"github.com/hkjang/Vendra/internal/httpapi","Test":"TestExpiringContractsToolReturnsContracts/{\"days\":3651}","Output":"=== RUN   TestExpiringContractsToolReturnsContracts/{\"days\":3651}\n"}
{"Time":"2026-09-22T08:10:03.387195473+09:00","Action":"output","Package":"github.com/hkjang/Vendra/internal/httpapi","Test":"TestExpiringContractsToolReturnsContracts/{\"days\":3651}","Output":"--- PASS: TestExpiringContractsToolReturnsContracts/{\"days\":3651} (0.00s)\n"}
{"Time":"2026-09-22T08:10:03.387572186+09:00","Action":"pass","Package":"github.com/hkjang/Vendra/internal/httpapi","Test":"TestExpiringContractsToolReturnsContracts/{\"days\":3651}","Elapsed":0}
{"Time":"2026-09-22T08:10:03.38791403+09:00","Action":"run","Package":"github.com/hkjang/Vendra/internal/httpapi","Test":"TestExpiringContractsToolReturnsContracts/{\"days\":0.5}"}
{"Time":"2026-09-22T08:10:03.388255709+09:00","Action":"output","Package":"github.com/hkjang/Vendra/internal/httpapi","Test":"TestExpiringContractsToolReturnsContracts/{\"days\":0.5}","Output":"=== RUN   TestExpiringContractsToolReturnsContracts/{\"days\":0.5}\n"}
{"Time":"2026-09-22T08:10:03.390236699+09:00","Action":"output","Package":"github.com/hkjang/Vendra/internal/httpapi","Test":"TestExpiringContractsToolReturnsContracts/{\"days\":0.5}","Output":"--- PASS: TestExpiringContractsToolReturnsContracts/{\"days\":0.5} (0.00s)\n"}
{"Time":"2026-09-22T08:10:03.390733027+09:00","Action":"pass","Package":"github.com/hkjang/Vendra/internal/httpapi","Test":"TestExpiringContractsToolReturnsContracts/{\"days\":0.5}","Elapsed":0}
{"Time":"2026-09-22T08:10:03.391182882+09:00","Action":"run","Package":"github.com/hkjang/Vendra/internal/httpapi","Test":"TestExpiringContractsToolReturnsContracts/{\"days\":1e100}"}
{"Time":"2026-09-22T08:10:03.391573016+09:00","Action":"output","Package":"github.com/hkjang/Vendra/internal/httpapi","Test":"TestExpiringContractsToolReturnsContracts/{\"days\":1e100}","Output":"=== RUN   TestExpiringContractsToolReturnsContracts/{\"days\":1e100}\n"}
{"Time":"2026-09-22T08:10:03.393758069+09:00","Action":"output","Package":"github.com/hkjang/Vendra/internal/httpapi","Test":"TestExpiringContractsToolReturnsContracts/{\"days\":1e100}","Output":"--- PASS: TestExpiringContractsToolReturnsContracts/{\"days\":1e100} (0.00s)\n"}
{"Time":"2026-09-22T08:10:03.394105735+09:00","Action":"pass","Package":"github.com/hkjang/Vendra/internal/httpapi","Test":"TestExpiringContractsToolReturnsContracts/{\"days\":1e100}","Elapsed":0}
{"Time":"2026-09-22T08:10:03.399619628+09:00","Action":"output","Package":"github.com/hkjang/Vendra/internal/httpapi","Test":"TestExpiringContractsToolReturnsContracts","Output":"--- PASS: TestExpiringContractsToolReturnsContracts (0.23s)\n"}
{"Time":"2026-09-22T08:10:03.400036248+09:00","Action":"pass","Package":"github.com/hkjang/Vendra/internal/httpapi","Test":"TestExpiringContractsToolReturnsContracts","Elapsed":0.23}
{"Time":"2026-09-22T08:10:03.40052714+09:00","Action":"run","Package":"github.com/hkjang/Vendra/internal/httpapi","Test":"TestMCPToolAnswersAreBounded"}
{"Time":"2026-09-22T08:10:03.400931978+09:00","Action":"output","Package":"github.com/hkjang/Vendra/internal/httpapi","Test":"TestMCPToolAnswersAreBounded","Output":"=== RUN   TestMCPToolAnswersAreBounded\n"}
{"Time":"2026-09-22T08:10:03.620346927+09:00","Action":"run","Package":"github.com/hkjang/Vendra/internal/httpapi","Test":"TestMCPToolAnswersAreBounded/get_expiring_contracts_{}"}
{"Time":"2026-09-22T08:10:03.620930302+09:00","Action":"output","Package":"github.com/hkjang/Vendra/internal/httpapi","Test":"TestMCPToolAnswersAreBounded/get_expiring_contracts_{}","Output":"=== RUN   TestMCPToolAnswersAreBounded/get_expiring_contracts_{}\n"}
{"Time":"2026-09-22T08:10:03.632649209+09:00","Action":"output","Package":"github.com/hkjang/Vendra/internal/httpapi","Test":"TestMCPToolAnswersAreBounded/get_expiring_contracts_{}","Output":"--- PASS: TestMCPToolAnswersAreBounded/get_expiring_contracts_{} (0.01s)\n"}
{"Time":"2026-09-22T08:10:03.633077935+09:00","Action":"pass","Package":"github.com/hkjang/Vendra/internal/httpapi","Test":"TestMCPToolAnswersAreBounded/get_expiring_contracts_{}","Elapsed":0.01}
{"Time":"2026-09-22T08:10:03.633429561+09:00","Action":"run","Package":"github.com/hkjang/Vendra/internal/httpapi","Test":"TestMCPToolAnswersAreBounded/get_expiring_contracts_{\"days\":3650000}"}
{"Time":"2026-09-22T08:10:03.633808211+09:00","Action":"output","Package":"github.com/hkjang/Vendra/internal/httpapi","Test":"TestMCPToolAnswersAreBounded/get_expiring_contracts_{\"days\":3650000}","Output":"=== RUN   TestMCPToolAnswersAreBounded/get_expiring_contracts_{\"days\":3650000}\n"}
{"Time":"2026-09-22T08:10:03.637315582+09:00","Action":"output","Package":"github.com/hkjang/Vendra/internal/httpapi","Test":"TestMCPToolAnswersAreBounded/get_expiring_contracts_{\"days\":3650000}","Output":"--- PASS: TestMCPToolAnswersAreBounded/get_expiring_contracts_{\"days\":3650000} (0.00s)\n"}
{"Time":"2026-09-22T08:10:03.637714311+09:00","Action":"pass","Package":"github.com/hkjang/Vendra/internal/httpapi","Test":"TestMCPToolAnswersAreBounded/get_expiring_contracts_{\"days\":3650000}","Elapsed":0}
{"Time":"2026-09-22T08:10:03.638083357+09:00","Action":"run","Package":"github.com/hkjang/Vendra/internal/httpapi","Test":"TestMCPToolAnswersAreBounded/search_contracts_{}"}
{"Time":"2026-09-22T08:10:03.638440848+09:00","Action":"output","Package":"github.com/hkjang/Vendra/internal/httpapi","Test":"TestMCPToolAnswersAreBounded/search_contracts_{}","Output":"=== RUN   TestMCPToolAnswersAreBounded/search_contracts_{}\n"}
{"Time":"2026-09-22T08:10:03.644459272+09:00","Action":"output","Package":"github.com/hkjang/Vendra/internal/httpapi","Test":"TestMCPToolAnswersAreBounded/search_contracts_{}","Output":"--- PASS: TestMCPToolAnswersAreBounded/search_contracts_{} (0.01s)\n"}
{"Time":"2026-09-22T08:10:03.644844188+09:00","Action":"pass","Package":"github.com/hkjang/Vendra/internal/httpapi","Test":"TestMCPToolAnswersAreBounded/search_contracts_{}","Elapsed":0.01}
{"Time":"2026-09-22T08:10:03.645209634+09:00","Action":"run","Package":"github.com/hkjang/Vendra/internal/httpapi","Test":"TestMCPToolAnswersAreBounded/search_suppliers_{\"query\":\"\"}"}
{"Time":"2026-09-22T08:10:03.645543465+09:00","Action":"output","Package":"github.com/hkjang/Vendra/internal/httpapi","Test":"TestMCPToolAnswersAreBounded/search_suppliers_{\"query\":\"\"}","Output":"=== RUN   TestMCPToolAnswersAreBounded/search_suppliers_{\"query\":\"\"}\n"}
{"Time":"2026-09-22T08:10:03.64833867+09:00","Action":"output","Package":"github.com/hkjang/Vendra/internal/httpapi","Test":"TestMCPToolAnswersAreBounded/search_suppliers_{\"query\":\"\"}","Output":"--- PASS: TestMCPToolAnswersAreBounded/search_suppliers_{\"query\":\"\"} (0.00s)\n"}
{"Time":"2026-09-22T08:10:03.648695902+09:00","Action":"pass","Package":"github.com/hkjang/Vendra/internal/httpapi","Test":"TestMCPToolAnswersAreBounded/search_suppliers_{\"query\":\"\"}","Elapsed":0}
{"Time":"2026-09-22T08:10:03.675029483+09:00","Action":"output","Package":"github.com/hkjang/Vendra/internal/httpapi","Test":"TestMCPToolAnswersAreBounded","Output":"--- PASS: TestMCPToolAnswersAreBounded (0.28s)\n"}
{"Time":"2026-09-22T08:10:03.676194885+09:00","Action":"pass","Package":"github.com/hkjang/Vendra/internal/httpapi","Test":"TestMCPToolAnswersAreBounded","Elapsed":0.28}
{"Time":"2026-09-22T08:10:03.676629236+09:00","Action":"run","Package":"github.com/hkjang/Vendra/internal/httpapi","Test":"TestIntNumberStaysInRange"}
{"Time":"2026-09-22T08:10:03.67699107+09:00","Action":"output","Package":"github.com/hkjang/Vendra/internal/httpapi","Test":"TestIntNumberStaysInRange","Output":"=== RUN   TestIntNumberStaysInRange\n"}
{"Time":"2026-09-22T08:10:03.677331975+09:00","Action":"run","Package":"github.com/hkjang/Vendra/internal/httpapi","Test":"TestIntNumberStaysInRange/absent"}
{"Time":"2026-09-22T08:10:03.677730509+09:00","Action":"output","Package":"github.com/hkjang/Vendra/internal/httpapi","Test":"TestIntNumberStaysInRange/absent","Output":"=== RUN   TestIntNumberStaysInRange/absent\n"}
{"Time":"2026-09-22T08:10:03.678122503+09:00","Action":"output","Package":"github.com/hkjang/Vendra/internal/httpapi","Test":"TestIntNumberStaysInRange/absent","Output":"--- PASS: TestIntNumberStaysInRange/absent (0.00s)\n"}
{"Time":"2026-09-22T08:10:03.678495664+09:00","Action":"pass","Package":"github.com/hkjang/Vendra/internal/httpapi","Test":"TestIntNumberStaysInRange/absent","Elapsed":0}
{"Time":"2026-09-22T08:10:03.67886172+09:00","Action":"run","Package":"github.com/hkjang/Vendra/internal/httpapi","Test":"TestIntNumberStaysInRange/not_a_number"}
{"Time":"2026-09-22T08:10:03.679220256+09:00","Action":"output","Package":"github.com/hkjang/Vendra/internal/httpapi","Test":"TestIntNumberStaysInRange/not_a_number","Output":"=== RUN   TestIntNumberStaysInRange/not_a_number\n"}
{"Time":"2026-09-22T08:10:03.67960356+09:00","Action":"output","Package":"github.com/hkjang/Vendra/internal/httpapi","Test":"TestIntNumberStaysInRange/not_a_number","Output":"--- PASS: TestIntNumberStaysInRange/not_a_number (0.00s)\n"}
{"Time":"2026-09-22T08:10:03.679960331+09:00","Action":"pass","Package":"github.com/hkjang/Vendra/internal/httpapi","Test":"TestIntNumberStaysInRange/not_a_number","Elapsed":0}
{"Time":"2026-09-22T08:10:03.680334138+09:00","Action":"run","Package":"github.com/hkjang/Vendra/internal/httpapi","Test":"TestIntNumberStaysInRange/zero"}
{"Time":"2026-09-22T08:10:03.680680511+09:00","Action":"output","Package":"github.com/hkjang/Vendra/internal/httpapi","Test":"TestIntNumberStaysInRange/zero","Output":"=== RUN   TestIntNumberStaysInRange/zero\n"}
{"Time":"2026-09-22T08:10:03.681015111+09:00","Action":"output","Package":"github.com/hkjang/Vendra/internal/httpapi","Test":"TestIntNumberStaysInRange/zero","Output":"--- PASS: TestIntNumberStaysInRange/zero (0.00s)\n"}
{"Time":"2026-09-22T08:10:03.681364516+09:00","Action":"pass","Package":"github.com/hkjang/Vendra/internal/httpapi","Test":"TestIntNumberStaysInRange/zero","Elapsed":0}
{"Time":"2026-09-22T08:10:03.681731844+09:00","Action":"run","Package":"github.com/hkjang/Vendra/internal/httpapi","Test":"TestIntNumberStaysInRange/negative"}
{"Time":"2026-09-22T08:10:03.682065013+09:00","Action":"output","Package":"github.com/hkjang/Vendra/internal/httpapi","Test":"TestIntNumberStaysInRange/negative","Output":"=== RUN   TestIntNumberStaysInRange/negative\n"}
{"Time":"2026-09-22T08:10:03.682414493+09:00","Action":"output","Package":"github.com/hkjang/Vendra/internal/httpapi","Test":"TestIntNumberStaysInRange/negative","Output":"--- PASS: TestIntNumberStaysInRange/negative (0.00s)\n"}
{"Time":"2026-09-22T08:10:03.682832099+09:00","Action":"pass","Package":"github.com/hkjang/Vendra/internal/httpapi","Test":"TestIntNumberStaysInRange/negative","Elapsed":0}
{"Time":"2026-09-22T08:10:03.683209841+09:00","Action":"run","Package":"github.com/hkjang/Vendra/internal/httpapi","Test":"TestIntNumberStaysInRange/below_one"}
{"Time":"2026-09-22T08:10:03.683565237+09:00","Action":"output","Package":"github.com/hkjang/Vendra/internal/httpapi","Test":"TestIntNumberStaysInRange/below_one","Output":"=== RUN   TestIntNumberStaysInRange/below_one\n"}
{"Time":"2026-09-22T08:10:03.683938313+09:00","Action":"output","Package":"github.com/hkjang/Vendra/internal/httpapi","Test":"TestIntNumberStaysInRange/below_one","Output":"--- PASS: TestIntNumberStaysInRange/below_one (0.00s)\n"}
{"Time":"2026-09-22T08:10:03.684312365+09:00","Action":"pass","Package":"github.com/hkjang/Vendra/internal/httpapi","Test":"TestIntNumberStaysInRange/below_one","Elapsed":0}
{"Time":"2026-09-22T08:10:03.684675757+09:00","Action":"run","Package":"github.com/hkjang/Vendra/internal/httpapi","Test":"TestIntNumberStaysInRange/huge"}
{"Time":"2026-09-22T08:10:03.68503326+09:00","Action":"output","Package":"github.com/hkjang/Vendra/internal/httpapi","Test":"TestIntNumberStaysInRange/huge","Output":"=== RUN   TestIntNumberStaysInRange/huge\n"}
{"Time":"2026-09-22T08:10:03.68538609+09:00","Action":"output","Package":"github.com/hkjang/Vendra/internal/httpapi","Test":"TestIntNumberStaysInRange/huge","Output":"--- PASS: TestIntNumberStaysInRange/huge (0.00s)\n"}
{"Time":"2026-09-22T08:10:03.685767417+09:00","Action":"pass","Package":"github.com/hkjang/Vendra/internal/httpapi","Test":"TestIntNumberStaysInRange/huge","Elapsed":0}
{"Time":"2026-09-22T08:10:03.686151956+09:00","Action":"run","Package":"github.com/hkjang/Vendra/internal/httpapi","Test":"TestIntNumberStaysInRange/fraction"}
{"Time":"2026-09-22T08:10:03.686552261+09:00","Action":"output","Package":"github.com/hkjang/Vendra/internal/httpapi","Test":"TestIntNumberStaysInRange/fraction","Output":"=== RUN   TestIntNumberStaysInRange/fraction\n"}
{"Time":"2026-09-22T08:10:03.686899094+09:00","Action":"output","Package":"github.com/hkjang/Vendra/internal/httpapi","Test":"TestIntNumberStaysInRange/fraction","Output":"--- PASS: TestIntNumberStaysInRange/fraction (0.00s)\n"}
{"Time":"2026-09-22T08:10:03.687251543+09:00","Action":"pass","Package":"github.com/hkjang/Vendra/internal/httpapi","Test":"TestIntNumberStaysInRange/fraction","Elapsed":0}
{"Time":"2026-09-22T08:10:03.687603164+09:00","Action":"run","Package":"github.com/hkjang/Vendra/internal/httpapi","Test":"TestIntNumberStaysInRange/inside_the_range"}
{"Time":"2026-09-22T08:10:03.687963546+09:00","Action":"output","Package":"github.com/hkjang/Vendra/internal/httpapi","Test":"TestIntNumberStaysInRange/inside_the_range","Output":"=== RUN   TestIntNumberStaysInRange/inside_the_range\n"}
{"Time":"2026-09-22T08:10:03.688335514+09:00","Action":"output","Package":"github.com/hkjang/Vendra/internal/httpapi","Test":"TestIntNumberStaysInRange/inside_the_range","Output":"--- PASS: TestIntNumberStaysInRange/inside_the_range (0.00s)\n"}
{"Time":"2026-09-22T08:10:03.68870352+09:00","Action":"pass","Package":"github.com/hkjang/Vendra/internal/httpapi","Test":"TestIntNumberStaysInRange/inside_the_range","Elapsed":0}
{"Time":"2026-09-22T08:10:03.689065799+09:00","Action":"run","Package":"github.com/hkjang/Vendra/internal/httpapi","Test":"TestIntNumberStaysInRange/at_the_ceiling"}
{"Time":"2026-09-22T08:10:03.689426738+09:00","Action":"output","Package":"github.com/hkjang/Vendra/internal/httpapi","Test":"TestIntNumberStaysInRange/at_the_ceiling","Output":"=== RUN   TestIntNumberStaysInRange/at_the_ceiling\n"}
{"Time":"2026-09-22T08:10:03.689783959+09:00","Action":"output","Package":"github.com/hkjang/Vendra/internal/httpapi","Test":"TestIntNumberStaysInRange/at_the_ceiling","Output":"--- PASS: TestIntNumberStaysInRange/at_the_ceiling (0.00s)\n"}
{"Time":"2026-09-22T08:10:03.690124296+09:00","Action":"pass","Package":"github.com/hkjang/Vendra/internal/httpapi","Test":"TestIntNumberStaysInRange/at_the_ceiling","Elapsed":0}
{"Time":"2026-09-22T08:10:03.690473224+09:00","Action":"run","Package":"github.com/hkjang/Vendra/internal/httpapi","Test":"TestIntNumberStaysInRange/past_the_ceiling"}
{"Time":"2026-09-22T08:10:03.690822121+09:00","Action":"output","Package":"github.com/hkjang/Vendra/internal/httpapi","Test":"TestIntNumberStaysInRange/past_the_ceiling","Output":"=== RUN   TestIntNumberStaysInRange/past_the_ceiling\n"}
{"Time":"2026-09-22T08:10:03.691168503+09:00","Action":"output","Package":"github.com/hkjang/Vendra/internal/httpapi","Test":"TestIntNumberStaysInRange/past_the_ceiling","Output":"--- PASS: TestIntNumberStaysInRange/past_the_ceiling (0.00s)\n"}
{"Time":"2026-09-22T08:10:03.691524356+09:00","Action":"pass","Package":"github.com/hkjang/Vendra/internal/httpapi","Test":"TestIntNumberStaysInRange/past_the_ceiling","Elapsed":0}
{"Time":"2026-09-22T08:10:03.69188478+09:00","Action":"output","Package":"github.com/hkjang/Vendra/internal/httpapi","Test":"TestIntNumberStaysInRange","Output":"--- PASS: TestIntNumberStaysInRange (0.00s)\n"}
{"Time":"2026-09-22T08:10:03.692254409+09:00","Action":"pass","Package":"github.com/hkjang/Vendra/internal/httpapi","Test":"TestIntNumberStaysInRange","Elapsed":0}
{"Time":"2026-09-22T08:10:03.692633068+09:00","Action":"run","Package":"github.com/hkjang/Vendra/internal/httpapi","Test":"TestMCPToolResultsAreBounded"}
{"Time":"2026-09-22T08:10:03.692973778+09:00","Action":"output","Package":"github.com/hkjang/Vendra/internal/httpapi","Test":"TestMCPToolResultsAreBounded","Output":"=== RUN   TestMCPToolResultsAreBounded\n"}
{"Time":"2026-09-22T08:10:03.852748975+09:00","Action":"output","Package":"github.com/hkjang/Vendra/internal/httpapi","Test":"TestMCPToolResultsAreBounded","Output":"--- PASS: TestMCPToolResultsAreBounded (0.18s)\n"}
{"Time":"2026-09-22T08:10:03.853420557+09:00","Action":"pass","Package":"github.com/hkjang/Vendra/internal/httpapi","Test":"TestMCPToolResultsAreBounded","Elapsed":0.18}
{"Time":"2026-09-22T08:10:03.853892493+09:00","Action":"run","Package":"github.com/hkjang/Vendra/internal/httpapi","Test":"TestScanJSONRowsReportsLateFailure"}
{"Time":"2026-09-22T08:10:03.85425841+09:00","Action":"output","Package":"github.com/hkjang/Vendra/internal/httpapi","Test":"TestScanJSONRowsReportsLateFailure","Output":"=== RUN   TestScanJSONRowsReportsLateFailure\n"}
{"Time":"2026-09-22T08:10:03.854667278+09:00","Action":"output","Package":"github.com/hkjang/Vendra/internal/httpapi","Test":"TestScanJSONRowsReportsLateFailure","Output":"--- PASS: TestScanJSONRowsReportsLateFailure (0.00s)\n"}
{"Time":"2026-09-22T08:10:03.855040449+09:00","Action":"pass","Package":"github.com/hkjang/Vendra/internal/httpapi","Test":"TestScanJSONRowsReportsLateFailure","Elapsed":0}
{"Time":"2026-09-22T08:10:03.855419671+09:00","Action":"run","Package":"github.com/hkjang/Vendra/internal/httpapi","Test":"TestMidStreamFailureIsNotEmptyResult"}
{"Time":"2026-09-22T08:10:03.855787316+09:00","Action":"output","Package":"github.com/hkjang/Vendra/internal/httpapi","Test":"TestMidStreamFailureIsNotEmptyResult","Output":"=== RUN   TestMidStreamFailureIsNotEmptyResult\n"}
{"Time":"2026-09-22T08:10:03.867599824+09:00","Action":"output","Package":"github.com/hkjang/Vendra/internal/httpapi","Test":"TestMidStreamFailureIsNotEmptyResult","Output":"--- PASS: TestMidStreamFailureIsNotEmptyResult (0.01s)\n"}
{"Time":"2026-09-22T08:10:03.868118291+09:00","Action":"pass","Package":"github.com/hkjang/Vendra/internal/httpapi","Test":"TestMidStreamFailureIsNotEmptyResult","Elapsed":0.01}
{"Time":"2026-09-22T08:10:03.86855093+09:00","Action":"run","Package":"github.com/hkjang/Vendra/internal/httpapi","Test":"TestDeliverNotificationAdapters"}
{"Time":"2026-09-22T08:10:03.868911783+09:00","Action":"output","Package":"github.com/hkjang/Vendra/internal/httpapi","Test":"TestDeliverNotificationAdapters","Output":"=== RUN   TestDeliverNotificationAdapters\n"}
{"Time":"2026-09-22T08:10:03.869320836+09:00","Action":"run","Package":"github.com/hkjang/Vendra/internal/httpapi","Test":"TestDeliverNotificationAdapters/log"}
{"Time":"2026-09-22T08:10:03.869859526+09:00","Action":"output","Package":"github.com/hkjang/Vendra/internal/httpapi","Test":"TestDeliverNotificationAdapters/log","Output":"=== RUN   TestDeliverNotificationAdapters/log\n"}
{"Time":"2026-09-22T08:10:03.870322586+09:00","Action":"output","Package":"github.com/hkjang/Vendra/internal/httpapi","Test":"TestDeliverNotificationAdapters/log","Output":"--- PASS: TestDeliverNotificationAdapters/log (0.00s)\n"}
{"Time":"2026-09-22T08:10:03.870771445+09:00","Action":"pass","Package":"github.com/hkjang/Vendra/internal/httpapi","Test":"TestDeliverNotificationAdapters/log","Elapsed":0}
{"Time":"2026-09-22T08:10:03.871184831+09:00","Action":"run","Package":"github.com/hkjang/Vendra/internal/httpapi","Test":"TestDeliverNotificationAdapters/webhook"}
{"Time":"2026-09-22T08:10:03.871573401+09:00","Action":"output","Package":"github.com/hkjang/Vendra/internal/httpapi","Test":"TestDeliverNotificationAdapters/webhook","Output":"=== RUN   TestDeliverNotificationAdapters/webhook\n"}
{"Time":"2026-09-22T08:10:03.8719546+09:00","Action":"output","Package":"github.com/hkjang/Vendra/internal/httpapi","Test":"TestDeliverNotificationAdapters/webhook","Output":"--- PASS: TestDeliverNotificationAdapters/webhook (0.00s)\n"}
{"Time":"2026-09-22T08:10:03.872347761+09:00","Action":"pass","Package":"github.com/hkjang/Vendra/internal/httpapi","Test":"TestDeliverNotificationAdapters/webhook","Elapsed":0}
{"Time":"2026-09-22T08:10:03.872789176+09:00","Action":"run","Package":"github.com/hkjang/Vendra/internal/httpapi","Test":"TestDeliverNotificationAdapters/unsupported"}
{"Time":"2026-09-22T08:10:03.873179426+09:00","Action":"output","Package":"github.com/hkjang/Vendra/internal/httpapi","Test":"TestDeliverNotificationAdapters/unsupported","Output":"=== RUN   TestDeliverNotificationAdapters/unsupported\n"}
{"Time":"2026-09-22T08:10:03.873552906+09:00","Action":"output","Package":"github.com/hkjang/Vendra/internal/httpapi","Test":"TestDeliverNotificationAdapters/unsupported","Output":"--- PASS: TestDeliverNotificationAdapters/unsupported (0.00s)\n"}
{"Time":"2026-09-22T08:10:03.873927062+09:00","Action":"pass","Package":"github.com/hkjang/Vendra/internal/httpapi","Test":"TestDeliverNotificationAdapters/unsupported","Elapsed":0}
{"Time":"2026-09-22T08:10:03.874293193+09:00","Action":"output","Package":"github.com/hkjang/Vendra/internal/httpapi","Test":"TestDeliverNotificationAdapters","Output":"--- PASS: TestDeliverNotificationAdapters (0.00s)\n"}
{"Time":"2026-09-22T08:10:03.874655859+09:00","Action":"pass","Package":"github.com/hkjang/Vendra/internal/httpapi","Test":"TestDeliverNotificationAdapters","Elapsed":0}
{"Time":"2026-09-22T08:10:03.87501404+09:00","Action":"run","Package":"github.com/hkjang/Vendra/internal/httpapi","Test":"TestValidNumberNamesTheFieldAndTheRange"}
{"Time":"2026-09-22T08:10:03.875367189+09:00","Action":"output","Package":"github.com/hkjang/Vendra/internal/httpapi","Test":"TestValidNumberNamesTheFieldAndTheRange","Output":"=== RUN   TestValidNumberNamesTheFieldAndTheRange\n"}
{"Time":"2026-09-22T08:10:03.875719441+09:00","Action":"output","Package":"github.com/hkjang/Vendra/internal/httpapi","Test":"TestValidNumberNamesTheFieldAndTheRange","Output":"--- PASS: TestValidNumberNamesTheFieldAndTheRange (0.00s)\n"}
{"Time":"2026-09-22T08:10:03.876078184+09:00","Action":"pass","Package":"github.com/hkjang/Vendra/internal/httpapi","Test":"TestValidNumberNamesTheFieldAndTheRange","Elapsed":0}
{"Time":"2026-09-22T08:10:03.876610336+09:00","Action":"run","Package":"github.com/hkjang/Vendra/internal/httpapi","Test":"TestValidNumberFieldsSkipsAbsentFieldsAndReportsTheFirstBadOne"}
{"Time":"2026-09-22T08:10:03.87698215+09:00","Action":"output","Package":"github.com/hkjang/Vendra/internal/httpapi","Test":"TestValidNumberFieldsSkipsAbsentFieldsAndReportsTheFirstBadOne","Output":"=== RUN   TestValidNumberFieldsSkipsAbsentFieldsAndReportsTheFirstBadOne\n"}
{"Time":"2026-09-22T08:10:03.877369584+09:00","Action":"output","Package":"github.com/hkjang/Vendra/internal/httpapi","Test":"TestValidNumberFieldsSkipsAbsentFieldsAndReportsTheFirstBadOne","Output":"--- PASS: TestValidNumberFieldsSkipsAbsentFieldsAndReportsTheFirstBadOne (0.00s)\n"}
{"Time":"2026-09-22T08:10:03.87782818+09:00","Action":"pass","Package":"github.com/hkjang/Vendra/internal/httpapi","Test":"TestValidNumberFieldsSkipsAbsentFieldsAndReportsTheFirstBadOne","Elapsed":0}
{"Time":"2026-09-22T08:10:03.878195024+09:00","Action":"run","Package":"github.com/hkjang/Vendra/internal/httpapi","Test":"TestGroupDigitsWritesABoundSomebodyCanRead"}
{"Time":"2026-09-22T08:10:03.878602189+09:00","Action":"output","Package":"github.com/hkjang/Vendra/internal/httpapi","Test":"TestGroupDigitsWritesABoundSomebodyCanRead","Output":"=== RUN   TestGroupDigitsWritesABoundSomebodyCanRead\n"}
{"Time":"2026-09-22T08:10:03.879013359+09:00","Action":"output","Package":"github.com/hkjang/Vendra/internal/httpapi","Test":"TestGroupDigitsWritesABoundSomebodyCanRead","Output":"--- PASS: TestGroupDigitsWritesABoundSomebodyCanRead (0.00s)\n"}
{"Time":"2026-09-22T08:10:03.879374467+09:00","Action":"pass","Package":"github.com/hkjang/Vendra/internal/httpapi","Test":"TestGroupDigitsWritesABoundSomebodyCanRead","Elapsed":0}
{"Time":"2026-09-22T08:10:03.879742416+09:00","Action":"run","Package":"github.com/hkjang/Vendra/internal/httpapi","Test":"TestEveryRequestNumberIsBounded"}
{"Time":"2026-09-22T08:10:03.880101843+09:00","Action":"output","Package":"github.com/hkjang/Vendra/internal/httpapi","Test":"TestEveryRequestNumberIsBounded","Output":"=== RUN   TestEveryRequestNumberIsBounded\n"}
{"Time":"2026-09-22T08:10:03.880467266+09:00","Action":"output","Package":"github.com/hkjang/Vendra/internal/httpapi","Test":"TestEveryRequestNumberIsBounded","Output":"--- PASS: TestEveryRequestNumberIsBounded (0.01s)\n"}
{"Time":"2026-09-22T08:10:03.880818777+09:00","Action":"pass","Package":"github.com/hkjang/Vendra/internal/httpapi","Test":"TestEveryRequestNumberIsBounded","Elapsed":0.01}
{"Time":"2026-09-22T08:10:03.88117745+09:00","Action":"run","Package":"github.com/hkjang/Vendra/internal/httpapi","Test":"TestEveryObjectTypeHasItsOwnNumberPrefix"}
{"Time":"2026-09-22T08:10:03.881559355+09:00","Action":"output","Package":"github.com/hkjang/Vendra/internal/httpapi","Test":"TestEveryObjectTypeHasItsOwnNumberPrefix","Output":"=== RUN   TestEveryObjectTypeHasItsOwnNumberPrefix\n"}
{"Time":"2026-09-22T08:10:03.88193637+09:00","Action":"output","Package":"github.com/hkjang/Vendra/internal/httpapi","Test":"TestEveryObjectTypeHasItsOwnNumberPrefix","Output":"--- PASS: TestEveryObjectTypeHasItsOwnNumberPrefix (0.00s)\n"}
{"Time":"2026-09-22T08:10:03.88229216+09:00","Action":"pass","Package":"github.com/hkjang/Vendra/internal/httpapi","Test":"TestEveryObjectTypeHasItsOwnNumberPrefix","Elapsed":0}
{"Time":"2026-09-22T08:10:03.882677569+09:00","Action":"run","Package":"github.com/hkjang/Vendra/internal/httpapi","Test":"TestTheApprovalStatusesTheListShowsAreTheOnesTheWorkflowAwards"}
{"Time":"2026-09-22T08:10:03.883017483+09:00","Action":"output","Package":"github.com/hkjang/Vendra/internal/httpapi","Test":"TestTheApprovalStatusesTheListShowsAreTheOnesTheWorkflowAwards","Output":"=== RUN   TestTheApprovalStatusesTheListShowsAreTheOnesTheWorkflowAwards\n"}
{"Time":"2026-09-22T08:10:03.883381078+09:00","Action":"output","Package":"github.com/hkjang/Vendra/internal/httpapi","Test":"TestTheApprovalStatusesTheListShowsAreTheOnesTheWorkflowAwards","Output":"--- PASS: TestTheApprovalStatusesTheListShowsAreTheOnesTheWorkflowAwards (0.00s)\n"}
{"Time":"2026-09-22T08:10:03.883757356+09:00","Action":"pass","Package":"github.com/hkjang/Vendra/internal/httpapi","Test":"TestTheApprovalStatusesTheListShowsAreTheOnesTheWorkflowAwards","Elapsed":0}
{"Time":"2026-09-22T08:10:03.884136906+09:00","Action":"run","Package":"github.com/hkjang/Vendra/internal/httpapi","Test":"TestTheObjectListDoesNotWriteItsStatusesOutAgain"}
{"Time":"2026-09-22T08:10:03.884500018+09:00","Action":"output","Package":"github.com/hkjang/Vendra/internal/httpapi","Test":"TestTheObjectListDoesNotWriteItsStatusesOutAgain","Output":"=== RUN   TestTheObjectListDoesNotWriteItsStatusesOutAgain\n"}
{"Time":"2026-09-22T08:10:03.884881069+09:00","Action":"output","Package":"github.com/hkjang/Vendra/internal/httpapi","Test":"TestTheObjectListDoesNotWriteItsStatusesOutAgain","Output":"--- PASS: TestTheObjectListDoesNotWriteItsStatusesOutAgain (0.00s)\n"}
{"Time":"2026-09-22T08:10:03.885271775+09:00","Action":"pass","Package":"github.com/hkjang/Vendra/internal/httpapi","Test":"TestTheObjectListDoesNotWriteItsStatusesOutAgain","Elapsed":0}
{"Time":"2026-09-22T08:10:03.885661825+09:00","Action":"run","Package":"github.com/hkjang/Vendra/internal/httpapi","Test":"TestAReturnedRequestCanBeSubmittedAgain"}
{"Time":"2026-09-22T08:10:03.886076896+09:00","Action":"output","Package":"github.com/hkjang/Vendra/internal/httpapi","Test":"TestAReturnedRequestCanBeSubmittedAgain","Output":"=== RUN   TestAReturnedRequestCanBeSubmittedAgain\n"}
{"Time":"2026-09-22T08:10:04.04291028+09:00","Action":"output","Package":"github.com/hkjang/Vendra/internal/httpapi","Test":"TestAReturnedRequestCanBeSubmittedAgain","Output":"--- PASS: TestAReturnedRequestCanBeSubmittedAgain (0.16s)\n"}
{"Time":"2026-09-22T08:10:04.043612113+09:00","Action":"pass","Package":"github.com/hkjang/Vendra/internal/httpapi","Test":"TestAReturnedRequestCanBeSubmittedAgain","Elapsed":0.16}
{"Time":"2026-09-22T08:10:04.044036151+09:00","Action":"run","Package":"github.com/hkjang/Vendra/internal/httpapi","Test":"TestCallbackURIPrefersConfiguration"}
{"Time":"2026-09-22T08:10:04.044414577+09:00","Action":"output","Package":"github.com/hkjang/Vendra/internal/httpapi","Test":"TestCallbackURIPrefersConfiguration","Output":"=== RUN   TestCallbackURIPrefersConfiguration\n"}
{"Time":"2026-09-22T08:10:04.044783591+09:00","Action":"output","Package":"github.com/hkjang/Vendra/internal/httpapi","Test":"TestCallbackURIPrefersConfiguration","Output":"--- PASS: TestCallbackURIPrefersConfiguration (0.00s)\n"}
{"Time":"2026-09-22T08:10:04.045162871+09:00","Action":"pass","Package":"github.com/hkjang/Vendra/internal/httpapi","Test":"TestCallbackURIPrefersConfiguration","Elapsed":0}
{"Time":"2026-09-22T08:10:04.04556221+09:00","Action":"run","Package":"github.com/hkjang/Vendra/internal/httpapi","Test":"TestCallbackURIAcceptsWhatAnOperatorWillType"}
{"Time":"2026-09-22T08:10:04.045952449+09:00","Action":"output","Package":"github.com/hkjang/Vendra/internal/httpapi","Test":"TestCallbackURIAcceptsWhatAnOperatorWillType","Output":"=== RUN   TestCallbackURIAcceptsWhatAnOperatorWillType\n"}
{"Time":"2026-09-22T08:10:04.046321325+09:00","Action":"output","Package":"github.com/hkjang/Vendra/internal/httpapi","Test":"TestCallbackURIAcceptsWhatAnOperatorWillType","Output":"--- PASS: TestCallbackURIAcceptsWhatAnOperatorWillType (0.00s)\n"}
{"Time":"2026-09-22T08:10:04.046739027+09:00","Action":"pass","Package":"github.com/hkjang/Vendra/internal/httpapi","Test":"TestCallbackURIAcceptsWhatAnOperatorWillType","Elapsed":0}
{"Time":"2026-09-22T08:10:04.047119941+09:00","Action":"run","Package":"github.com/hkjang/Vendra/internal/httpapi","Test":"TestOIDCCallbackRefusesAnUnverifiedEmail"}
{"Time":"2026-09-22T08:10:04.047481764+09:00","Action":"output","Package":"github.com/hkjang/Vendra/internal/httpapi","Test":"TestOIDCCallbackRefusesAnUnverifiedEmail","Output":"=== RUN   TestOIDCCallbackRefusesAnUnverifiedEmail\n"}
{"Time":"2026-09-22T08:10:04.141521911+09:00","Action":"output","Package":"github.com/hkjang/Vendra/internal/httpapi","Test":"TestOIDCCallbackRefusesAnUnverifiedEmail","Output":"--- PASS: TestOIDCCallbackRefusesAnUnverifiedEmail (0.10s)\n"}
{"Time":"2026-09-22T08:10:04.142038532+09:00","Action":"pass","Package":"github.com/hkjang/Vendra/internal/httpapi","Test":"TestOIDCCallbackRefusesAnUnverifiedEmail","Elapsed":0.1}
{"Time":"2026-09-22T08:10:04.142487238+09:00","Action":"run","Package":"github.com/hkjang/Vendra/internal/httpapi","Test":"TestOIDCCannotTakeOverAnExistingAccount"}
{"Time":"2026-09-22T08:10:04.142859157+09:00","Action":"output","Package":"github.com/hkjang/Vendra/internal/httpapi","Test":"TestOIDCCannotTakeOverAnExistingAccount","Output":"=== RUN   TestOIDCCannotTakeOverAnExistingAccount\n"}
{"Time":"2026-09-22T08:10:04.312148161+09:00","Action":"output","Package":"github.com/hkjang/Vendra/internal/httpapi","Test":"TestOIDCCannotTakeOverAnExistingAccount","Output":"--- PASS: TestOIDCCannotTakeOverAnExistingAccount (0.17s)\n"}
{"Time":"2026-09-22T08:10:04.312811652+09:00","Action":"pass","Package":"github.com/hkjang/Vendra/internal/httpapi","Test":"TestOIDCCannotTakeOverAnExistingAccount","Elapsed":0.17}
{"Time":"2026-09-22T08:10:04.313312932+09:00","Action":"run","Package":"github.com/hkjang/Vendra/internal/httpapi","Test":"TestASilentSignInIsOnlyAttemptedWhenTheAdministratorAllowsIt"}
{"Time":"2026-09-22T08:10:04.313723709+09:00","Action":"output","Package":"github.com/hkjang/Vendra/internal/httpapi","Test":"TestASilentSignInIsOnlyAttemptedWhenTheAdministratorAllowsIt","Output":"=== RUN   TestASilentSignInIsOnlyAttemptedWhenTheAdministratorAllowsIt\n"}
{"Time":"2026-09-22T08:10:04.444672318+09:00","Action":"output","Package":"github.com/hkjang/Vendra/internal/httpapi","Test":"TestASilentSignInIsOnlyAttemptedWhenTheAdministratorAllowsIt","Output":"--- PASS: TestASilentSignInIsOnlyAttemptedWhenTheAdministratorAllowsIt (0.13s)\n"}
{"Time":"2026-09-22T08:10:04.445409969+09:00","Action":"pass","Package":"github.com/hkjang/Vendra/internal/httpapi","Test":"TestASilentSignInIsOnlyAttemptedWhenTheAdministratorAllowsIt","Elapsed":0.13}
{"Time":"2026-09-22T08:10:04.445853887+09:00","Action":"run","Package":"github.com/hkjang/Vendra/internal/httpapi","Test":"TestASilentRefusalCarriesOnlyAnOnSiteDeepLink"}
{"Time":"2026-09-22T08:10:04.446253252+09:00","Action":"output","Package":"github.com/hkjang/Vendra/internal/httpapi","Test":"TestASilentRefusalCarriesOnlyAnOnSiteDeepLink","Output":"=== RUN   TestASilentRefusalCarriesOnlyAnOnSiteDeepLink\n"}
{"Time":"2026-09-22T08:10:04.44664399+09:00","Action":"output","Package":"github.com/hkjang/Vendra/internal/httpapi","Test":"TestASilentRefusalCarriesOnlyAnOnSiteDeepLink","Output":"--- PASS: TestASilentRefusalCarriesOnlyAnOnSiteDeepLink (0.00s)\n"}
{"Time":"2026-09-22T08:10:04.447018137+09:00","Action":"pass","Package":"github.com/hkjang/Vendra/internal/httpapi","Test":"TestASilentRefusalCarriesOnlyAnOnSiteDeepLink","Elapsed":0}
{"Time":"2026-09-22T08:10:04.447386187+09:00","Action":"run","Package":"github.com/hkjang/Vendra/internal/httpapi","Test":"TestOIDCRequiresVerifiedEmailByDefault"}
{"Time":"2026-09-22T08:10:04.44775064+09:00","Action":"output","Package":"github.com/hkjang/Vendra/internal/httpapi","Test":"TestOIDCRequiresVerifiedEmailByDefault","Output":"=== RUN   TestOIDCRequiresVerifiedEmailByDefault\n"}
{"Time":"2026-09-22T08:10:04.448119803+09:00","Action":"output","Package":"github.com/hkjang/Vendra/internal/httpapi","Test":"TestOIDCRequiresVerifiedEmailByDefault","Output":"--- PASS: TestOIDCRequiresVerifiedEmailByDefault (0.00s)\n"}
{"Time":"2026-09-22T08:10:04.448471811+09:00","Action":"pass","Package":"github.com/hkjang/Vendra/internal/httpapi","Test":"TestOIDCRequiresVerifiedEmailByDefault","Elapsed":0}
{"Time":"2026-09-22T08:10:04.448834934+09:00","Action":"run","Package":"github.com/hkjang/Vendra/internal/httpapi","Test":"TestOIDCEmailClaimIsOnlyTrustedWhenItShouldBe"}
{"Time":"2026-09-22T08:10:04.44922677+09:00","Action":"output","Package":"github.com/hkjang/Vendra/internal/httpapi","Test":"TestOIDCEmailClaimIsOnlyTrustedWhenItShouldBe","Output":"=== RUN   TestOIDCEmailClaimIsOnlyTrustedWhenItShouldBe\n"}
{"Time":"2026-09-22T08:10:04.449564684+09:00","Action":"output","Package":"github.com/hkjang/Vendra/internal/httpapi","Test":"TestOIDCEmailClaimIsOnlyTrustedWhenItShouldBe","Output":"--- PASS: TestOIDCEmailClaimIsOnlyTrustedWhenItShouldBe (0.00s)\n"}
{"Time":"2026-09-22T08:10:04.449920448+09:00","Action":"pass","Package":"github.com/hkjang/Vendra/internal/httpapi","Test":"TestOIDCEmailClaimIsOnlyTrustedWhenItShouldBe","Elapsed":0}
{"Time":"2026-09-22T08:10:04.450243107+09:00","Action":"run","Package":"github.com/hkjang/Vendra/internal/httpapi","Test":"TestOpenAPIDocumentMatchesTheRoutes"}
{"Time":"2026-09-22T08:10:04.450609883+09:00","Action":"output","Package":"github.com/hkjang/Vendra/internal/httpapi","Test":"TestOpenAPIDocumentMatchesTheRoutes","Output":"=== RUN   TestOpenAPIDocumentMatchesTheRoutes\n"}
{"Time":"2026-09-22T08:10:04.450926614+09:00","Action":"output","Package":"github.com/hkjang/Vendra/internal/httpapi","Test":"TestOpenAPIDocumentMatchesTheRoutes","Output":"    openapi_routes_test.go:78: 174 operations, matched both ways\n"}
{"Time":"2026-09-22T08:10:04.451256707+09:00","Action":"output","Package":"github.com/hkjang/Vendra/internal/httpapi","Test":"TestOpenAPIDocumentMatchesTheRoutes","Output":"--- PASS: TestOpenAPIDocumentMatchesTheRoutes (0.00s)\n"}
{"Time":"2026-09-22T08:10:04.45159677+09:00","Action":"pass","Package":"github.com/hkjang/Vendra/internal/httpapi","Test":"TestOpenAPIDocumentMatchesTheRoutes","Elapsed":0}
{"Time":"2026-09-22T08:10:04.451901347+09:00","Action":"run","Package":"github.com/hkjang/Vendra/internal/httpapi","Test":"TestAdapterTimeoutDefaultsAndClamps"}
{"Time":"2026-09-22T08:10:04.45226597+09:00","Action":"output","Package":"github.com/hkjang/Vendra/internal/httpapi","Test":"TestAdapterTimeoutDefaultsAndClamps","Output":"=== RUN   TestAdapterTimeoutDefaultsAndClamps\n"}
{"Time":"2026-09-22T08:10:04.452600687+09:00","Action":"output","Package":"github.com/hkjang/Vendra/internal/httpapi","Test":"TestAdapterTimeoutDefaultsAndClamps","Output":"--- PASS: TestAdapterTimeoutDefaultsAndClamps (0.00s)\n"}
{"Time":"2026-09-22T08:10:04.45294795+09:00","Action":"pass","Package":"github.com/hkjang/Vendra/internal/httpapi","Test":"TestAdapterTimeoutDefaultsAndClamps","Elapsed":0}
{"Time":"2026-09-22T08:10:04.453352051+09:00","Action":"run","Package":"github.com/hkjang/Vendra/internal/httpapi","Test":"TestDeliverNotificationGivesUpOnAnUnresponsiveAdapter"}
{"Time":"2026-09-22T08:10:04.453725392+09:00","Action":"output","Package":"github.com/hkjang/Vendra/internal/httpapi","Test":"TestDeliverNotificationGivesUpOnAnUnresponsiveAdapter","Output":"=== RUN   TestDeliverNotificationGivesUpOnAnUnresponsiveAdapter\n"}
{"Time":"2026-09-22T08:10:05.448167905+09:00","Action":"output","Package":"github.com/hkjang/Vendra/internal/httpapi","Test":"TestDeliverNotificationGivesUpOnAnUnresponsiveAdapter","Output":"--- PASS: TestDeliverNotificationGivesUpOnAnUnresponsiveAdapter (1.00s)\n"}
{"Time":"2026-09-22T08:10:05.449215961+09:00","Action":"pass","Package":"github.com/hkjang/Vendra/internal/httpapi","Test":"TestDeliverNotificationGivesUpOnAnUnresponsiveAdapter","Elapsed":1}
{"Time":"2026-09-22T08:10:05.449765728+09:00","Action":"run","Package":"github.com/hkjang/Vendra/internal/httpapi","Test":"TestDeliverNotificationReportsAdapterFailureStatus"}
{"Time":"2026-09-22T08:10:05.450233575+09:00","Action":"output","Package":"github.com/hkjang/Vendra/internal/httpapi","Test":"TestDeliverNotificationReportsAdapterFailureStatus","Output":"=== RUN   TestDeliverNotificationReportsAdapterFailureStatus\n"}
{"Time":"2026-09-22T08:10:05.450693067+09:00","Action":"output","Package":"github.com/hkjang/Vendra/internal/httpapi","Test":"TestDeliverNotificationReportsAdapterFailureStatus","Output":"--- PASS: TestDeliverNotificationReportsAdapterFailureStatus (0.00s)\n"}
{"Time":"2026-09-22T08:10:05.451094914+09:00","Action":"pass","Package":"github.com/hkjang/Vendra/internal/httpapi","Test":"TestDeliverNotificationReportsAdapterFailureStatus","Elapsed":0}
{"Time":"2026-09-22T08:10:05.451505786+09:00","Action":"run","Package":"github.com/hkjang/Vendra/internal/httpapi","Test":"TestOutboundClientHasATimeout"}
{"Time":"2026-09-22T08:10:05.451883062+09:00","Action":"output","Package":"github.com/hkjang/Vendra/internal/httpapi","Test":"TestOutboundClientHasATimeout","Output":"=== RUN   TestOutboundClientHasATimeout\n"}
{"Time":"2026-09-22T08:10:05.452275205+09:00","Action":"output","Package":"github.com/hkjang/Vendra/internal/httpapi","Test":"TestOutboundClientHasATimeout","Output":"--- PASS: TestOutboundClientHasATimeout (0.00s)\n"}
{"Time":"2026-09-22T08:10:05.452681787+09:00","Action":"pass","Package":"github.com/hkjang/Vendra/internal/httpapi","Test":"TestOutboundClientHasATimeout","Elapsed":0}
{"Time":"2026-09-22T08:10:05.453093375+09:00","Action":"run","Package":"github.com/hkjang/Vendra/internal/httpapi","Test":"TestPasswordPolicyCountsCharactersNotBytes"}
{"Time":"2026-09-22T08:10:05.453472973+09:00","Action":"output","Package":"github.com/hkjang/Vendra/internal/httpapi","Test":"TestPasswordPolicyCountsCharactersNotBytes","Output":"=== RUN   TestPasswordPolicyCountsCharactersNotBytes\n"}
{"Time":"2026-09-22T08:10:05.453855959+09:00","Action":"output","Package":"github.com/hkjang/Vendra/internal/httpapi","Test":"TestPasswordPolicyCountsCharactersNotBytes","Output":"--- PASS: TestPasswordPolicyCountsCharactersNotBytes (0.00s)\n"}
{"Time":"2026-09-22T08:10:05.454260495+09:00","Action":"pass","Package":"github.com/hkjang/Vendra/internal/httpapi","Test":"TestPasswordPolicyCountsCharactersNotBytes","Elapsed":0}
{"Time":"2026-09-22T08:10:05.454696458+09:00","Action":"run","Package":"github.com/hkjang/Vendra/internal/httpapi","Test":"TestPasswordPolicyRejectsWhatBcryptCannotHash"}
{"Time":"2026-09-22T08:10:05.455110247+09:00","Action":"output","Package":"github.com/hkjang/Vendra/internal/httpapi","Test":"TestPasswordPolicyRejectsWhatBcryptCannotHash","Output":"=== RUN   TestPasswordPolicyRejectsWhatBcryptCannotHash\n"}
{"Time":"2026-09-22T08:10:05.455501595+09:00","Action":"output","Package":"github.com/hkjang/Vendra/internal/httpapi","Test":"TestPasswordPolicyRejectsWhatBcryptCannotHash","Output":"--- PASS: TestPasswordPolicyRejectsWhatBcryptCannotHash (0.00s)\n"}
{"Time":"2026-09-22T08:10:05.455883971+09:00","Action":"pass","Package":"github.com/hkjang/Vendra/internal/httpapi","Test":"TestPasswordPolicyRejectsWhatBcryptCannotHash","Elapsed":0}
{"Time":"2026-09-22T08:10:05.456260568+09:00","Action":"run","Package":"github.com/hkjang/Vendra/internal/httpapi","Test":"TestPasswordPolicyRejectsBlank"}
{"Time":"2026-09-22T08:10:05.456638607+09:00","Action":"output","Package":"github.com/hkjang/Vendra/internal/httpapi","Test":"TestPasswordPolicyRejectsBlank","Output":"=== RUN   TestPasswordPolicyRejectsBlank\n"}
{"Time":"2026-09-22T08:10:05.457023385+09:00","Action":"output","Package":"github.com/hkjang/Vendra/internal/httpapi","Test":"TestPasswordPolicyRejectsBlank","Output":"--- PASS: TestPasswordPolicyRejectsBlank (0.00s)\n"}
{"Time":"2026-09-22T08:10:05.457422024+09:00","Action":"pass","Package":"github.com/hkjang/Vendra/internal/httpapi","Test":"TestPasswordPolicyRejectsBlank","Elapsed":0}
{"Time":"2026-09-22T08:10:05.457800731+09:00","Action":"run","Package":"github.com/hkjang/Vendra/internal/httpapi","Test":"TestPasswordPolicyCharacterClasses"}
{"Time":"2026-09-22T08:10:05.458179778+09:00","Action":"output","Package":"github.com/hkjang/Vendra/internal/httpapi","Test":"TestPasswordPolicyCharacterClasses","Output":"=== RUN   TestPasswordPolicyCharacterClasses\n"}
{"Time":"2026-09-22T08:10:05.458570956+09:00","Action":"output","Package":"github.com/hkjang/Vendra/internal/httpapi","Test":"TestPasswordPolicyCharacterClasses","Output":"--- PASS: TestPasswordPolicyCharacterClasses (0.00s)\n"}
{"Time":"2026-09-22T08:10:05.458952675+09:00","Action":"pass","Package":"github.com/hkjang/Vendra/internal/httpapi","Test":"TestPasswordPolicyCharacterClasses","Elapsed":0}
{"Time":"2026-09-22T08:10:05.459318035+09:00","Action":"run","Package":"github.com/hkjang/Vendra/internal/httpapi","Test":"TestPasswordPolicyNormalizedClampsBadInput"}
{"Time":"2026-09-22T08:10:05.459696249+09:00","Action":"output","Package":"github.com/hkjang/Vendra/internal/httpapi","Test":"TestPasswordPolicyNormalizedClampsBadInput","Output":"=== RUN   TestPasswordPolicyNormalizedClampsBadInput\n"}
{"Time":"2026-09-22T08:10:05.460131842+09:00","Action":"output","Package":"github.com/hkjang/Vendra/internal/httpapi","Test":"TestPasswordPolicyNormalizedClampsBadInput","Output":"--- PASS: TestPasswordPolicyNormalizedClampsBadInput (0.00s)\n"}
{"Time":"2026-09-22T08:10:05.460514229+09:00","Action":"pass","Package":"github.com/hkjang/Vendra/internal/httpapi","Test":"TestPasswordPolicyNormalizedClampsBadInput","Elapsed":0}
{"Time":"2026-09-22T08:10:05.460883487+09:00","Action":"run","Package":"github.com/hkjang/Vendra/internal/httpapi","Test":"TestMeasureEndpointLatency"}
{"Time":"2026-09-22T08:10:05.461384814+09:00","Action":"output","Package":"github.com/hkjang/Vendra/internal/httpapi","Test":"TestMeasureEndpointLatency","Output":"=== RUN   TestMeasureEndpointLatency\n"}
{"Time":"2026-09-22T08:10:05.461762711+09:00","Action":"output","Package":"github.com/hkjang/Vendra/internal/httpapi","Test":"TestMeasureEndpointLatency","Output":"    perf_manual_test.go:20: set VENDRA_PERF=1 to measure endpoint latency\n"}
{"Time":"2026-09-22T08:10:05.462091775+09:00","Action":"output","Package":"github.com/hkjang/Vendra/internal/httpapi","Test":"TestMeasureEndpointLatency","Output":"--- SKIP: TestMeasureEndpointLatency (0.00s)\n"}
{"Time":"2026-09-22T08:10:05.462451902+09:00","Action":"skip","Package":"github.com/hkjang/Vendra/internal/httpapi","Test":"TestMeasureEndpointLatency","Elapsed":0}
{"Time":"2026-09-22T08:10:05.463103679+09:00","Action":"run","Package":"github.com/hkjang/Vendra/internal/httpapi","Test":"TestMeasureWriteLatency"}
{"Time":"2026-09-22T08:10:05.463467146+09:00","Action":"output","Package":"github.com/hkjang/Vendra/internal/httpapi","Test":"TestMeasureWriteLatency","Output":"=== RUN   TestMeasureWriteLatency\n"}
{"Time":"2026-09-22T08:10:05.463814558+09:00","Action":"output","Package":"github.com/hkjang/Vendra/internal/httpapi","Test":"TestMeasureWriteLatency","Output":"    perfwrite_manual_test.go:23: set VENDRA_PERF=1 to measure write latency\n"}
{"Time":"2026-09-22T08:10:05.464176064+09:00","Action":"output","Package":"github.com/hkjang/Vendra/internal/httpapi","Test":"TestMeasureWriteLatency","Output":"--- SKIP: TestMeasureWriteLatency (0.00s)\n"}
{"Time":"2026-09-22T08:10:05.46451323+09:00","Action":"skip","Package":"github.com/hkjang/Vendra/internal/httpapi","Test":"TestMeasureWriteLatency","Elapsed":0}
{"Time":"2026-09-22T08:10:05.46486235+09:00","Action":"run","Package":"github.com/hkjang/Vendra/internal/httpapi","Test":"TestEveryPermissionTheApplicationChecksIsOneARoleCanBeGiven"}
{"Time":"2026-09-22T08:10:05.465230303+09:00","Action":"output","Package":"github.com/hkjang/Vendra/internal/httpapi","Test":"TestEveryPermissionTheApplicationChecksIsOneARoleCanBeGiven","Output":"=== RUN   TestEveryPermissionTheApplicationChecksIsOneARoleCanBeGiven\n"}
{"Time":"2026-09-22T08:10:05.465580843+09:00","Action":"output","Package":"github.com/hkjang/Vendra/internal/httpapi","Test":"TestEveryPermissionTheApplicationChecksIsOneARoleCanBeGiven","Output":"--- PASS: TestEveryPermissionTheApplicationChecksIsOneARoleCanBeGiven (0.01s)\n"}
{"Time":"2026-09-22T08:10:05.465936558+09:00","Action":"pass","Package":"github.com/hkjang/Vendra/internal/httpapi","Test":"TestEveryPermissionTheApplicationChecksIsOneARoleCanBeGiven","Elapsed":0.01}
{"Time":"2026-09-22T08:10:05.466288827+09:00","Action":"run","Package":"github.com/hkjang/Vendra/internal/httpapi","Test":"TestEveryStatementThatWritesRolePermissionsChecksThem"}
{"Time":"2026-09-22T08:10:05.466693347+09:00","Action":"output","Package":"github.com/hkjang/Vendra/internal/httpapi","Test":"TestEveryStatementThatWritesRolePermissionsChecksThem","Output":"=== RUN   TestEveryStatementThatWritesRolePermissionsChecksThem\n"}
{"Time":"2026-09-22T08:10:05.477476409+09:00","Action":"output","Package":"github.com/hkjang/Vendra/internal/httpapi","Test":"TestEveryStatementThatWritesRolePermissionsChecksThem","Output":"--- PASS: TestEveryStatementThatWritesRolePermissionsChecksThem (0.01s)\n"}
{"Time":"2026-09-22T08:10:05.477893178+09:00","Action":"pass","Package":"github.com/hkjang/Vendra/internal/httpapi","Test":"TestEveryStatementThatWritesRolePermissionsChecksThem","Elapsed":0.01}
{"Time":"2026-09-22T08:10:05.478271705+09:00","Action":"run","Package":"github.com/hkjang/Vendra/internal/httpapi","Test":"TestARejectedPermissionNamesTheBoxAndWhatItWouldTake"}
{"Time":"2026-09-22T08:10:05.478656478+09:00","Action":"output","Package":"github.com/hkjang/Vendra/internal/httpapi","Test":"TestARejectedPermissionNamesTheBoxAndWhatItWouldTake","Output":"=== RUN   TestARejectedPermissionNamesTheBoxAndWhatItWouldTake\n"}
{"Time":"2026-09-22T08:10:05.479041453+09:00","Action":"output","Package":"github.com/hkjang/Vendra/internal/httpapi","Test":"TestARejectedPermissionNamesTheBoxAndWhatItWouldTake","Output":"--- PASS: TestARejectedPermissionNamesTheBoxAndWhatItWouldTake (0.00s)\n"}
{"Time":"2026-09-22T08:10:05.479457988+09:00","Action":"pass","Package":"github.com/hkjang/Vendra/internal/httpapi","Test":"TestARejectedPermissionNamesTheBoxAndWhatItWouldTake","Elapsed":0}
{"Time":"2026-09-22T08:10:05.479811826+09:00","Action":"run","Package":"github.com/hkjang/Vendra/internal/httpapi","Test":"TestEveryDataScopeIsOneTheQueriesBranchOn"}
{"Time":"2026-09-22T08:10:05.480173183+09:00","Action":"output","Package":"github.com/hkjang/Vendra/internal/httpapi","Test":"TestEveryDataScopeIsOneTheQueriesBranchOn","Output":"=== RUN   TestEveryDataScopeIsOneTheQueriesBranchOn\n"}
{"Time":"2026-09-22T08:10:05.480577903+09:00","Action":"output","Package":"github.com/hkjang/Vendra/internal/httpapi","Test":"TestEveryDataScopeIsOneTheQueriesBranchOn","Output":"--- PASS: TestEveryDataScopeIsOneTheQueriesBranchOn (0.00s)\n"}
{"Time":"2026-09-22T08:10:05.480998755+09:00","Action":"pass","Package":"github.com/hkjang/Vendra/internal/httpapi","Test":"TestEveryDataScopeIsOneTheQueriesBranchOn","Elapsed":0}
{"Time":"2026-09-22T08:10:05.481353807+09:00","Action":"run","Package":"github.com/hkjang/Vendra/internal/httpapi","Test":"TestThePermissionsTheFormOffersAreTheOnesTheAPIAccepts"}
{"Time":"2026-09-22T08:10:05.48170299+09:00","Action":"output","Package":"github.com/hkjang/Vendra/internal/httpapi","Test":"TestThePermissionsTheFormOffersAreTheOnesTheAPIAccepts","Output":"=== RUN   TestThePermissionsTheFormOffersAreTheOnesTheAPIAccepts\n"}
{"Time":"2026-09-22T08:10:05.482071118+09:00","Action":"output","Package":"github.com/hkjang/Vendra/internal/httpapi","Test":"TestThePermissionsTheFormOffersAreTheOnesTheAPIAccepts","Output":"--- PASS: TestThePermissionsTheFormOffersAreTheOnesTheAPIAccepts (0.00s)\n"}
{"Time":"2026-09-22T08:10:05.482465129+09:00","Action":"pass","Package":"github.com/hkjang/Vendra/internal/httpapi","Test":"TestThePermissionsTheFormOffersAreTheOnesTheAPIAccepts","Elapsed":0}
{"Time":"2026-09-22T08:10:05.482843013+09:00","Action":"run","Package":"github.com/hkjang/Vendra/internal/httpapi","Test":"TestTheRolesTheProductShipsWithReachTheScreensTheyName"}
{"Time":"2026-09-22T08:10:05.483213454+09:00","Action":"output","Package":"github.com/hkjang/Vendra/internal/httpapi","Test":"TestTheRolesTheProductShipsWithReachTheScreensTheyName","Output":"=== RUN   TestTheRolesTheProductShipsWithReachTheScreensTheyName\n"}
{"Time":"2026-09-22T08:10:05.648603548+09:00","Action":"output","Package":"github.com/hkjang/Vendra/internal/httpapi","Test":"TestTheRolesTheProductShipsWithReachTheScreensTheyName","Output":"--- PASS: TestTheRolesTheProductShipsWithReachTheScreensTheyName (0.17s)\n"}
{"Time":"2026-09-22T08:10:05.649194303+09:00","Action":"pass","Package":"github.com/hkjang/Vendra/internal/httpapi","Test":"TestTheRolesTheProductShipsWithReachTheScreensTheyName","Elapsed":0.17}
{"Time":"2026-09-22T08:10:05.649674098+09:00","Action":"run","Package":"github.com/hkjang/Vendra/internal/httpapi","Test":"TestPermissions"}
{"Time":"2026-09-22T08:10:05.650155929+09:00","Action":"output","Package":"github.com/hkjang/Vendra/internal/httpapi","Test":"TestPermissions","Output":"=== RUN   TestPermissions\n"}
{"Time":"2026-09-22T08:10:05.650570003+09:00","Action":"output","Package":"github.com/hkjang/Vendra/internal/httpapi","Test":"TestPermissions","Output":"--- PASS: TestPermissions (0.00s)\n"}
{"Time":"2026-09-22T08:10:05.650959432+09:00","Action":"pass","Package":"github.com/hkjang/Vendra/internal/httpapi","Test":"TestPermissions","Elapsed":0}
{"Time":"2026-09-22T08:10:05.65131957+09:00","Action":"run","Package":"github.com/hkjang/Vendra/internal/httpapi","Test":"TestWorkflowConditions"}
{"Time":"2026-09-22T08:10:05.651686012+09:00","Action":"output","Package":"github.com/hkjang/Vendra/internal/httpapi","Test":"TestWorkflowConditions","Output":"=== RUN   TestWorkflowConditions\n"}
{"Time":"2026-09-22T08:10:05.652037273+09:00","Action":"output","Package":"github.com/hkjang/Vendra/internal/httpapi","Test":"TestWorkflowConditions","Output":"--- PASS: TestWorkflowConditions (0.00s)\n"}
{"Time":"2026-09-22T08:10:05.652436193+09:00","Action":"pass","Package":"github.com/hkjang/Vendra/internal/httpapi","Test":"TestWorkflowConditions","Elapsed":0}
{"Time":"2026-09-22T08:10:05.652808479+09:00","Action":"run","Package":"github.com/hkjang/Vendra/internal/httpapi","Test":"TestDataScopeAndFieldRedaction"}
{"Time":"2026-09-22T08:10:05.653172678+09:00","Action":"output","Package":"github.com/hkjang/Vendra/internal/httpapi","Test":"TestDataScopeAndFieldRedaction","Output":"=== RUN   TestDataScopeAndFieldRedaction\n"}
{"Time":"2026-09-22T08:10:05.653579256+09:00","Action":"output","Package":"github.com/hkjang/Vendra/internal/httpapi","Test":"TestDataScopeAndFieldRedaction","Output":"--- PASS: TestDataScopeAndFieldRedaction (0.00s)\n"}
{"Time":"2026-09-22T08:10:05.653967698+09:00","Action":"pass","Package":"github.com/hkjang/Vendra/internal/httpapi","Test":"TestDataScopeAndFieldRedaction","Elapsed":0}
{"Time":"2026-09-22T08:10:05.654325153+09:00","Action":"run","Package":"github.com/hkjang/Vendra/internal/httpapi","Test":"TestConditionalResourceGrant"}
{"Time":"2026-09-22T08:10:05.654722609+09:00","Action":"output","Package":"github.com/hkjang/Vendra/internal/httpapi","Test":"TestConditionalResourceGrant","Output":"=== RUN   TestConditionalResourceGrant\n"}
{"Time":"2026-09-22T08:10:05.655051695+09:00","Action":"output","Package":"github.com/hkjang/Vendra/internal/httpapi","Test":"TestConditionalResourceGrant","Output":"--- PASS: TestConditionalResourceGrant (0.00s)\n"}
{"Time":"2026-09-22T08:10:05.655383369+09:00","Action":"pass","Package":"github.com/hkjang/Vendra/internal/httpapi","Test":"TestConditionalResourceGrant","Elapsed":0}
{"Time":"2026-09-22T08:10:05.655731438+09:00","Action":"run","Package":"github.com/hkjang/Vendra/internal/httpapi","Test":"TestOpenAPICoversCoreSurfaces"}
{"Time":"2026-09-22T08:10:05.656089465+09:00","Action":"output","Package":"github.com/hkjang/Vendra/internal/httpapi","Test":"TestOpenAPICoversCoreSurfaces","Output":"=== RUN   TestOpenAPICoversCoreSurfaces\n"}
{"Time":"2026-09-22T08:10:05.656437576+09:00","Action":"output","Package":"github.com/hkjang/Vendra/internal/httpapi","Test":"TestOpenAPICoversCoreSurfaces","Output":"--- PASS: TestOpenAPICoversCoreSurfaces (0.00s)\n"}
{"Time":"2026-09-22T08:10:05.65679231+09:00","Action":"pass","Package":"github.com/hkjang/Vendra/internal/httpapi","Test":"TestOpenAPICoversCoreSurfaces","Elapsed":0}
{"Time":"2026-09-22T08:10:05.657142994+09:00","Action":"run","Package":"github.com/hkjang/Vendra/internal/httpapi","Test":"TestPortalUploadCannotTargetAnotherSuppliersObject"}
{"Time":"2026-09-22T08:10:05.657481115+09:00","Action":"output","Package":"github.com/hkjang/Vendra/internal/httpapi","Test":"TestPortalUploadCannotTargetAnotherSuppliersObject","Output":"=== RUN   TestPortalUploadCannotTargetAnotherSuppliersObject\n"}
{"Time":"2026-09-22T08:10:05.767117889+09:00","Action":"output","Package":"github.com/hkjang/Vendra/internal/httpapi","Test":"TestPortalUploadCannotTargetAnotherSuppliersObject","Output":"--- PASS: TestPortalUploadCannotTargetAnotherSuppliersObject (0.12s)\n"}
{"Time":"2026-09-22T08:10:05.767755695+09:00","Action":"pass","Package":"github.com/hkjang/Vendra/internal/httpapi","Test":"TestPortalUploadCannotTargetAnotherSuppliersObject","Elapsed":0.12}
{"Time":"2026-09-22T08:10:05.768206411+09:00","Action":"run","Package":"github.com/hkjang/Vendra/internal/httpapi","Test":"TestPortalUploadIsFiledUnderTheUploader"}
{"Time":"2026-09-22T08:10:05.768668543+09:00","Action":"output","Package":"github.com/hkjang/Vendra/internal/httpapi","Test":"TestPortalUploadIsFiledUnderTheUploader","Output":"=== RUN   TestPortalUploadIsFiledUnderTheUploader\n"}
{"Time":"2026-09-22T08:10:05.891914285+09:00","Action":"output","Package":"github.com/hkjang/Vendra/internal/httpapi","Test":"TestPortalUploadIsFiledUnderTheUploader","Output":"--- PASS: TestPortalUploadIsFiledUnderTheUploader (0.12s)\n"}
{"Time":"2026-09-22T08:10:05.892537529+09:00","Action":"pass","Package":"github.com/hkjang/Vendra/internal/httpapi","Test":"TestPortalUploadIsFiledUnderTheUploader","Elapsed":0.12}
{"Time":"2026-09-22T08:10:05.893000691+09:00","Action":"run","Package":"github.com/hkjang/Vendra/internal/httpapi","Test":"TestPortalUploadAcceptsOwnObject"}
{"Time":"2026-09-22T08:10:05.893411238+09:00","Action":"output","Package":"github.com/hkjang/Vendra/internal/httpapi","Test":"TestPortalUploadAcceptsOwnObject","Output":"=== RUN   TestPortalUploadAcceptsOwnObject\n"}
{"Time":"2026-09-22T08:10:06.012015574+09:00","Action":"output","Package":"github.com/hkjang/Vendra/internal/httpapi","Test":"TestPortalUploadAcceptsOwnObject","Output":"--- PASS: TestPortalUploadAcceptsOwnObject (0.12s)\n"}
{"Time":"2026-09-22T08:10:06.012550345+09:00","Action":"pass","Package":"github.com/hkjang/Vendra/internal/httpapi","Test":"TestPortalUploadAcceptsOwnObject","Elapsed":0.12}
{"Time":"2026-09-22T08:10:06.012982643+09:00","Action":"run","Package":"github.com/hkjang/Vendra/internal/httpapi","Test":"TestAPortalWriteNamesAMalformedRecordID"}
{"Time":"2026-09-22T08:10:06.013357763+09:00","Action":"output","Package":"github.com/hkjang/Vendra/internal/httpapi","Test":"TestAPortalWriteNamesAMalformedRecordID","Output":"=== RUN   TestAPortalWriteNamesAMalformedRecordID\n"}
{"Time":"2026-09-22T08:10:06.126246818+09:00","Action":"output","Package":"github.com/hkjang/Vendra/internal/httpapi","Test":"TestAPortalWriteNamesAMalformedRecordID","Output":"--- PASS: TestAPortalWriteNamesAMalformedRecordID (0.11s)\n"}
{"Time":"2026-09-22T08:10:06.126940321+09:00","Action":"pass","Package":"github.com/hkjang/Vendra/internal/httpapi","Test":"TestAPortalWriteNamesAMalformedRecordID","Elapsed":0.11}
{"Time":"2026-09-22T08:10:06.12737178+09:00","Action":"run","Package":"github.com/hkjang/Vendra/internal/httpapi","Test":"TestAPortalWriteNamesAMalformedEmail"}
{"Time":"2026-09-22T08:10:06.12777425+09:00","Action":"output","Package":"github.com/hkjang/Vendra/internal/httpapi","Test":"TestAPortalWriteNamesAMalformedEmail","Output":"=== RUN   TestAPortalWriteNamesAMalformedEmail\n"}
{"Time":"2026-09-22T08:10:06.249666708+09:00","Action":"output","Package":"github.com/hkjang/Vendra/internal/httpapi","Test":"TestAPortalWriteNamesAMalformedEmail","Output":"--- PASS: TestAPortalWriteNamesAMalformedEmail (0.12s)\n"}
{"Time":"2026-09-22T08:10:06.250381617+09:00","Action":"pass","Package":"github.com/hkjang/Vendra/internal/httpapi","Test":"TestAPortalWriteNamesAMalformedEmail","Elapsed":0.12}
{"Time":"2026-09-22T08:10:06.250879145+09:00","Action":"run","Package":"github.com/hkjang/Vendra/internal/httpapi","Test":"TestDueUrgency"}
{"Time":"2026-09-22T08:10:06.25132232+09:00","Action":"output","Package":"github.com/hkjang/Vendra/internal/httpapi","Test":"TestDueUrgency","Output":"=== RUN   TestDueUrgency\n"}
{"Time":"2026-09-22T08:10:06.251712538+09:00","Action":"output","Package":"github.com/hkjang/Vendra/internal/httpapi","Test":"TestDueUrgency","Output":"--- PASS: TestDueUrgency (0.00s)\n"}
{"Time":"2026-09-22T08:10:06.252107147+09:00","Action":"pass","Package":"github.com/hkjang/Vendra/internal/httpapi","Test":"TestDueUrgency","Elapsed":0}
{"Time":"2026-09-22T08:10:06.252638402+09:00","Action":"run","Package":"github.com/hkjang/Vendra/internal/httpapi","Test":"TestSavedViewValidation"}
{"Time":"2026-09-22T08:10:06.253034786+09:00","Action":"output","Package":"github.com/hkjang/Vendra/internal/httpapi","Test":"TestSavedViewValidation","Output":"=== RUN   TestSavedViewValidation\n"}
{"Time":"2026-09-22T08:10:06.253464992+09:00","Action":"output","Package":"github.com/hkjang/Vendra/internal/httpapi","Test":"TestSavedViewValidation","Output":"--- PASS: TestSavedViewValidation (0.00s)\n"}
{"Time":"2026-09-22T08:10:06.253856022+09:00","Action":"pass","Package":"github.com/hkjang/Vendra/internal/httpapi","Test":"TestSavedViewValidation","Elapsed":0}
{"Time":"2026-09-22T08:10:06.25424505+09:00","Action":"run","Package":"github.com/hkjang/Vendra/internal/httpapi","Test":"TestObjectListURL"}
{"Time":"2026-09-22T08:10:06.254628253+09:00","Action":"output","Package":"github.com/hkjang/Vendra/internal/httpapi","Test":"TestObjectListURL","Output":"=== RUN   TestObjectListURL\n"}
{"Time":"2026-09-22T08:10:06.254981914+09:00","Action":"output","Package":"github.com/hkjang/Vendra/internal/httpapi","Test":"TestObjectListURL","Output":"--- PASS: TestObjectListURL (0.00s)\n"}
{"Time":"2026-09-22T08:10:06.255380968+09:00","Action":"pass","Package":"github.com/hkjang/Vendra/internal/httpapi","Test":"TestObjectListURL","Elapsed":0}
{"Time":"2026-09-22T08:10:06.255757336+09:00","Action":"run","Package":"github.com/hkjang/Vendra/internal/httpapi","Test":"TestDatedWorkKeyChangesWhenDueDateChanges"}
{"Time":"2026-09-22T08:10:06.256105261+09:00","Action":"output","Package":"github.com/hkjang/Vendra/internal/httpapi","Test":"TestDatedWorkKeyChangesWhenDueDateChanges","Output":"=== RUN   TestDatedWorkKeyChangesWhenDueDateChanges\n"}
{"Time":"2026-09-22T08:10:06.256475479+09:00","Action":"output","Package":"github.com/hkjang/Vendra/internal/httpapi","Test":"TestDatedWorkKeyChangesWhenDueDateChanges","Output":"--- PASS: TestDatedWorkKeyChangesWhenDueDateChanges (0.00s)\n"}
{"Time":"2026-09-22T08:10:06.256833733+09:00","Action":"pass","Package":"github.com/hkjang/Vendra/internal/httpapi","Test":"TestDatedWorkKeyChangesWhenDueDateChanges","Elapsed":0}
{"Time":"2026-09-22T08:10:06.257259128+09:00","Action":"run","Package":"github.com/hkjang/Vendra/internal/httpapi","Test":"TestObjectOrderByProtectsRedactedAmounts"}
{"Time":"2026-09-22T08:10:06.257630075+09:00","Action":"output","Package":"github.com/hkjang/Vendra/internal/httpapi","Test":"TestObjectOrderByProtectsRedactedAmounts","Output":"=== RUN   TestObjectOrderByProtectsRedactedAmounts\n"}
{"Time":"2026-09-22T08:10:06.257946125+09:00","Action":"output","Package":"github.com/hkjang/Vendra/internal/httpapi","Test":"TestObjectOrderByProtectsRedactedAmounts","Output":"--- PASS: TestObjectOrderByProtectsRedactedAmounts (0.00s)\n"}
{"Time":"2026-09-22T08:10:06.258240478+09:00","Action":"pass","Package":"github.com/hkjang/Vendra/internal/httpapi","Test":"TestObjectOrderByProtectsRedactedAmounts","Elapsed":0}
{"Time":"2026-09-22T08:10:06.258583517+09:00","Action":"run","Package":"github.com/hkjang/Vendra/internal/httpapi","Test":"TestReadFailureIsNeverEmptySuccess"}
{"Time":"2026-09-22T08:10:06.259038895+09:00","Action":"output","Package":"github.com/hkjang/Vendra/internal/httpapi","Test":"TestReadFailureIsNeverEmptySuccess","Output":"=== RUN   TestReadFailureIsNeverEmptySuccess\n"}
{"Time":"2026-09-22T08:10:06.259328489+09:00","Action":"run","Package":"github.com/hkjang/Vendra/internal/httpapi","Test":"TestReadFailureIsNeverEmptySuccess/dashboard"}
{"Time":"2026-09-22T08:10:06.259657371+09:00","Action":"output","Package":"github.com/hkjang/Vendra/internal/httpapi","Test":"TestReadFailureIsNeverEmptySuccess/dashboard","Output":"=== RUN   TestReadFailureIsNeverEmptySuccess/dashboard\n"}
{"Time":"2026-09-22T08:10:06.26002248+09:00","Action":"output","Package":"github.com/hkjang/Vendra/internal/httpapi","Test":"TestReadFailureIsNeverEmptySuccess/dashboard","Output":"--- PASS: TestReadFailureIsNeverEmptySuccess/dashboard (0.00s)\n"}
{"Time":"2026-09-22T08:10:06.260354781+09:00","Action":"pass","Package":"github.com/hkjang/Vendra/internal/httpapi","Test":"TestReadFailureIsNeverEmptySuccess/dashboard","Elapsed":0}
{"Time":"2026-09-22T08:10:06.260655442+09:00","Action":"run","Package":"github.com/hkjang/Vendra/internal/httpapi","Test":"TestReadFailureIsNeverEmptySuccess/spend_analysis"}
{"Time":"2026-09-22T08:10:06.260956592+09:00","Action":"output","Package":"github.com/hkjang/Vendra/internal/httpapi","Test":"TestReadFailureIsNeverEmptySuccess/spend_analysis","Output":"=== RUN   TestReadFailureIsNeverEmptySuccess/spend_analysis\n"}
{"Time":"2026-09-22T08:10:06.261269935+09:00","Action":"output","Package":"github.com/hkjang/Vendra/internal/httpapi","Test":"TestReadFailureIsNeverEmptySuccess/spend_analysis","Output":"--- PASS: TestReadFailureIsNeverEmptySuccess/spend_analysis (0.00s)\n"}
{"Time":"2026-09-22T08:10:06.261639261+09:00","Action":"pass","Package":"github.com/hkjang/Vendra/internal/httpapi","Test":"TestReadFailureIsNeverEmptySuccess/spend_analysis","Elapsed":0}
{"Time":"2026-09-22T08:10:06.262076839+09:00","Action":"run","Package":"github.com/hkjang/Vendra/internal/httpapi","Test":"TestReadFailureIsNeverEmptySuccess/spend_by_category"}
{"Time":"2026-09-22T08:10:06.262412884+09:00","Action":"output","Package":"github.com/hkjang/Vendra/internal/httpapi","Test":"TestReadFailureIsNeverEmptySuccess/spend_by_category","Output":"=== RUN   TestReadFailureIsNeverEmptySuccess/spend_by_category\n"}
{"Time":"2026-09-22T08:10:06.262831163+09:00","Action":"output","Package":"github.com/hkjang/Vendra/internal/httpapi","Test":"TestReadFailureIsNeverEmptySuccess/spend_by_category","Output":"--- PASS: TestReadFailureIsNeverEmptySuccess/spend_by_category (0.00s)\n"}
{"Time":"2026-09-22T08:10:06.263180686+09:00","Action":"pass","Package":"github.com/hkjang/Vendra/internal/httpapi","Test":"TestReadFailureIsNeverEmptySuccess/spend_by_category","Elapsed":0}
{"Time":"2026-09-22T08:10:06.263544898+09:00","Action":"run","Package":"github.com/hkjang/Vendra/internal/httpapi","Test":"TestReadFailureIsNeverEmptySuccess/global_search"}
{"Time":"2026-09-22T08:10:06.26388774+09:00","Action":"output","Package":"github.com/hkjang/Vendra/internal/httpapi","Test":"TestReadFailureIsNeverEmptySuccess/global_search","Output":"=== RUN   TestReadFailureIsNeverEmptySuccess/global_search\n"}
{"Time":"2026-09-22T08:10:06.264234943+09:00","Action":"output","Package":"github.com/hkjang/Vendra/internal/httpapi","Test":"TestReadFailureIsNeverEmptySuccess/global_search","Output":"--- PASS: TestReadFailureIsNeverEmptySuccess/global_search (0.00s)\n"}
{"Time":"2026-09-22T08:10:06.264583399+09:00","Action":"pass","Package":"github.com/hkjang/Vendra/internal/httpapi","Test":"TestReadFailureIsNeverEmptySuccess/global_search","Elapsed":0}
{"Time":"2026-09-22T08:10:06.264924378+09:00","Action":"run","Package":"github.com/hkjang/Vendra/internal/httpapi","Test":"TestReadFailureIsNeverEmptySuccess/suppliers"}
{"Time":"2026-09-22T08:10:06.265291192+09:00","Action":"output","Package":"github.com/hkjang/Vendra/internal/httpapi","Test":"TestReadFailureIsNeverEmptySuccess/suppliers","Output":"=== RUN   TestReadFailureIsNeverEmptySuccess/suppliers\n"}
{"Time":"2026-09-22T08:10:06.265672472+09:00","Action":"output","Package":"github.com/hkjang/Vendra/internal/httpapi","Test":"TestReadFailureIsNeverEmptySuccess/suppliers","Output":"--- PASS: TestReadFailureIsNeverEmptySuccess/suppliers (0.00s)\n"}
{"Time":"2026-09-22T08:10:06.266038931+09:00","Action":"pass","Package":"github.com/hkjang/Vendra/internal/httpapi","Test":"TestReadFailureIsNeverEmptySuccess/suppliers","Elapsed":0}
{"Time":"2026-09-22T08:10:06.266390615+09:00","Action":"run","Package":"github.com/hkjang/Vendra/internal/httpapi","Test":"TestReadFailureIsNeverEmptySuccess/risks"}
{"Time":"2026-09-22T08:10:06.266779925+09:00","Action":"output","Package":"github.com/hkjang/Vendra/internal/httpapi","Test":"TestReadFailureIsNeverEmptySuccess/risks","Output":"=== RUN   TestReadFailureIsNeverEmptySuccess/risks\n"}
{"Time":"2026-09-22T08:10:06.267152247+09:00","Action":"output","Package":"github.com/hkjang/Vendra/internal/httpapi","Test":"TestReadFailureIsNeverEmptySuccess/risks","Output":"--- PASS: TestReadFailureIsNeverEmptySuccess/risks (0.00s)\n"}
{"Time":"2026-09-22T08:10:06.267584338+09:00","Action":"pass","Package":"github.com/hkjang/Vendra/internal/httpapi","Test":"TestReadFailureIsNeverEmptySuccess/risks","Elapsed":0}
{"Time":"2026-09-22T08:10:06.268037995+09:00","Action":"run","Package":"github.com/hkjang/Vendra/internal/httpapi","Test":"TestReadFailureIsNeverEmptySuccess/evaluations"}
{"Time":"2026-09-22T08:10:06.268465961+09:00","Action":"output","Package":"github.com/hkjang/Vendra/internal/httpapi","Test":"TestReadFailureIsNeverEmptySuccess/evaluations","Output":"=== RUN   TestReadFailureIsNeverEmptySuccess/evaluations\n"}
{"Time":"2026-09-22T08:10:06.268835743+09:00","Action":"output","Package":"github.com/hkjang/Vendra/internal/httpapi","Test":"TestReadFailureIsNeverEmptySuccess/evaluations","Output":"--- PASS: TestReadFailureIsNeverEmptySuccess/evaluations (0.00s)\n"}
{"Time":"2026-09-22T08:10:06.269187528+09:00","Action":"pass","Package":"github.com/hkjang/Vendra/internal/httpapi","Test":"TestReadFailureIsNeverEmptySuccess/evaluations","Elapsed":0}
{"Time":"2026-09-22T08:10:06.269560004+09:00","Action":"run","Package":"github.com/hkjang/Vendra/internal/httpapi","Test":"TestReadFailureIsNeverEmptySuccess/approvals"}
{"Time":"2026-09-22T08:10:06.269907727+09:00","Action":"output","Package":"github.com/hkjang/Vendra/internal/httpapi","Test":"TestReadFailureIsNeverEmptySuccess/approvals","Output":"=== RUN   TestReadFailureIsNeverEmptySuccess/approvals\n"}
{"Time":"2026-09-22T08:10:06.270250023+09:00","Action":"output","Package":"github.com/hkjang/Vendra/internal/httpapi","Test":"TestReadFailureIsNeverEmptySuccess/approvals","Output":"--- PASS: TestReadFailureIsNeverEmptySuccess/approvals (0.00s)\n"}
{"Time":"2026-09-22T08:10:06.27063134+09:00","Action":"pass","Package":"github.com/hkjang/Vendra/internal/httpapi","Test":"TestReadFailureIsNeverEmptySuccess/approvals","Elapsed":0}
{"Time":"2026-09-22T08:10:06.270970514+09:00","Action":"run","Package":"github.com/hkjang/Vendra/internal/httpapi","Test":"TestReadFailureIsNeverEmptySuccess/workflows"}
{"Time":"2026-09-22T08:10:06.27131897+09:00","Action":"output","Package":"github.com/hkjang/Vendra/internal/httpapi","Test":"TestReadFailureIsNeverEmptySuccess/workflows","Output":"=== RUN   TestReadFailureIsNeverEmptySuccess/workflows\n"}
{"Time":"2026-09-22T08:10:06.271662003+09:00","Action":"output","Package":"github.com/hkjang/Vendra/internal/httpapi","Test":"TestReadFailureIsNeverEmptySuccess/workflows","Output":"--- PASS: TestReadFailureIsNeverEmptySuccess/workflows (0.00s)\n"}
{"Time":"2026-09-22T08:10:06.272000167+09:00","Action":"pass","Package":"github.com/hkjang/Vendra/internal/httpapi","Test":"TestReadFailureIsNeverEmptySuccess/workflows","Elapsed":0}
{"Time":"2026-09-22T08:10:06.272349669+09:00","Action":"run","Package":"github.com/hkjang/Vendra/internal/httpapi","Test":"TestReadFailureIsNeverEmptySuccess/documents"}
{"Time":"2026-09-22T08:10:06.272713685+09:00","Action":"output","Package":"github.com/hkjang/Vendra/internal/httpapi","Test":"TestReadFailureIsNeverEmptySuccess/documents","Output":"=== RUN   TestReadFailureIsNeverEmptySuccess/documents\n"}
{"Time":"2026-09-22T08:10:06.273071148+09:00","Action":"output","Package":"github.com/hkjang/Vendra/internal/httpapi","Test":"TestReadFailureIsNeverEmptySuccess/documents","Output":"--- PASS: TestReadFailureIsNeverEmptySuccess/documents (0.00s)\n"}
{"Time":"2026-09-22T08:10:06.273428312+09:00","Action":"pass","Package":"github.com/hkjang/Vendra/internal/httpapi","Test":"TestReadFailureIsNeverEmptySuccess/documents","Elapsed":0}
{"Time":"2026-09-22T08:10:06.273782504+09:00","Action":"run","Package":"github.com/hkjang/Vendra/internal/httpapi","Test":"TestReadFailureIsNeverEmptySuccess/notifications"}
{"Time":"2026-09-22T08:10:06.274124301+09:00","Action":"output","Package":"github.com/hkjang/Vendra/internal/httpapi","Test":"TestReadFailureIsNeverEmptySuccess/notifications","Output":"=== RUN   TestReadFailureIsNeverEmptySuccess/notifications\n"}
{"Time":"2026-09-22T08:10:06.274458328+09:00","Action":"output","Package":"github.com/hkjang/Vendra/internal/httpapi","Test":"TestReadFailureIsNeverEmptySuccess/notifications","Output":"--- PASS: TestReadFailureIsNeverEmptySuccess/notifications (0.00s)\n"}
{"Time":"2026-09-22T08:10:06.274823029+09:00","Action":"pass","Package":"github.com/hkjang/Vendra/internal/httpapi","Test":"TestReadFailureIsNeverEmptySuccess/notifications","Elapsed":0}
{"Time":"2026-09-22T08:10:06.275171978+09:00","Action":"run","Package":"github.com/hkjang/Vendra/internal/httpapi","Test":"TestReadFailureIsNeverEmptySuccess/sessions"}
{"Time":"2026-09-22T08:10:06.275540524+09:00","Action":"output","Package":"github.com/hkjang/Vendra/internal/httpapi","Test":"TestReadFailureIsNeverEmptySuccess/sessions","Output":"=== RUN   TestReadFailureIsNeverEmptySuccess/sessions\n"}
{"Time":"2026-09-22T08:10:06.275908194+09:00","Action":"output","Package":"github.com/hkjang/Vendra/internal/httpapi","Test":"TestReadFailureIsNeverEmptySuccess/sessions","Output":"--- PASS: TestReadFailureIsNeverEmptySuccess/sessions (0.00s)\n"}
{"Time":"2026-09-22T08:10:06.276265268+09:00","Action":"pass","Package":"github.com/hkjang/Vendra/internal/httpapi","Test":"TestReadFailureIsNeverEmptySuccess/sessions","Elapsed":0}
{"Time":"2026-09-22T08:10:06.276637977+09:00","Action":"run","Package":"github.com/hkjang/Vendra/internal/httpapi","Test":"TestReadFailureIsNeverEmptySuccess/work_inbox"}
{"Time":"2026-09-22T08:10:06.277017659+09:00","Action":"output","Package":"github.com/hkjang/Vendra/internal/httpapi","Test":"TestReadFailureIsNeverEmptySuccess/work_inbox","Output":"=== RUN   TestReadFailureIsNeverEmptySuccess/work_inbox\n"}
{"Time":"2026-09-22T08:10:06.277478571+09:00","Action":"output","Package":"github.com/hkjang/Vendra/internal/httpapi","Test":"TestReadFailureIsNeverEmptySuccess/work_inbox","Output":"--- PASS: TestReadFailureIsNeverEmptySuccess/work_inbox (0.00s)\n"}
{"Time":"2026-09-22T08:10:06.277826432+09:00","Action":"pass","Package":"github.com/hkjang/Vendra/internal/httpapi","Test":"TestReadFailureIsNeverEmptySuccess/work_inbox","Elapsed":0}
{"Time":"2026-09-22T08:10:06.278195561+09:00","Action":"run","Package":"github.com/hkjang/Vendra/internal/httpapi","Test":"TestReadFailureIsNeverEmptySuccess/saved_views"}
{"Time":"2026-09-22T08:10:06.278562731+09:00","Action":"output","Package":"github.com/hkjang/Vendra/internal/httpapi","Test":"TestReadFailureIsNeverEmptySuccess/saved_views","Output":"=== RUN   TestReadFailureIsNeverEmptySuccess/saved_views\n"}
{"Time":"2026-09-22T08:10:06.278934411+09:00","Action":"output","Package":"github.com/hkjang/Vendra/internal/httpapi","Test":"TestReadFailureIsNeverEmptySuccess/saved_views","Output":"--- PASS: TestReadFailureIsNeverEmptySuccess/saved_views (0.00s)\n"}
{"Time":"2026-09-22T08:10:06.279279654+09:00","Action":"pass","Package":"github.com/hkjang/Vendra/internal/httpapi","Test":"TestReadFailureIsNeverEmptySuccess/saved_views","Elapsed":0}
{"Time":"2026-09-22T08:10:06.27963975+09:00","Action":"run","Package":"github.com/hkjang/Vendra/internal/httpapi","Test":"TestReadFailureIsNeverEmptySuccess/audit_log"}
{"Time":"2026-09-22T08:10:06.279995094+09:00","Action":"output","Package":"github.com/hkjang/Vendra/internal/httpapi","Test":"TestReadFailureIsNeverEmptySuccess/audit_log","Output":"=== RUN   TestReadFailureIsNeverEmptySuccess/audit_log\n"}
{"Time":"2026-09-22T08:10:06.280348037+09:00","Action":"output","Package":"github.com/hkjang/Vendra/internal/httpapi","Test":"TestReadFailureIsNeverEmptySuccess/audit_log","Output":"--- PASS: TestReadFailureIsNeverEmptySuccess/audit_log (0.00s)\n"}
{"Time":"2026-09-22T08:10:06.280777574+09:00","Action":"pass","Package":"github.com/hkjang/Vendra/internal/httpapi","Test":"TestReadFailureIsNeverEmptySuccess/audit_log","Elapsed":0}
{"Time":"2026-09-22T08:10:06.281163018+09:00","Action":"run","Package":"github.com/hkjang/Vendra/internal/httpapi","Test":"TestReadFailureIsNeverEmptySuccess/users"}
{"Time":"2026-09-22T08:10:06.281521118+09:00","Action":"output","Package":"github.com/hkjang/Vendra/internal/httpapi","Test":"TestReadFailureIsNeverEmptySuccess/users","Output":"=== RUN   TestReadFailureIsNeverEmptySuccess/users\n"}
{"Time":"2026-09-22T08:10:06.281922122+09:00","Action":"output","Package":"github.com/hkjang/Vendra/internal/httpapi","Test":"TestReadFailureIsNeverEmptySuccess/users","Output":"--- PASS: TestReadFailureIsNeverEmptySuccess/users (0.00s)\n"}
{"Time":"2026-09-22T08:10:06.282290588+09:00","Action":"pass","Package":"github.com/hkjang/Vendra/internal/httpapi","Test":"TestReadFailureIsNeverEmptySuccess/users","Elapsed":0}
{"Time":"2026-09-22T08:10:06.282649235+09:00","Action":"run","Package":"github.com/hkjang/Vendra/internal/httpapi","Test":"TestReadFailureIsNeverEmptySuccess/roles"}
{"Time":"2026-09-22T08:10:06.283014854+09:00","Action":"output","Package":"github.com/hkjang/Vendra/internal/httpapi","Test":"TestReadFailureIsNeverEmptySuccess/roles","Output":"=== RUN   TestReadFailureIsNeverEmptySuccess/roles\n"}
{"Time":"2026-09-22T08:10:06.283349152+09:00","Action":"output","Package":"github.com/hkjang/Vendra/internal/httpapi","Test":"TestReadFailureIsNeverEmptySuccess/roles","Output":"--- PASS: TestReadFailureIsNeverEmptySuccess/roles (0.00s)\n"}
{"Time":"2026-09-22T08:10:06.28371542+09:00","Action":"pass","Package":"github.com/hkjang/Vendra/internal/httpapi","Test":"TestReadFailureIsNeverEmptySuccess/roles","Elapsed":0}
{"Time":"2026-09-22T08:10:06.28410653+09:00","Action":"run","Package":"github.com/hkjang/Vendra/internal/httpapi","Test":"TestReadFailureIsNeverEmptySuccess/organizations"}
{"Time":"2026-09-22T08:10:06.284553491+09:00","Action":"output","Package":"github.com/hkjang/Vendra/internal/httpapi","Test":"TestReadFailureIsNeverEmptySuccess/organizations","Output":"=== RUN   TestReadFailureIsNeverEmptySuccess/organizations\n"}
{"Time":"2026-09-22T08:10:06.284918808+09:00","Action":"output","Package":"github.com/hkjang/Vendra/internal/httpapi","Test":"TestReadFailureIsNeverEmptySuccess/organizations","Output":"--- PASS: TestReadFailureIsNeverEmptySuccess/organizations (0.00s)\n"}
{"Time":"2026-09-22T08:10:06.28526481+09:00","Action":"pass","Package":"github.com/hkjang/Vendra/internal/httpapi","Test":"TestReadFailureIsNeverEmptySuccess/organizations","Elapsed":0}
{"Time":"2026-09-22T08:10:06.285610218+09:00","Action":"run","Package":"github.com/hkjang/Vendra/internal/httpapi","Test":"TestReadFailureIsNeverEmptySuccess/access_grants"}
{"Time":"2026-09-22T08:10:06.285971053+09:00","Action":"output","Package":"github.com/hkjang/Vendra/internal/httpapi","Test":"TestReadFailureIsNeverEmptySuccess/access_grants","Output":"=== RUN   TestReadFailureIsNeverEmptySuccess/access_grants\n"}
{"Time":"2026-09-22T08:10:06.286330098+09:00","Action":"output","Package":"github.com/hkjang/Vendra/internal/httpapi","Test":"TestReadFailureIsNeverEmptySuccess/access_grants","Output":"--- PASS: TestReadFailureIsNeverEmptySuccess/access_grants (0.00s)\n"}
{"Time":"2026-09-22T08:10:06.286733151+09:00","Action":"pass","Package":"github.com/hkjang/Vendra/internal/httpapi","Test":"TestReadFailureIsNeverEmptySuccess/access_grants","Elapsed":0}
{"Time":"2026-09-22T08:10:06.287074703+09:00","Action":"run","Package":"github.com/hkjang/Vendra/internal/httpapi","Test":"TestReadFailureIsNeverEmptySuccess/settings"}
{"Time":"2026-09-22T08:10:06.287412209+09:00","Action":"output","Package":"github.com/hkjang/Vendra/internal/httpapi","Test":"TestReadFailureIsNeverEmptySuccess/settings","Output":"=== RUN   TestReadFailureIsNeverEmptySuccess/settings\n"}
{"Time":"2026-09-22T08:10:06.287791147+09:00","Action":"output","Package":"github.com/hkjang/Vendra/internal/httpapi","Test":"TestReadFailureIsNeverEmptySuccess/settings","Output":"--- PASS: TestReadFailureIsNeverEmptySuccess/settings (0.00s)\n"}
{"Time":"2026-09-22T08:10:06.288134935+09:00","Action":"pass","Package":"github.com/hkjang/Vendra/internal/httpapi","Test":"TestReadFailureIsNeverEmptySuccess/settings","Elapsed":0}
{"Time":"2026-09-22T08:10:06.288488261+09:00","Action":"run","Package":"github.com/hkjang/Vendra/internal/httpapi","Test":"TestReadFailureIsNeverEmptySuccess/screening_templates"}
{"Time":"2026-09-22T08:10:06.288819479+09:00","Action":"output","Package":"github.com/hkjang/Vendra/internal/httpapi","Test":"TestReadFailureIsNeverEmptySuccess/screening_templates","Output":"=== RUN   TestReadFailureIsNeverEmptySuccess/screening_templates\n"}
{"Time":"2026-09-22T08:10:06.289153989+09:00","Action":"output","Package":"github.com/hkjang/Vendra/internal/httpapi","Test":"TestReadFailureIsNeverEmptySuccess/screening_templates","Output":"--- PASS: TestReadFailureIsNeverEmptySuccess/screening_templates (0.00s)\n"}
{"Time":"2026-09-22T08:10:06.289494782+09:00","Action":"pass","Package":"github.com/hkjang/Vendra/internal/httpapi","Test":"TestReadFailureIsNeverEmptySuccess/screening_templates","Elapsed":0}
{"Time":"2026-09-22T08:10:06.289851156+09:00","Action":"run","Package":"github.com/hkjang/Vendra/internal/httpapi","Test":"TestReadFailureIsNeverEmptySuccess/scorecards"}
{"Time":"2026-09-22T08:10:06.290194184+09:00","Action":"output","Package":"github.com/hkjang/Vendra/internal/httpapi","Test":"TestReadFailureIsNeverEmptySuccess/scorecards","Output":"=== RUN   TestReadFailureIsNeverEmptySuccess/scorecards\n"}
{"Time":"2026-09-22T08:10:06.290573197+09:00","Action":"output","Package":"github.com/hkjang/Vendra/internal/httpapi","Test":"TestReadFailureIsNeverEmptySuccess/scorecards","Output":"--- PASS: TestReadFailureIsNeverEmptySuccess/scorecards (0.00s)\n"}
{"Time":"2026-09-22T08:10:06.290917351+09:00","Action":"pass","Package":"github.com/hkjang/Vendra/internal/httpapi","Test":"TestReadFailureIsNeverEmptySuccess/scorecards","Elapsed":0}
{"Time":"2026-09-22T08:10:06.291247868+09:00","Action":"run","Package":"github.com/hkjang/Vendra/internal/httpapi","Test":"TestReadFailureIsNeverEmptySuccess/purchase_orders"}
{"Time":"2026-09-22T08:10:06.291592044+09:00","Action":"output","Package":"github.com/hkjang/Vendra/internal/httpapi","Test":"TestReadFailureIsNeverEmptySuccess/purchase_orders","Output":"=== RUN   TestReadFailureIsNeverEmptySuccess/purchase_orders\n"}
{"Time":"2026-09-22T08:10:06.291933925+09:00","Action":"output","Package":"github.com/hkjang/Vendra/internal/httpapi","Test":"TestReadFailureIsNeverEmptySuccess/purchase_orders","Output":"--- PASS: TestReadFailureIsNeverEmptySuccess/purchase_orders (0.00s)\n"}
{"Time":"2026-09-22T08:10:06.292261118+09:00","Action":"pass","Package":"github.com/hkjang/Vendra/internal/httpapi","Test":"TestReadFailureIsNeverEmptySuccess/purchase_orders","Elapsed":0}
{"Time":"2026-09-22T08:10:06.292656619+09:00","Action":"run","Package":"github.com/hkjang/Vendra/internal/httpapi","Test":"TestReadFailureIsNeverEmptySuccess/contracts"}
{"Time":"2026-09-22T08:10:06.293008841+09:00","Action":"output","Package":"github.com/hkjang/Vendra/internal/httpapi","Test":"TestReadFailureIsNeverEmptySuccess/contracts","Output":"=== RUN   TestReadFailureIsNeverEmptySuccess/contracts\n"}
{"Time":"2026-09-22T08:10:06.293351561+09:00","Action":"output","Package":"github.com/hkjang/Vendra/internal/httpapi","Test":"TestReadFailureIsNeverEmptySuccess/contracts","Output":"--- PASS: TestReadFailureIsNeverEmptySuccess/contracts (0.00s)\n"}
{"Time":"2026-09-22T08:10:06.293672169+09:00","Action":"pass","Package":"github.com/hkjang/Vendra/internal/httpapi","Test":"TestReadFailureIsNeverEmptySuccess/contracts","Elapsed":0}
{"Time":"2026-09-22T08:10:06.294007051+09:00","Action":"output","Package":"github.com/hkjang/Vendra/internal/httpapi","Test":"TestReadFailureIsNeverEmptySuccess","Output":"--- PASS: TestReadFailureIsNeverEmptySuccess (0.01s)\n"}
{"Time":"2026-09-22T08:10:06.294348449+09:00","Action":"pass","Package":"github.com/hkjang/Vendra/internal/httpapi","Test":"TestReadFailureIsNeverEmptySuccess","Elapsed":0.01}
{"Time":"2026-09-22T08:10:06.29470187+09:00","Action":"run","Package":"github.com/hkjang/Vendra/internal/httpapi","Test":"TestMalformedDateFilterIsRejected"}
{"Time":"2026-09-22T08:10:06.295033141+09:00","Action":"output","Package":"github.com/hkjang/Vendra/internal/httpapi","Test":"TestMalformedDateFilterIsRejected","Output":"=== RUN   TestMalformedDateFilterIsRejected\n"}
{"Time":"2026-09-22T08:10:06.295364285+09:00","Action":"output","Package":"github.com/hkjang/Vendra/internal/httpapi","Test":"TestMalformedDateFilterIsRejected","Output":"--- PASS: TestMalformedDateFilterIsRejected (0.00s)\n"}
{"Time":"2026-09-22T08:10:06.295703729+09:00","Action":"pass","Package":"github.com/hkjang/Vendra/internal/httpapi","Test":"TestMalformedDateFilterIsRejected","Elapsed":0}
{"Time":"2026-09-22T08:10:06.296053804+09:00","Action":"run","Package":"github.com/hkjang/Vendra/internal/httpapi","Test":"TestSafeReturnToStaysOnThisSite"}
{"Time":"2026-09-22T08:10:06.296376047+09:00","Action":"output","Package":"github.com/hkjang/Vendra/internal/httpapi","Test":"TestSafeReturnToStaysOnThisSite","Output":"=== RUN   TestSafeReturnToStaysOnThisSite\n"}
{"Time":"2026-09-22T08:10:06.296715624+09:00","Action":"run","Package":"github.com/hkjang/Vendra/internal/httpapi","Test":"TestSafeReturnToStaysOnThisSite/#00"}
{"Time":"2026-09-22T08:10:06.297042721+09:00","Action":"output","Package":"github.com/hkjang/Vendra/internal/httpapi","Test":"TestSafeReturnToStaysOnThisSite/#00","Output":"=== RUN   TestSafeReturnToStaysOnThisSite/#00\n"}
{"Time":"2026-09-22T08:10:06.297368798+09:00","Action":"output","Package":"github.com/hkjang/Vendra/internal/httpapi","Test":"TestSafeReturnToStaysOnThisSite/#00","Output":"--- PASS: TestSafeReturnToStaysOnThisSite/#00 (0.00s)\n"}
{"Time":"2026-09-22T08:10:06.29770863+09:00","Action":"pass","Package":"github.com/hkjang/Vendra/internal/httpapi","Test":"TestSafeReturnToStaysOnThisSite/#00","Elapsed":0}
{"Time":"2026-09-22T08:10:06.298033942+09:00","Action":"run","Package":"github.com/hkjang/Vendra/internal/httpapi","Test":"TestSafeReturnToStaysOnThisSite//"}
{"Time":"2026-09-22T08:10:06.298369908+09:00","Action":"output","Package":"github.com/hkjang/Vendra/internal/httpapi","Test":"TestSafeReturnToStaysOnThisSite//","Output":"=== RUN   TestSafeReturnToStaysOnThisSite//\n"}
{"Time":"2026-09-22T08:10:06.298717694+09:00","Action":"output","Package":"github.com/hkjang/Vendra/internal/httpapi","Test":"TestSafeReturnToStaysOnThisSite//","Output":"--- PASS: TestSafeReturnToStaysOnThisSite// (0.00s)\n"}
{"Time":"2026-09-22T08:10:06.299060149+09:00","Action":"pass","Package":"github.com/hkjang/Vendra/internal/httpapi","Test":"TestSafeReturnToStaysOnThisSite//","Elapsed":0}
{"Time":"2026-09-22T08:10:06.299410405+09:00","Action":"run","Package":"github.com/hkjang/Vendra/internal/httpapi","Test":"TestSafeReturnToStaysOnThisSite//dashboard"}
{"Time":"2026-09-22T08:10:06.299754916+09:00","Action":"output","Package":"github.com/hkjang/Vendra/internal/httpapi","Test":"TestSafeReturnToStaysOnThisSite//dashboard","Output":"=== RUN   TestSafeReturnToStaysOnThisSite//dashboard\n"}
{"Time":"2026-09-22T08:10:06.300103462+09:00","Action":"output","Package":"github.com/hkjang/Vendra/internal/httpapi","Test":"TestSafeReturnToStaysOnThisSite//dashboard","Output":"--- PASS: TestSafeReturnToStaysOnThisSite//dashboard (0.00s)\n"}
{"Time":"2026-09-22T08:10:06.300439056+09:00","Action":"pass","Package":"github.com/hkjang/Vendra/internal/httpapi","Test":"TestSafeReturnToStaysOnThisSite//dashboard","Elapsed":0}
{"Time":"2026-09-22T08:10:06.30078073+09:00","Action":"run","Package":"github.com/hkjang/Vendra/internal/httpapi","Test":"TestSafeReturnToStaysOnThisSite//suppliers?tab=risk"}
{"Time":"2026-09-22T08:10:06.301124858+09:00","Action":"output","Package":"github.com/hkjang/Vendra/internal/httpapi","Test":"TestSafeReturnToStaysOnThisSite//suppliers?tab=risk","Output":"=== RUN   TestSafeReturnToStaysOnThisSite//suppliers?tab=risk\n"}
{"Time":"2026-09-22T08:10:06.301468115+09:00","Action":"output","Package":"github.com/hkjang/Vendra/internal/httpapi","Test":"TestSafeReturnToStaysOnThisSite//suppliers?tab=risk","Output":"--- PASS: TestSafeReturnToStaysOnThisSite//suppliers?tab=risk (0.00s)\n"}
{"Time":"2026-09-22T08:10:06.301814011+09:00","Action":"pass","Package":"github.com/hkjang/Vendra/internal/httpapi","Test":"TestSafeReturnToStaysOnThisSite//suppliers?tab=risk","Elapsed":0}
{"Time":"2026-09-22T08:10:06.302162998+09:00","Action":"run","Package":"github.com/hkjang/Vendra/internal/httpapi","Test":"TestSafeReturnToStaysOnThisSite//공급업체"}
{"Time":"2026-09-22T08:10:06.302513706+09:00","Action":"output","Package":"github.com/hkjang/Vendra/internal/httpapi","Test":"TestSafeReturnToStaysOnThisSite//공급업체","Output":"=== RUN   TestSafeReturnToStaysOnThisSite//공급업체\n"}
{"Time":"2026-09-22T08:10:06.302979121+09:00","Action":"output","Package":"github.com/hkjang/Vendra/internal/httpapi","Test":"TestSafeReturnToStaysOnThisSite//공급업체","Output":"--- PASS: TestSafeReturnToStaysOnThisSite//공급업체 (0.00s)\n"}
{"Time":"2026-09-22T08:10:06.303324788+09:00","Action":"pass","Package":"github.com/hkjang/Vendra/internal/httpapi","Test":"TestSafeReturnToStaysOnThisSite//공급업체","Elapsed":0}
{"Time":"2026-09-22T08:10:06.303673961+09:00","Action":"run","Package":"github.com/hkjang/Vendra/internal/httpapi","Test":"TestSafeReturnToStaysOnThisSite///evil.com"}
{"Time":"2026-09-22T08:10:06.304018471+09:00","Action":"output","Package":"github.com/hkjang/Vendra/internal/httpapi","Test":"TestSafeReturnToStaysOnThisSite///evil.com","Output":"=== RUN   TestSafeReturnToStaysOnThisSite///evil.com\n"}
{"Time":"2026-09-22T08:10:06.304368781+09:00","Action":"output","Package":"github.com/hkjang/Vendra/internal/httpapi","Test":"TestSafeReturnToStaysOnThisSite///evil.com","Output":"--- PASS: TestSafeReturnToStaysOnThisSite///evil.com (0.00s)\n"}
{"Time":"2026-09-22T08:10:06.304736976+09:00","Action":"pass","Package":"github.com/hkjang/Vendra/internal/httpapi","Test":"TestSafeReturnToStaysOnThisSite///evil.com","Elapsed":0}
{"Time":"2026-09-22T08:10:06.305111379+09:00","Action":"run","Package":"github.com/hkjang/Vendra/internal/httpapi","Test":"TestSafeReturnToStaysOnThisSite///evil.com/path"}
{"Time":"2026-09-22T08:10:06.305477827+09:00","Action":"output","Package":"github.com/hkjang/Vendra/internal/httpapi","Test":"TestSafeReturnToStaysOnThisSite///evil.com/path","Output":"=== RUN   TestSafeReturnToStaysOnThisSite///evil.com/path\n"}
{"Time":"2026-09-22T08:10:06.305836096+09:00","Action":"output","Package":"github.com/hkjang/Vendra/internal/httpapi","Test":"TestSafeReturnToStaysOnThisSite///evil.com/path","Output":"--- PASS: TestSafeReturnToStaysOnThisSite///evil.com/path (0.00s)\n"}
{"Time":"2026-09-22T08:10:06.30622761+09:00","Action":"pass","Package":"github.com/hkjang/Vendra/internal/httpapi","Test":"TestSafeReturnToStaysOnThisSite///evil.com/path","Elapsed":0}
{"Time":"2026-09-22T08:10:06.306585827+09:00","Action":"run","Package":"github.com/hkjang/Vendra/internal/httpapi","Test":"TestSafeReturnToStaysOnThisSite////evil.com"}
{"Time":"2026-09-22T08:10:06.306932769+09:00","Action":"output","Package":"github.com/hkjang/Vendra/internal/httpapi","Test":"TestSafeReturnToStaysOnThisSite////evil.com","Output":"=== RUN   TestSafeReturnToStaysOnThisSite////evil.com\n"}
{"Time":"2026-09-22T08:10:06.307298378+09:00","Action":"output","Package":"github.com/hkjang/Vendra/internal/httpapi","Test":"TestSafeReturnToStaysOnThisSite////evil.com","Output":"--- PASS: TestSafeReturnToStaysOnThisSite////evil.com (0.00s)\n"}
{"Time":"2026-09-22T08:10:06.307651916+09:00","Action":"pass","Package":"github.com/hkjang/Vendra/internal/httpapi","Test":"TestSafeReturnToStaysOnThisSite////evil.com","Elapsed":0}
{"Time":"2026-09-22T08:10:06.308005603+09:00","Action":"run","Package":"github.com/hkjang/Vendra/internal/httpapi","Test":"TestSafeReturnToStaysOnThisSite//\\evil.com"}
{"Time":"2026-09-22T08:10:06.308365413+09:00","Action":"output","Package":"github.com/hkjang/Vendra/internal/httpapi","Test":"TestSafeReturnToStaysOnThisSite//\\evil.com","Output":"=== RUN   TestSafeReturnToStaysOnThisSite//\\evil.com\n"}
{"Time":"2026-09-22T08:10:06.309018199+09:00","Action":"output","Package":"github.com/hkjang/Vendra/internal/httpapi","Test":"TestSafeReturnToStaysOnThisSite//\\evil.com","Output":"--- PASS: TestSafeReturnToStaysOnThisSite//\\evil.com (0.00s)\n"}
{"Time":"2026-09-22T08:10:06.309374212+09:00","Action":"pass","Package":"github.com/hkjang/Vendra/internal/httpapi","Test":"TestSafeReturnToStaysOnThisSite//\\evil.com","Elapsed":0}
{"Time":"2026-09-22T08:10:06.30975725+09:00","Action":"run","Package":"github.com/hkjang/Vendra/internal/httpapi","Test":"TestSafeReturnToStaysOnThisSite//\\/evil.com"}
{"Time":"2026-09-22T08:10:06.310103667+09:00","Action":"output","Package":"github.com/hkjang/Vendra/internal/httpapi","Test":"TestSafeReturnToStaysOnThisSite//\\/evil.com","Output":"=== RUN   TestSafeReturnToStaysOnThisSite//\\/evil.com\n"}
{"Time":"2026-09-22T08:10:06.310473949+09:00","Action":"output","Package":"github.com/hkjang/Vendra/internal/httpapi","Test":"TestSafeReturnToStaysOnThisSite//\\/evil.com","Output":"--- PASS: TestSafeReturnToStaysOnThisSite//\\/evil.com (0.00s)\n"}
{"Time":"2026-09-22T08:10:06.310834768+09:00","Action":"pass","Package":"github.com/hkjang/Vendra/internal/httpapi","Test":"TestSafeReturnToStaysOnThisSite//\\/evil.com","Elapsed":0}
{"Time":"2026-09-22T08:10:06.311209384+09:00","Action":"run","Package":"github.com/hkjang/Vendra/internal/httpapi","Test":"TestSafeReturnToStaysOnThisSite/https://evil.com"}
{"Time":"2026-09-22T08:10:06.311560606+09:00","Action":"output","Package":"github.com/hkjang/Vendra/internal/httpapi","Test":"TestSafeReturnToStaysOnThisSite/https://evil.com","Output":"=== RUN   TestSafeReturnToStaysOnThisSite/https://evil.com\n"}
{"Time":"2026-09-22T08:10:06.311918032+09:00","Action":"output","Package":"github.com/hkjang/Vendra/internal/httpapi","Test":"TestSafeReturnToStaysOnThisSite/https://evil.com","Output":"--- PASS: TestSafeReturnToStaysOnThisSite/https://evil.com (0.00s)\n"}
{"Time":"2026-09-22T08:10:06.312330411+09:00","Action":"pass","Package":"github.com/hkjang/Vendra/internal/httpapi","Test":"TestSafeReturnToStaysOnThisSite/https://evil.com","Elapsed":0}
{"Time":"2026-09-22T08:10:06.312684644+09:00","Action":"run","Package":"github.com/hkjang/Vendra/internal/httpapi","Test":"TestSafeReturnToStaysOnThisSite/http://evil.com"}
{"Time":"2026-09-22T08:10:06.31302437+09:00","Action":"output","Package":"github.com/hkjang/Vendra/internal/httpapi","Test":"TestSafeReturnToStaysOnThisSite/http://evil.com","Output":"=== RUN   TestSafeReturnToStaysOnThisSite/http://evil.com\n"}
{"Time":"2026-09-22T08:10:06.313370686+09:00","Action":"output","Package":"github.com/hkjang/Vendra/internal/httpapi","Test":"TestSafeReturnToStaysOnThisSite/http://evil.com","Output":"--- PASS: TestSafeReturnToStaysOnThisSite/http://evil.com (0.00s)\n"}
{"Time":"2026-09-22T08:10:06.31371595+09:00","Action":"pass","Package":"github.com/hkjang/Vendra/internal/httpapi","Test":"TestSafeReturnToStaysOnThisSite/http://evil.com","Elapsed":0}
{"Time":"2026-09-22T08:10:06.314059292+09:00","Action":"run","Package":"github.com/hkjang/Vendra/internal/httpapi","Test":"TestSafeReturnToStaysOnThisSite/javascript:alert(1)"}
{"Time":"2026-09-22T08:10:06.314415305+09:00","Action":"output","Package":"github.com/hkjang/Vendra/internal/httpapi","Test":"TestSafeReturnToStaysOnThisSite/javascript:alert(1)","Output":"=== RUN   TestSafeReturnToStaysOnThisSite/javascript:alert(1)\n"}
{"Time":"2026-09-22T08:10:06.314826951+09:00","Action":"output","Package":"github.com/hkjang/Vendra/internal/httpapi","Test":"TestSafeReturnToStaysOnThisSite/javascript:alert(1)","Output":"--- PASS: TestSafeReturnToStaysOnThisSite/javascript:alert(1) (0.00s)\n"}
{"Time":"2026-09-22T08:10:06.315174052+09:00","Action":"pass","Package":"github.com/hkjang/Vendra/internal/httpapi","Test":"TestSafeReturnToStaysOnThisSite/javascript:alert(1)","Elapsed":0}
{"Time":"2026-09-22T08:10:06.315511653+09:00","Action":"run","Package":"github.com/hkjang/Vendra/internal/httpapi","Test":"TestSafeReturnToStaysOnThisSite/mailto:someone@evil.com"}
{"Time":"2026-09-22T08:10:06.315853641+09:00","Action":"output","Package":"github.com/hkjang/Vendra/internal/httpapi","Test":"TestSafeReturnToStaysOnThisSite/mailto:someone@evil.com","Output":"=== RUN   TestSafeReturnToStaysOnThisSite/mailto:someone@evil.com\n"}
{"Time":"2026-09-22T08:10:06.316206956+09:00","Action":"output","Package":"github.com/hkjang/Vendra/internal/httpapi","Test":"TestSafeReturnToStaysOnThisSite/mailto:someone@evil.com","Output":"--- PASS: TestSafeReturnToStaysOnThisSite/mailto:someone@evil.com (0.00s)\n"}
{"Time":"2026-09-22T08:10:06.316551508+09:00","Action":"pass","Package":"github.com/hkjang/Vendra/internal/httpapi","Test":"TestSafeReturnToStaysOnThisSite/mailto:someone@evil.com","Elapsed":0}
{"Time":"2026-09-22T08:10:06.316894192+09:00","Action":"run","Package":"github.com/hkjang/Vendra/internal/httpapi","Test":"TestSafeReturnToStaysOnThisSite//_evil"}
{"Time":"2026-09-22T08:10:06.3172361+09:00","Action":"output","Package":"github.com/hkjang/Vendra/internal/httpapi","Test":"TestSafeReturnToStaysOnThisSite//_evil","Output":"=== RUN   TestSafeReturnToStaysOnThisSite//_evil\n"}
{"Time":"2026-09-22T08:10:06.31757351+09:00","Action":"output","Package":"github.com/hkjang/Vendra/internal/httpapi","Test":"TestSafeReturnToStaysOnThisSite//_evil","Output":"--- PASS: TestSafeReturnToStaysOnThisSite//_evil (0.00s)\n"}
{"Time":"2026-09-22T08:10:06.317905694+09:00","Action":"pass","Package":"github.com/hkjang/Vendra/internal/httpapi","Test":"TestSafeReturnToStaysOnThisSite//_evil","Elapsed":0}
{"Time":"2026-09-22T08:10:06.318297473+09:00","Action":"run","Package":"github.com/hkjang/Vendra/internal/httpapi","Test":"TestSafeReturnToStaysOnThisSite//\\nevil"}
{"Time":"2026-09-22T08:10:06.318711567+09:00","Action":"output","Package":"github.com/hkjang/Vendra/internal/httpapi","Test":"TestSafeReturnToStaysOnThisSite//\\nevil","Output":"=== RUN   TestSafeReturnToStaysOnThisSite//\\nevil\n"}
{"Time":"2026-09-22T08:10:06.319071838+09:00","Action":"output","Package":"github.com/hkjang/Vendra/internal/httpapi","Test":"TestSafeReturnToStaysOnThisSite//\\nevil","Output":"--- PASS: TestSafeReturnToStaysOnThisSite//\\nevil (0.00s)\n"}
{"Time":"2026-09-22T08:10:06.319422212+09:00","Action":"pass","Package":"github.com/hkjang/Vendra/internal/httpapi","Test":"TestSafeReturnToStaysOnThisSite//\\nevil","Elapsed":0}
{"Time":"2026-09-22T08:10:06.319770609+09:00","Action":"run","Package":"github.com/hkjang/Vendra/internal/httpapi","Test":"TestSafeReturnToStaysOnThisSite//_evil#01"}
{"Time":"2026-09-22T08:10:06.320112326+09:00","Action":"output","Package":"github.com/hkjang/Vendra/internal/httpapi","Test":"TestSafeReturnToStaysOnThisSite//_evil#01","Output":"=== RUN   TestSafeReturnToStaysOnThisSite//_evil#01\n"}
{"Time":"2026-09-22T08:10:06.320455604+09:00","Action":"output","Package":"github.com/hkjang/Vendra/internal/httpapi","Test":"TestSafeReturnToStaysOnThisSite//_evil#01","Output":"--- PASS: TestSafeReturnToStaysOnThisSite//_evil#01 (0.00s)\n"}
{"Time":"2026-09-22T08:10:06.320792239+09:00","Action":"pass","Package":"github.com/hkjang/Vendra/internal/httpapi","Test":"TestSafeReturnToStaysOnThisSite//_evil#01","Elapsed":0}
{"Time":"2026-09-22T08:10:06.321131332+09:00","Action":"output","Package":"github.com/hkjang/Vendra/internal/httpapi","Test":"TestSafeReturnToStaysOnThisSite","Output":"--- PASS: TestSafeReturnToStaysOnThisSite (0.00s)\n"}
{"Time":"2026-09-22T08:10:06.321464122+09:00","Action":"pass","Package":"github.com/hkjang/Vendra/internal/httpapi","Test":"TestSafeReturnToStaysOnThisSite","Elapsed":0}
{"Time":"2026-09-22T08:10:06.322017676+09:00","Action":"run","Package":"github.com/hkjang/Vendra/internal/httpapi","Test":"TestReturnToNeverProducesACrossOriginLocation"}
{"Time":"2026-09-22T08:10:06.322382919+09:00","Action":"output","Package":"github.com/hkjang/Vendra/internal/httpapi","Test":"TestReturnToNeverProducesACrossOriginLocation","Output":"=== RUN   TestReturnToNeverProducesACrossOriginLocation\n"}
{"Time":"2026-09-22T08:10:06.322760599+09:00","Action":"output","Package":"github.com/hkjang/Vendra/internal/httpapi","Test":"TestReturnToNeverProducesACrossOriginLocation","Output":"--- PASS: TestReturnToNeverProducesACrossOriginLocation (0.00s)\n"}
{"Time":"2026-09-22T08:10:06.323112501+09:00","Action":"pass","Package":"github.com/hkjang/Vendra/internal/httpapi","Test":"TestReturnToNeverProducesACrossOriginLocation","Elapsed":0}
{"Time":"2026-09-22T08:10:06.323468274+09:00","Action":"run","Package":"github.com/hkjang/Vendra/internal/httpapi","Test":"TestIdWildcards"}
{"Time":"2026-09-22T08:10:06.323817155+09:00","Action":"output","Package":"github.com/hkjang/Vendra/internal/httpapi","Test":"TestIdWildcards","Output":"=== RUN   TestIdWildcards\n"}
{"Time":"2026-09-22T08:10:06.324153577+09:00","Action":"output","Package":"github.com/hkjang/Vendra/internal/httpapi","Test":"TestIdWildcards","Output":"--- PASS: TestIdWildcards (0.00s)\n"}
{"Time":"2026-09-22T08:10:06.324496133+09:00","Action":"pass","Package":"github.com/hkjang/Vendra/internal/httpapi","Test":"TestIdWildcards","Elapsed":0}
{"Time":"2026-09-22T08:10:06.324861514+09:00","Action":"run","Package":"github.com/hkjang/Vendra/internal/httpapi","Test":"TestValidUUID"}
{"Time":"2026-09-22T08:10:06.325213225+09:00","Action":"output","Package":"github.com/hkjang/Vendra/internal/httpapi","Test":"TestValidUUID","Output":"=== RUN   TestValidUUID\n"}
{"Time":"2026-09-22T08:10:06.325567884+09:00","Action":"output","Package":"github.com/hkjang/Vendra/internal/httpapi","Test":"TestValidUUID","Output":"--- PASS: TestValidUUID (0.00s)\n"}
{"Time":"2026-09-22T08:10:06.325941474+09:00","Action":"pass","Package":"github.com/hkjang/Vendra/internal/httpapi","Test":"TestValidUUID","Elapsed":0}
{"Time":"2026-09-22T08:10:06.32630088+09:00","Action":"run","Package":"github.com/hkjang/Vendra/internal/httpapi","Test":"TestTopicParticle"}
{"Time":"2026-09-22T08:10:06.326725399+09:00","Action":"output","Package":"github.com/hkjang/Vendra/internal/httpapi","Test":"TestTopicParticle","Output":"=== RUN   TestTopicParticle\n"}
{"Time":"2026-09-22T08:10:06.3270795+09:00","Action":"output","Package":"github.com/hkjang/Vendra/internal/httpapi","Test":"TestTopicParticle","Output":"--- PASS: TestTopicParticle (0.00s)\n"}
{"Time":"2026-09-22T08:10:06.327439963+09:00","Action":"pass","Package":"github.com/hkjang/Vendra/internal/httpapi","Test":"TestTopicParticle","Elapsed":0}
{"Time":"2026-09-22T08:10:06.32778459+09:00","Action":"run","Package":"github.com/hkjang/Vendra/internal/httpapi","Test":"TestScreeningThresholdsRejectUnusableRules"}
{"Time":"2026-09-22T08:10:06.328142817+09:00","Action":"output","Package":"github.com/hkjang/Vendra/internal/httpapi","Test":"TestScreeningThresholdsRejectUnusableRules","Output":"=== RUN   TestScreeningThresholdsRejectUnusableRules\n"}
{"Time":"2026-09-22T08:10:06.328518856+09:00","Action":"output","Package":"github.com/hkjang/Vendra/internal/httpapi","Test":"TestScreeningThresholdsRejectUnusableRules","Output":"--- PASS: TestScreeningThresholdsRejectUnusableRules (0.00s)\n"}
{"Time":"2026-09-22T08:10:06.328864832+09:00","Action":"pass","Package":"github.com/hkjang/Vendra/internal/httpapi","Test":"TestScreeningThresholdsRejectUnusableRules","Elapsed":0}
{"Time":"2026-09-22T08:10:06.329228859+09:00","Action":"run","Package":"github.com/hkjang/Vendra/internal/httpapi","Test":"TestScreeningWithoutThresholdsNeverPasses"}
{"Time":"2026-09-22T08:10:06.329573985+09:00","Action":"output","Package":"github.com/hkjang/Vendra/internal/httpapi","Test":"TestScreeningWithoutThresholdsNeverPasses","Output":"=== RUN   TestScreeningWithoutThresholdsNeverPasses\n"}
{"Time":"2026-09-22T08:10:06.329934835+09:00","Action":"output","Package":"github.com/hkjang/Vendra/internal/httpapi","Test":"TestScreeningWithoutThresholdsNeverPasses","Output":"--- PASS: TestScreeningWithoutThresholdsNeverPasses (0.00s)\n"}
{"Time":"2026-09-22T08:10:06.330319281+09:00","Action":"pass","Package":"github.com/hkjang/Vendra/internal/httpapi","Test":"TestScreeningWithoutThresholdsNeverPasses","Elapsed":0}
{"Time":"2026-09-22T08:10:06.330838736+09:00","Action":"run","Package":"github.com/hkjang/Vendra/internal/httpapi","Test":"TestScreeningDecidesAcrossTheConfiguredBands"}
{"Time":"2026-09-22T08:10:06.331188488+09:00","Action":"output","Package":"github.com/hkjang/Vendra/internal/httpapi","Test":"TestScreeningDecidesAcrossTheConfiguredBands","Output":"=== RUN   TestScreeningDecidesAcrossTheConfiguredBands\n"}
{"Time":"2026-09-22T08:10:06.331552249+09:00","Action":"output","Package":"github.com/hkjang/Vendra/internal/httpapi","Test":"TestScreeningDecidesAcrossTheConfiguredBands","Output":"--- PASS: TestScreeningDecidesAcrossTheConfiguredBands (0.00s)\n"}
{"Time":"2026-09-22T08:10:06.331902701+09:00","Action":"pass","Package":"github.com/hkjang/Vendra/internal/httpapi","Test":"TestScreeningDecidesAcrossTheConfiguredBands","Elapsed":0}
{"Time":"2026-09-22T08:10:06.332252915+09:00","Action":"run","Package":"github.com/hkjang/Vendra/internal/httpapi","Test":"TestCalculateScreeningScoresWhatWasAnswered"}
{"Time":"2026-09-22T08:10:06.332615014+09:00","Action":"output","Package":"github.com/hkjang/Vendra/internal/httpapi","Test":"TestCalculateScreeningScoresWhatWasAnswered","Output":"=== RUN   TestCalculateScreeningScoresWhatWasAnswered\n"}
{"Time":"2026-09-22T08:10:06.332976581+09:00","Action":"output","Package":"github.com/hkjang/Vendra/internal/httpapi","Test":"TestCalculateScreeningScoresWhatWasAnswered","Output":"--- PASS: TestCalculateScreeningScoresWhatWasAnswered (0.00s)\n"}
{"Time":"2026-09-22T08:10:06.33338758+09:00","Action":"pass","Package":"github.com/hkjang/Vendra/internal/httpapi","Test":"TestCalculateScreeningScoresWhatWasAnswered","Elapsed":0}
{"Time":"2026-09-22T08:10:06.33377014+09:00","Action":"run","Package":"github.com/hkjang/Vendra/internal/httpapi","Test":"TestEveryAccountCreatedFromARequestNamesTheAddressAlreadyTaken"}
{"Time":"2026-09-22T08:10:06.33414792+09:00","Action":"output","Package":"github.com/hkjang/Vendra/internal/httpapi","Test":"TestEveryAccountCreatedFromARequestNamesTheAddressAlreadyTaken","Output":"=== RUN   TestEveryAccountCreatedFromARequestNamesTheAddressAlreadyTaken\n"}
{"Time":"2026-09-22T08:10:06.334592905+09:00","Action":"output","Package":"github.com/hkjang/Vendra/internal/httpapi","Test":"TestEveryAccountCreatedFromARequestNamesTheAddressAlreadyTaken","Output":"--- PASS: TestEveryAccountCreatedFromARequestNamesTheAddressAlreadyTaken (0.01s)\n"}
{"Time":"2026-09-22T08:10:06.334979019+09:00","Action":"pass","Package":"github.com/hkjang/Vendra/internal/httpapi","Test":"TestEveryAccountCreatedFromARequestNamesTheAddressAlreadyTaken","Elapsed":0.01}
{"Time":"2026-09-22T08:10:06.335340645+09:00","Action":"run","Package":"github.com/hkjang/Vendra/internal/httpapi","Test":"TestSelfRegistrationSaysWhichOfTheTwoIsAlreadyOnFile"}
{"Time":"2026-09-22T08:10:06.335711846+09:00","Action":"output","Package":"github.com/hkjang/Vendra/internal/httpapi","Test":"TestSelfRegistrationSaysWhichOfTheTwoIsAlreadyOnFile","Output":"=== RUN   TestSelfRegistrationSaysWhichOfTheTwoIsAlreadyOnFile\n"}
{"Time":"2026-09-22T08:10:06.498525939+09:00","Action":"output","Package":"github.com/hkjang/Vendra/internal/httpapi","Test":"TestSelfRegistrationSaysWhichOfTheTwoIsAlreadyOnFile","Output":"--- PASS: TestSelfRegistrationSaysWhichOfTheTwoIsAlreadyOnFile (0.23s)\n"}
{"Time":"2026-09-22T08:10:06.499217439+09:00","Action":"pass","Package":"github.com/hkjang/Vendra/internal/httpapi","Test":"TestSelfRegistrationSaysWhichOfTheTwoIsAlreadyOnFile","Elapsed":0.23}
{"Time":"2026-09-22T08:10:06.499655664+09:00","Action":"run","Package":"github.com/hkjang/Vendra/internal/httpapi","Test":"TestSimilarSupplierNameIsRefused"}
{"Time":"2026-09-22T08:10:06.500075467+09:00","Action":"output","Package":"github.com/hkjang/Vendra/internal/httpapi","Test":"TestSimilarSupplierNameIsRefused","Output":"=== RUN   TestSimilarSupplierNameIsRefused\n"}
{"Time":"2026-09-22T08:10:06.638980035+09:00","Action":"output","Package":"github.com/hkjang/Vendra/internal/httpapi","Test":"TestSimilarSupplierNameIsRefused","Output":"--- PASS: TestSimilarSupplierNameIsRefused (0.14s)\n"}
{"Time":"2026-09-22T08:10:06.639535856+09:00","Action":"pass","Package":"github.com/hkjang/Vendra/internal/httpapi","Test":"TestSimilarSupplierNameIsRefused","Elapsed":0.14}
{"Time":"2026-09-22T08:10:06.639947731+09:00","Action":"run","Package":"github.com/hkjang/Vendra/internal/httpapi","Test":"TestFirstSupplierInAnEmptyRegisterIsAccepted"}
{"Time":"2026-09-22T08:10:06.640343684+09:00","Action":"output","Package":"github.com/hkjang/Vendra/internal/httpapi","Test":"TestFirstSupplierInAnEmptyRegisterIsAccepted","Output":"=== RUN   TestFirstSupplierInAnEmptyRegisterIsAccepted\n"}
{"Time":"2026-09-22T08:10:06.751707209+09:00","Action":"output","Package":"github.com/hkjang/Vendra/internal/httpapi","Test":"TestFirstSupplierInAnEmptyRegisterIsAccepted","Output":"    similarname_test.go:97: the register already holds suppliers\n"}
{"Time":"2026-09-22T08:10:06.75233442+09:00","Action":"output","Package":"github.com/hkjang/Vendra/internal/httpapi","Test":"TestFirstSupplierInAnEmptyRegisterIsAccepted","Output":"--- SKIP: TestFirstSupplierInAnEmptyRegisterIsAccepted (0.11s)\n"}
{"Time":"2026-09-22T08:10:06.752811912+09:00","Action":"skip","Package":"github.com/hkjang/Vendra/internal/httpapi","Test":"TestFirstSupplierInAnEmptyRegisterIsAccepted","Elapsed":0.11}
{"Time":"2026-09-22T08:10:06.753246541+09:00","Action":"run","Package":"github.com/hkjang/Vendra/internal/httpapi","Test":"TestEverySourcingStandingIsInTheVocabulary"}
{"Time":"2026-09-22T08:10:06.753619862+09:00","Action":"output","Package":"github.com/hkjang/Vendra/internal/httpapi","Test":"TestEverySourcingStandingIsInTheVocabulary","Output":"=== RUN   TestEverySourcingStandingIsInTheVocabulary\n"}
{"Time":"2026-09-22T08:10:06.755454746+09:00","Action":"output","Package":"github.com/hkjang/Vendra/internal/httpapi","Test":"TestEverySourcingStandingIsInTheVocabulary","Output":"--- PASS: TestEverySourcingStandingIsInTheVocabulary (0.00s)\n"}
{"Time":"2026-09-22T08:10:06.755843912+09:00","Action":"pass","Package":"github.com/hkjang/Vendra/internal/httpapi","Test":"TestEverySourcingStandingIsInTheVocabulary","Elapsed":0}
{"Time":"2026-09-22T08:10:06.756218071+09:00","Action":"run","Package":"github.com/hkjang/Vendra/internal/httpapi","Test":"TestTheStandingsTheAPIWritesAreTheOnesTheScreensName"}
{"Time":"2026-09-22T08:10:06.756582331+09:00","Action":"output","Package":"github.com/hkjang/Vendra/internal/httpapi","Test":"TestTheStandingsTheAPIWritesAreTheOnesTheScreensName","Output":"=== RUN   TestTheStandingsTheAPIWritesAreTheOnesTheScreensName\n"}
{"Time":"2026-09-22T08:10:06.757161912+09:00","Action":"output","Package":"github.com/hkjang/Vendra/internal/httpapi","Test":"TestTheStandingsTheAPIWritesAreTheOnesTheScreensName","Output":"--- PASS: TestTheStandingsTheAPIWritesAreTheOnesTheScreensName (0.00s)\n"}
{"Time":"2026-09-22T08:10:06.757595187+09:00","Action":"pass","Package":"github.com/hkjang/Vendra/internal/httpapi","Test":"TestTheStandingsTheAPIWritesAreTheOnesTheScreensName","Elapsed":0}
{"Time":"2026-09-22T08:10:06.757949102+09:00","Action":"run","Package":"github.com/hkjang/Vendra/internal/httpapi","Test":"TestAnAwardedBidderCannotWriteOverTheDecision"}
{"Time":"2026-09-22T08:10:06.758324324+09:00","Action":"output","Package":"github.com/hkjang/Vendra/internal/httpapi","Test":"TestAnAwardedBidderCannotWriteOverTheDecision","Output":"=== RUN   TestAnAwardedBidderCannotWriteOverTheDecision\n"}
{"Time":"2026-09-22T08:10:06.951900046+09:00","Action":"output","Package":"github.com/hkjang/Vendra/internal/httpapi","Test":"TestAnAwardedBidderCannotWriteOverTheDecision","Output":"--- PASS: TestAnAwardedBidderCannotWriteOverTheDecision (0.20s)\n"}
{"Time":"2026-09-22T08:10:06.952484263+09:00","Action":"pass","Package":"github.com/hkjang/Vendra/internal/httpapi","Test":"TestAnAwardedBidderCannotWriteOverTheDecision","Elapsed":0.2}
{"Time":"2026-09-22T08:10:06.952912048+09:00","Action":"run","Package":"github.com/hkjang/Vendra/internal/httpapi","Test":"TestServeSPACachesChunksImmutablyAndEntryNever"}
{"Time":"2026-09-22T08:10:06.953282537+09:00","Action":"output","Package":"github.com/hkjang/Vendra/internal/httpapi","Test":"TestServeSPACachesChunksImmutablyAndEntryNever","Output":"=== RUN   TestServeSPACachesChunksImmutablyAndEntryNever\n"}
{"Time":"2026-09-22T08:10:06.955301251+09:00","Action":"output","Package":"github.com/hkjang/Vendra/internal/httpapi","Test":"TestServeSPACachesChunksImmutablyAndEntryNever","Output":"--- PASS: TestServeSPACachesChunksImmutablyAndEntryNever (0.00s)\n"}
{"Time":"2026-09-22T08:10:06.955702781+09:00","Action":"pass","Package":"github.com/hkjang/Vendra/internal/httpapi","Test":"TestServeSPACachesChunksImmutablyAndEntryNever","Elapsed":0}
{"Time":"2026-09-22T08:10:06.95610218+09:00","Action":"run","Package":"github.com/hkjang/Vendra/internal/httpapi","Test":"TestServeSPAFallsBackToTheEntryDocument"}
{"Time":"2026-09-22T08:10:06.956516327+09:00","Action":"output","Package":"github.com/hkjang/Vendra/internal/httpapi","Test":"TestServeSPAFallsBackToTheEntryDocument","Output":"=== RUN   TestServeSPAFallsBackToTheEntryDocument\n"}
{"Time":"2026-09-22T08:10:06.956968657+09:00","Action":"output","Package":"github.com/hkjang/Vendra/internal/httpapi","Test":"TestServeSPAFallsBackToTheEntryDocument","Output":"--- PASS: TestServeSPAFallsBackToTheEntryDocument (0.00s)\n"}
{"Time":"2026-09-22T08:10:06.957340904+09:00","Action":"pass","Package":"github.com/hkjang/Vendra/internal/httpapi","Test":"TestServeSPAFallsBackToTheEntryDocument","Elapsed":0}
{"Time":"2026-09-22T08:10:06.957742822+09:00","Action":"run","Package":"github.com/hkjang/Vendra/internal/httpapi","Test":"TestServeSPARejectsPathTraversal"}
{"Time":"2026-09-22T08:10:06.958094166+09:00","Action":"output","Package":"github.com/hkjang/Vendra/internal/httpapi","Test":"TestServeSPARejectsPathTraversal","Output":"=== RUN   TestServeSPARejectsPathTraversal\n"}
{"Time":"2026-09-22T08:10:06.958495133+09:00","Action":"output","Package":"github.com/hkjang/Vendra/internal/httpapi","Test":"TestServeSPARejectsPathTraversal","Output":"--- PASS: TestServeSPARejectsPathTraversal (0.00s)\n"}
{"Time":"2026-09-22T08:10:06.958945296+09:00","Action":"pass","Package":"github.com/hkjang/Vendra/internal/httpapi","Test":"TestServeSPARejectsPathTraversal","Elapsed":0}
{"Time":"2026-09-22T08:10:06.959335413+09:00","Action":"run","Package":"github.com/hkjang/Vendra/internal/httpapi","Test":"TestAuditPayloadNeverCarriesTheBankAccount"}
{"Time":"2026-09-22T08:10:06.959712796+09:00","Action":"output","Package":"github.com/hkjang/Vendra/internal/httpapi","Test":"TestAuditPayloadNeverCarriesTheBankAccount","Output":"=== RUN   TestAuditPayloadNeverCarriesTheBankAccount\n"}
{"Time":"2026-09-22T08:10:06.960081527+09:00","Action":"output","Package":"github.com/hkjang/Vendra/internal/httpapi","Test":"TestAuditPayloadNeverCarriesTheBankAccount","Output":"--- PASS: TestAuditPayloadNeverCarriesTheBankAccount (0.00s)\n"}
{"Time":"2026-09-22T08:10:06.960460444+09:00","Action":"pass","Package":"github.com/hkjang/Vendra/internal/httpapi","Test":"TestAuditPayloadNeverCarriesTheBankAccount","Elapsed":0}
{"Time":"2026-09-22T08:10:06.960921717+09:00","Action":"run","Package":"github.com/hkjang/Vendra/internal/httpapi","Test":"TestAuditPayloadDistinguishesAnEmptyAccountFromAChange"}
{"Time":"2026-09-22T08:10:06.96129236+09:00","Action":"output","Package":"github.com/hkjang/Vendra/internal/httpapi","Test":"TestAuditPayloadDistinguishesAnEmptyAccountFromAChange","Output":"=== RUN   TestAuditPayloadDistinguishesAnEmptyAccountFromAChange\n"}
{"Time":"2026-09-22T08:10:06.96166499+09:00","Action":"output","Package":"github.com/hkjang/Vendra/internal/httpapi","Test":"TestAuditPayloadDistinguishesAnEmptyAccountFromAChange","Output":"--- PASS: TestAuditPayloadDistinguishesAnEmptyAccountFromAChange (0.00s)\n"}
{"Time":"2026-09-22T08:10:06.962038145+09:00","Action":"pass","Package":"github.com/hkjang/Vendra/internal/httpapi","Test":"TestAuditPayloadDistinguishesAnEmptyAccountFromAChange","Elapsed":0}
{"Time":"2026-09-22T08:10:06.962411216+09:00","Action":"run","Package":"github.com/hkjang/Vendra/internal/httpapi","Test":"TestEverySupplierColumnTheRegisterWritesCanBeCorrected"}
{"Time":"2026-09-22T08:10:06.962787392+09:00","Action":"output","Package":"github.com/hkjang/Vendra/internal/httpapi","Test":"TestEverySupplierColumnTheRegisterWritesCanBeCorrected","Output":"=== RUN   TestEverySupplierColumnTheRegisterWritesCanBeCorrected\n"}
{"Time":"2026-09-22T08:10:06.977937374+09:00","Action":"output","Package":"github.com/hkjang/Vendra/internal/httpapi","Test":"TestEverySupplierColumnTheRegisterWritesCanBeCorrected","Output":"--- PASS: TestEverySupplierColumnTheRegisterWritesCanBeCorrected (0.02s)\n"}
{"Time":"2026-09-22T08:10:06.978347698+09:00","Action":"pass","Package":"github.com/hkjang/Vendra/internal/httpapi","Test":"TestEverySupplierColumnTheRegisterWritesCanBeCorrected","Elapsed":0.02}
{"Time":"2026-09-22T08:10:06.9787403+09:00","Action":"run","Package":"github.com/hkjang/Vendra/internal/httpapi","Test":"TestASupplierRegistrationNumberCanBeCorrected"}
{"Time":"2026-09-22T08:10:06.979127008+09:00","Action":"output","Package":"github.com/hkjang/Vendra/internal/httpapi","Test":"TestASupplierRegistrationNumberCanBeCorrected","Output":"=== RUN   TestASupplierRegistrationNumberCanBeCorrected\n"}
{"Time":"2026-09-22T08:10:07.123962781+09:00","Action":"output","Package":"github.com/hkjang/Vendra/internal/httpapi","Test":"TestASupplierRegistrationNumberCanBeCorrected","Output":"--- PASS: TestASupplierRegistrationNumberCanBeCorrected (0.15s)\n"}
{"Time":"2026-09-22T08:10:07.124622604+09:00","Action":"pass","Package":"github.com/hkjang/Vendra/internal/httpapi","Test":"TestASupplierRegistrationNumberCanBeCorrected","Elapsed":0.15}
{"Time":"2026-09-22T08:10:07.125057393+09:00","Action":"run","Package":"github.com/hkjang/Vendra/internal/httpapi","Test":"TestEverySupplierStatusIsInTheVocabulary"}
{"Time":"2026-09-22T08:10:07.125636617+09:00","Action":"output","Package":"github.com/hkjang/Vendra/internal/httpapi","Test":"TestEverySupplierStatusIsInTheVocabulary","Output":"=== RUN   TestEverySupplierStatusIsInTheVocabulary\n"}
{"Time":"2026-09-22T08:10:07.14250802+09:00","Action":"output","Package":"github.com/hkjang/Vendra/internal/httpapi","Test":"TestEverySupplierStatusIsInTheVocabulary","Output":"--- PASS: TestEverySupplierStatusIsInTheVocabulary (0.02s)\n"}
{"Time":"2026-09-22T08:10:07.143029462+09:00","Action":"pass","Package":"github.com/hkjang/Vendra/internal/httpapi","Test":"TestEverySupplierStatusIsInTheVocabulary","Elapsed":0.02}
{"Time":"2026-09-22T08:10:07.143499062+09:00","Action":"run","Package":"github.com/hkjang/Vendra/internal/httpapi","Test":"TestEverySupplierStatusInTheSQLIsInTheVocabulary"}
{"Time":"2026-09-22T08:10:07.143888934+09:00","Action":"output","Package":"github.com/hkjang/Vendra/internal/httpapi","Test":"TestEverySupplierStatusInTheSQLIsInTheVocabulary","Output":"=== RUN   TestEverySupplierStatusInTheSQLIsInTheVocabulary\n"}
{"Time":"2026-09-22T08:10:07.149035912+09:00","Action":"output","Package":"github.com/hkjang/Vendra/internal/httpapi","Test":"TestEverySupplierStatusInTheSQLIsInTheVocabulary","Output":"--- PASS: TestEverySupplierStatusInTheSQLIsInTheVocabulary (0.01s)\n"}
{"Time":"2026-09-22T08:10:07.149450671+09:00","Action":"pass","Package":"github.com/hkjang/Vendra/internal/httpapi","Test":"TestEverySupplierStatusInTheSQLIsInTheVocabulary","Elapsed":0.01}
{"Time":"2026-09-22T08:10:07.1498351+09:00","Action":"run","Package":"github.com/hkjang/Vendra/internal/httpapi","Test":"TestTheStatusListTheFormOffersIsTheOneTheAPIAccepts"}
{"Time":"2026-09-22T08:10:07.150230049+09:00","Action":"output","Package":"github.com/hkjang/Vendra/internal/httpapi","Test":"TestTheStatusListTheFormOffersIsTheOneTheAPIAccepts","Output":"=== RUN   TestTheStatusListTheFormOffersIsTheOneTheAPIAccepts\n"}
{"Time":"2026-09-22T08:10:07.150636109+09:00","Action":"output","Package":"github.com/hkjang/Vendra/internal/httpapi","Test":"TestTheStatusListTheFormOffersIsTheOneTheAPIAccepts","Output":"--- PASS: TestTheStatusListTheFormOffersIsTheOneTheAPIAccepts (0.00s)\n"}
{"Time":"2026-09-22T08:10:07.151045036+09:00","Action":"pass","Package":"github.com/hkjang/Vendra/internal/httpapi","Test":"TestTheStatusListTheFormOffersIsTheOneTheAPIAccepts","Elapsed":0}
{"Time":"2026-09-22T08:10:07.151423506+09:00","Action":"run","Package":"github.com/hkjang/Vendra/internal/httpapi","Test":"TestARejectedStatusNamesTheBoxAndTheChoices"}
{"Time":"2026-09-22T08:10:07.151772048+09:00","Action":"output","Package":"github.com/hkjang/Vendra/internal/httpapi","Test":"TestARejectedStatusNamesTheBoxAndTheChoices","Output":"=== RUN   TestARejectedStatusNamesTheBoxAndTheChoices\n"}
{"Time":"2026-09-22T08:10:07.1521449+09:00","Action":"output","Package":"github.com/hkjang/Vendra/internal/httpapi","Test":"TestARejectedStatusNamesTheBoxAndTheChoices","Output":"--- PASS: TestARejectedStatusNamesTheBoxAndTheChoices (0.00s)\n"}
{"Time":"2026-09-22T08:10:07.152450474+09:00","Action":"pass","Package":"github.com/hkjang/Vendra/internal/httpapi","Test":"TestARejectedStatusNamesTheBoxAndTheChoices","Elapsed":0}
{"Time":"2026-09-22T08:10:07.152788393+09:00","Action":"run","Package":"github.com/hkjang/Vendra/internal/httpapi","Test":"TestEverySupplierStatusOnAWriteIsInTheVocabulary"}
{"Time":"2026-09-22T08:10:07.153190693+09:00","Action":"output","Package":"github.com/hkjang/Vendra/internal/httpapi","Test":"TestEverySupplierStatusOnAWriteIsInTheVocabulary","Output":"=== RUN   TestEverySupplierStatusOnAWriteIsInTheVocabulary\n"}
{"Time":"2026-09-22T08:10:07.320814694+09:00","Action":"output","Package":"github.com/hkjang/Vendra/internal/httpapi","Test":"TestEverySupplierStatusOnAWriteIsInTheVocabulary","Output":"--- PASS: TestEverySupplierStatusOnAWriteIsInTheVocabulary (0.17s)\n"}
{"Time":"2026-09-22T08:10:07.321634534+09:00","Action":"pass","Package":"github.com/hkjang/Vendra/internal/httpapi","Test":"TestEverySupplierStatusOnAWriteIsInTheVocabulary","Elapsed":0.17}
{"Time":"2026-09-22T08:10:07.322174317+09:00","Action":"run","Package":"github.com/hkjang/Vendra/internal/httpapi","Test":"TestEveryRequestLabelIsBounded"}
{"Time":"2026-09-22T08:10:07.322710729+09:00","Action":"output","Package":"github.com/hkjang/Vendra/internal/httpapi","Test":"TestEveryRequestLabelIsBounded","Output":"=== RUN   TestEveryRequestLabelIsBounded\n"}
{"Time":"2026-09-22T08:10:07.335807983+09:00","Action":"output","Package":"github.com/hkjang/Vendra/internal/httpapi","Test":"TestEveryRequestLabelIsBounded","Output":"--- PASS: TestEveryRequestLabelIsBounded (0.01s)\n"}
{"Time":"2026-09-22T08:10:07.336377857+09:00","Action":"pass","Package":"github.com/hkjang/Vendra/internal/httpapi","Test":"TestEveryRequestLabelIsBounded","Elapsed":0.01}
{"Time":"2026-09-22T08:10:07.336803634+09:00","Action":"run","Package":"github.com/hkjang/Vendra/internal/httpapi","Test":"TestAFreshInstallationServesThePolicyItAlwaysDid"}
{"Time":"2026-09-22T08:10:07.337196687+09:00","Action":"output","Package":"github.com/hkjang/Vendra/internal/httpapi","Test":"TestAFreshInstallationServesThePolicyItAlwaysDid","Output":"=== RUN   TestAFreshInstallationServesThePolicyItAlwaysDid\n"}
{"Time":"2026-09-22T08:10:07.338725404+09:00","Action":"output","Package":"github.com/hkjang/Vendra/internal/httpapi","Test":"TestAFreshInstallationServesThePolicyItAlwaysDid","Output":"--- PASS: TestAFreshInstallationServesThePolicyItAlwaysDid (0.00s)\n"}
{"Time":"2026-09-22T08:10:07.339115473+09:00","Action":"pass","Package":"github.com/hkjang/Vendra/internal/httpapi","Test":"TestAFreshInstallationServesThePolicyItAlwaysDid","Elapsed":0}
{"Time":"2026-09-22T08:10:07.339469983+09:00","Action":"run","Package":"github.com/hkjang/Vendra/internal/httpapi","Test":"TestTheSnippetAndThePolicyShareOneNonce"}
{"Time":"2026-09-22T08:10:07.33986079+09:00","Action":"output","Package":"github.com/hkjang/Vendra/internal/httpapi","Test":"TestTheSnippetAndThePolicyShareOneNonce","Output":"=== RUN   TestTheSnippetAndThePolicyShareOneNonce\n"}
{"Time":"2026-09-22T08:10:07.340242108+09:00","Action":"output","Package":"github.com/hkjang/Vendra/internal/httpapi","Test":"TestTheSnippetAndThePolicyShareOneNonce","Output":"--- PASS: TestTheSnippetAndThePolicyShareOneNonce (0.00s)\n"}
{"Time":"2026-09-22T08:10:07.340643488+09:00","Action":"pass","Package":"github.com/hkjang/Vendra/internal/httpapi","Test":"TestTheSnippetAndThePolicyShareOneNonce","Elapsed":0}
{"Time":"2026-09-22T08:10:07.341012794+09:00","Action":"run","Package":"github.com/hkjang/Vendra/internal/httpapi","Test":"TestBrowserReportsAreRecordedAndNeverAnsweredWithAnError"}
{"Time":"2026-09-22T08:10:07.341377006+09:00","Action":"output","Package":"github.com/hkjang/Vendra/internal/httpapi","Test":"TestBrowserReportsAreRecordedAndNeverAnsweredWithAnError","Output":"=== RUN   TestBrowserReportsAreRecordedAndNeverAnsweredWithAnError\n"}
{"Time":"2026-09-22T08:10:07.341727304+09:00","Action":"output","Package":"github.com/hkjang/Vendra/internal/httpapi","Test":"TestBrowserReportsAreRecordedAndNeverAnsweredWithAnError","Output":"--- PASS: TestBrowserReportsAreRecordedAndNeverAnsweredWithAnError (0.00s)\n"}
{"Time":"2026-09-22T08:10:07.342074507+09:00","Action":"pass","Package":"github.com/hkjang/Vendra/internal/httpapi","Test":"TestBrowserReportsAreRecordedAndNeverAnsweredWithAnError","Elapsed":0}
{"Time":"2026-09-22T08:10:07.342422591+09:00","Action":"run","Package":"github.com/hkjang/Vendra/internal/httpapi","Test":"TestTheCollectorProxyCarriesNoSessionAcross"}
{"Time":"2026-09-22T08:10:07.34280231+09:00","Action":"output","Package":"github.com/hkjang/Vendra/internal/httpapi","Test":"TestTheCollectorProxyCarriesNoSessionAcross","Output":"=== RUN   TestTheCollectorProxyCarriesNoSessionAcross\n"}
{"Time":"2026-09-22T08:10:07.34318982+09:00","Action":"output","Package":"github.com/hkjang/Vendra/internal/httpapi","Test":"TestTheCollectorProxyCarriesNoSessionAcross","Output":"--- PASS: TestTheCollectorProxyCarriesNoSessionAcross (0.00s)\n"}
{"Time":"2026-09-22T08:10:07.343553198+09:00","Action":"pass","Package":"github.com/hkjang/Vendra/internal/httpapi","Test":"TestTheCollectorProxyCarriesNoSessionAcross","Elapsed":0}
{"Time":"2026-09-22T08:10:07.343943607+09:00","Action":"run","Package":"github.com/hkjang/Vendra/internal/httpapi","Test":"TestTrackingIsOffUntilAnAdministratorTurnsItOn"}
{"Time":"2026-09-22T08:10:07.344315228+09:00","Action":"output","Package":"github.com/hkjang/Vendra/internal/httpapi","Test":"TestTrackingIsOffUntilAnAdministratorTurnsItOn","Output":"=== RUN   TestTrackingIsOffUntilAnAdministratorTurnsItOn\n"}
{"Time":"2026-09-22T08:10:07.480770879+09:00","Action":"output","Package":"github.com/hkjang/Vendra/internal/httpapi","Test":"TestTrackingIsOffUntilAnAdministratorTurnsItOn","Output":"--- PASS: TestTrackingIsOffUntilAnAdministratorTurnsItOn (0.14s)\n"}
{"Time":"2026-09-22T08:10:07.481518432+09:00","Action":"pass","Package":"github.com/hkjang/Vendra/internal/httpapi","Test":"TestTrackingIsOffUntilAnAdministratorTurnsItOn","Elapsed":0.14}
{"Time":"2026-09-22T08:10:07.482024961+09:00","Action":"run","Package":"github.com/hkjang/Vendra/internal/httpapi","Test":"TestTruncateReportsAndTrims"}
{"Time":"2026-09-22T08:10:07.482456102+09:00","Action":"output","Package":"github.com/hkjang/Vendra/internal/httpapi","Test":"TestTruncateReportsAndTrims","Output":"=== RUN   TestTruncateReportsAndTrims\n"}
{"Time":"2026-09-22T08:10:07.482850595+09:00","Action":"output","Package":"github.com/hkjang/Vendra/internal/httpapi","Test":"TestTruncateReportsAndTrims","Output":"--- PASS: TestTruncateReportsAndTrims (0.00s)\n"}
{"Time":"2026-09-22T08:10:07.483237382+09:00","Action":"pass","Package":"github.com/hkjang/Vendra/internal/httpapi","Test":"TestTruncateReportsAndTrims","Elapsed":0}
{"Time":"2026-09-22T08:10:07.483621413+09:00","Action":"run","Package":"github.com/hkjang/Vendra/internal/httpapi","Test":"TestTruncateLeavesACompletePageAlone"}
{"Time":"2026-09-22T08:10:07.484025402+09:00","Action":"output","Package":"github.com/hkjang/Vendra/internal/httpapi","Test":"TestTruncateLeavesACompletePageAlone","Output":"=== RUN   TestTruncateLeavesACompletePageAlone\n"}
{"Time":"2026-09-22T08:10:07.484406008+09:00","Action":"output","Package":"github.com/hkjang/Vendra/internal/httpapi","Test":"TestTruncateLeavesACompletePageAlone","Output":"--- PASS: TestTruncateLeavesACompletePageAlone (0.00s)\n"}
{"Time":"2026-09-22T08:10:07.484777819+09:00","Action":"pass","Package":"github.com/hkjang/Vendra/internal/httpapi","Test":"TestTruncateLeavesACompletePageAlone","Elapsed":0}
{"Time":"2026-09-22T08:10:07.485121878+09:00","Action":"run","Package":"github.com/hkjang/Vendra/internal/httpapi","Test":"TestParseUploadNamesTheActualFailure"}
{"Time":"2026-09-22T08:10:07.485478491+09:00","Action":"output","Package":"github.com/hkjang/Vendra/internal/httpapi","Test":"TestParseUploadNamesTheActualFailure","Output":"=== RUN   TestParseUploadNamesTheActualFailure\n"}
{"Time":"2026-09-22T08:10:07.485862782+09:00","Action":"run","Package":"github.com/hkjang/Vendra/internal/httpapi","Test":"TestParseUploadNamesTheActualFailure/a_file_within_the_limit"}
{"Time":"2026-09-22T08:10:07.486219522+09:00","Action":"output","Package":"github.com/hkjang/Vendra/internal/httpapi","Test":"TestParseUploadNamesTheActualFailure/a_file_within_the_limit","Output":"=== RUN   TestParseUploadNamesTheActualFailure/a_file_within_the_limit\n"}
{"Time":"2026-09-22T08:10:07.486574404+09:00","Action":"output","Package":"github.com/hkjang/Vendra/internal/httpapi","Test":"TestParseUploadNamesTheActualFailure/a_file_within_the_limit","Output":"--- PASS: TestParseUploadNamesTheActualFailure/a_file_within_the_limit (0.00s)\n"}
{"Time":"2026-09-22T08:10:07.486942414+09:00","Action":"pass","Package":"github.com/hkjang/Vendra/internal/httpapi","Test":"TestParseUploadNamesTheActualFailure/a_file_within_the_limit","Elapsed":0}
{"Time":"2026-09-22T08:10:07.487308219+09:00","Action":"run","Package":"github.com/hkjang/Vendra/internal/httpapi","Test":"TestParseUploadNamesTheActualFailure/a_body_that_ended_mid-stream"}
{"Time":"2026-09-22T08:10:07.487675841+09:00","Action":"output","Package":"github.com/hkjang/Vendra/internal/httpapi","Test":"TestParseUploadNamesTheActualFailure/a_body_that_ended_mid-stream","Output":"=== RUN   TestParseUploadNamesTheActualFailure/a_body_that_ended_mid-stream\n"}
{"Time":"2026-09-22T08:10:07.488035852+09:00","Action":"output","Package":"github.com/hkjang/Vendra/internal/httpapi","Test":"TestParseUploadNamesTheActualFailure/a_body_that_ended_mid-stream","Output":"--- PASS: TestParseUploadNamesTheActualFailure/a_body_that_ended_mid-stream (0.00s)\n"}
{"Time":"2026-09-22T08:10:07.488400229+09:00","Action":"pass","Package":"github.com/hkjang/Vendra/internal/httpapi","Test":"TestParseUploadNamesTheActualFailure/a_body_that_ended_mid-stream","Elapsed":0}
{"Time":"2026-09-22T08:10:07.488748297+09:00","Action":"run","Package":"github.com/hkjang/Vendra/internal/httpapi","Test":"TestParseUploadNamesTheActualFailure/a_filename_the_parser_refuses"}
{"Time":"2026-09-22T08:10:07.489095431+09:00","Action":"output","Package":"github.com/hkjang/Vendra/internal/httpapi","Test":"TestParseUploadNamesTheActualFailure/a_filename_the_parser_refuses","Output":"=== RUN   TestParseUploadNamesTheActualFailure/a_filename_the_parser_refuses\n"}
{"Time":"2026-09-22T08:10:07.489445979+09:00","Action":"output","Package":"github.com/hkjang/Vendra/internal/httpapi","Test":"TestParseUploadNamesTheActualFailure/a_filename_the_parser_refuses","Output":"--- PASS: TestParseUploadNamesTheActualFailure/a_filename_the_parser_refuses (0.00s)\n"}
{"Time":"2026-09-22T08:10:07.489779364+09:00","Action":"pass","Package":"github.com/hkjang/Vendra/internal/httpapi","Test":"TestParseUploadNamesTheActualFailure/a_filename_the_parser_refuses","Elapsed":0}
{"Time":"2026-09-22T08:10:07.490135297+09:00","Action":"run","Package":"github.com/hkjang/Vendra/internal/httpapi","Test":"TestParseUploadNamesTheActualFailure/a_file_over_the_limit"}
{"Time":"2026-09-22T08:10:07.490496021+09:00","Action":"output","Package":"github.com/hkjang/Vendra/internal/httpapi","Test":"TestParseUploadNamesTheActualFailure/a_file_over_the_limit","Output":"=== RUN   TestParseUploadNamesTheActualFailure/a_file_over_the_limit\n"}
{"Time":"2026-09-22T08:10:07.538261333+09:00","Action":"output","Package":"github.com/hkjang/Vendra/internal/httpapi","Test":"TestParseUploadNamesTheActualFailure/a_file_over_the_limit","Output":"--- PASS: TestParseUploadNamesTheActualFailure/a_file_over_the_limit (0.06s)\n"}
{"Time":"2026-09-22T08:10:07.538913694+09:00","Action":"pass","Package":"github.com/hkjang/Vendra/internal/httpapi","Test":"TestParseUploadNamesTheActualFailure/a_file_over_the_limit","Elapsed":0.06}
{"Time":"2026-09-22T08:10:07.539365562+09:00","Action":"output","Package":"github.com/hkjang/Vendra/internal/httpapi","Test":"TestParseUploadNamesTheActualFailure","Output":"--- PASS: TestParseUploadNamesTheActualFailure (0.06s)\n"}
{"Time":"2026-09-22T08:10:07.539777293+09:00","Action":"pass","Package":"github.com/hkjang/Vendra/internal/httpapi","Test":"TestParseUploadNamesTheActualFailure","Elapsed":0.06}
{"Time":"2026-09-22T08:10:07.540153512+09:00","Action":"run","Package":"github.com/hkjang/Vendra/internal/httpapi","Test":"TestEveryRequestRecordIDIsChecked"}
{"Time":"2026-09-22T08:10:07.540531707+09:00","Action":"output","Package":"github.com/hkjang/Vendra/internal/httpapi","Test":"TestEveryRequestRecordIDIsChecked","Output":"=== RUN   TestEveryRequestRecordIDIsChecked\n"}
{"Time":"2026-09-22T08:10:07.551528115+09:00","Action":"output","Package":"github.com/hkjang/Vendra/internal/httpapi","Test":"TestEveryRequestRecordIDIsChecked","Output":"--- PASS: TestEveryRequestRecordIDIsChecked (0.01s)\n"}
{"Time":"2026-09-22T08:10:07.551925051+09:00","Action":"pass","Package":"github.com/hkjang/Vendra/internal/httpapi","Test":"TestEveryRequestRecordIDIsChecked","Elapsed":0.01}
{"Time":"2026-09-22T08:10:07.552316729+09:00","Action":"run","Package":"github.com/hkjang/Vendra/internal/httpapi","Test":"TestARejectedRecordIDNamesTheBox"}
{"Time":"2026-09-22T08:10:07.55272401+09:00","Action":"output","Package":"github.com/hkjang/Vendra/internal/httpapi","Test":"TestARejectedRecordIDNamesTheBox","Output":"=== RUN   TestARejectedRecordIDNamesTheBox\n"}
{"Time":"2026-09-22T08:10:07.553112183+09:00","Action":"output","Package":"github.com/hkjang/Vendra/internal/httpapi","Test":"TestARejectedRecordIDNamesTheBox","Output":"--- PASS: TestARejectedRecordIDNamesTheBox (0.00s)\n"}
{"Time":"2026-09-22T08:10:07.553484648+09:00","Action":"pass","Package":"github.com/hkjang/Vendra/internal/httpapi","Test":"TestARejectedRecordIDNamesTheBox","Elapsed":0}
{"Time":"2026-09-22T08:10:07.55390479+09:00","Action":"run","Package":"github.com/hkjang/Vendra/internal/httpapi","Test":"TestWorkInboxUsesSubmissionSnapshot"}
{"Time":"2026-09-22T08:10:07.554276416+09:00","Action":"output","Package":"github.com/hkjang/Vendra/internal/httpapi","Test":"TestWorkInboxUsesSubmissionSnapshot","Output":"=== RUN   TestWorkInboxUsesSubmissionSnapshot\n"}
{"Time":"2026-09-22T08:10:07.554673325+09:00","Action":"run","Package":"github.com/hkjang/Vendra/internal/httpapi","Test":"TestWorkInboxUsesSubmissionSnapshot/removed_step"}
{"Time":"2026-09-22T08:10:07.555047701+09:00","Action":"output","Package":"github.com/hkjang/Vendra/internal/httpapi","Test":"TestWorkInboxUsesSubmissionSnapshot/removed_step","Output":"=== RUN   TestWorkInboxUsesSubmissionSnapshot/removed_step\n"}
{"Time":"2026-09-22T08:10:07.913536585+09:00","Action":"output","Package":"github.com/hkjang/Vendra/internal/httpapi","Test":"TestWorkInboxUsesSubmissionSnapshot/removed_step","Output":"--- PASS: TestWorkInboxUsesSubmissionSnapshot/removed_step (0.36s)\n"}
{"Time":"2026-09-22T08:10:07.914155114+09:00","Action":"pass","Package":"github.com/hkjang/Vendra/internal/httpapi","Test":"TestWorkInboxUsesSubmissionSnapshot/removed_step","Elapsed":0.36}
{"Time":"2026-09-22T08:10:07.914748571+09:00","Action":"run","Package":"github.com/hkjang/Vendra/internal/httpapi","Test":"TestWorkInboxUsesSubmissionSnapshot/changed_role"}
{"Time":"2026-09-22T08:10:07.915132082+09:00","Action":"output","Package":"github.com/hkjang/Vendra/internal/httpapi","Test":"TestWorkInboxUsesSubmissionSnapshot/changed_role","Output":"=== RUN   TestWorkInboxUsesSubmissionSnapshot/changed_role\n"}
{"Time":"2026-09-22T08:10:08.269824645+09:00","Action":"output","Package":"github.com/hkjang/Vendra/internal/httpapi","Test":"TestWorkInboxUsesSubmissionSnapshot/changed_role","Output":"--- PASS: TestWorkInboxUsesSubmissionSnapshot/changed_role (0.36s)\n"}
{"Time":"2026-09-22T08:10:08.270513129+09:00","Action":"pass","Package":"github.com/hkjang/Vendra/internal/httpapi","Test":"TestWorkInboxUsesSubmissionSnapshot/changed_role","Elapsed":0.36}
{"Time":"2026-09-22T08:10:08.271012797+09:00","Action":"run","Package":"github.com/hkjang/Vendra/internal/httpapi","Test":"TestWorkInboxUsesSubmissionSnapshot/legacy_fallback"}
{"Time":"2026-09-22T08:10:08.271426806+09:00","Action":"output","Package":"github.com/hkjang/Vendra/internal/httpapi","Test":"TestWorkInboxUsesSubmissionSnapshot/legacy_fallback","Output":"=== RUN   TestWorkInboxUsesSubmissionSnapshot/legacy_fallback\n"}
{"Time":"2026-09-22T08:10:08.63147743+09:00","Action":"output","Package":"github.com/hkjang/Vendra/internal/httpapi","Test":"TestWorkInboxUsesSubmissionSnapshot/legacy_fallback","Output":"--- PASS: TestWorkInboxUsesSubmissionSnapshot/legacy_fallback (0.36s)\n"}
{"Time":"2026-09-22T08:10:08.631980991+09:00","Action":"pass","Package":"github.com/hkjang/Vendra/internal/httpapi","Test":"TestWorkInboxUsesSubmissionSnapshot/legacy_fallback","Elapsed":0.36}
{"Time":"2026-09-22T08:10:08.632405679+09:00","Action":"output","Package":"github.com/hkjang/Vendra/internal/httpapi","Test":"TestWorkInboxUsesSubmissionSnapshot","Output":"--- PASS: TestWorkInboxUsesSubmissionSnapshot (1.08s)\n"}
{"Time":"2026-09-22T08:10:08.63278851+09:00","Action":"pass","Package":"github.com/hkjang/Vendra/internal/httpapi","Test":"TestWorkInboxUsesSubmissionSnapshot","Elapsed":1.08}
{"Time":"2026-09-22T08:10:08.633216231+09:00","Action":"run","Package":"github.com/hkjang/Vendra/internal/httpapi","Test":"TestInstanceStepsPrefersTheSubmissionSnapshot"}
{"Time":"2026-09-22T08:10:08.633612758+09:00","Action":"output","Package":"github.com/hkjang/Vendra/internal/httpapi","Test":"TestInstanceStepsPrefersTheSubmissionSnapshot","Output":"=== RUN   TestInstanceStepsPrefersTheSubmissionSnapshot\n"}
{"Time":"2026-09-22T08:10:08.634062124+09:00","Action":"output","Package":"github.com/hkjang/Vendra/internal/httpapi","Test":"TestInstanceStepsPrefersTheSubmissionSnapshot","Output":"--- PASS: TestInstanceStepsPrefersTheSubmissionSnapshot (0.00s)\n"}
{"Time":"2026-09-22T08:10:08.63450404+09:00","Action":"pass","Package":"github.com/hkjang/Vendra/internal/httpapi","Test":"TestInstanceStepsPrefersTheSubmissionSnapshot","Elapsed":0}
{"Time":"2026-09-22T08:10:08.634910041+09:00","Action":"run","Package":"github.com/hkjang/Vendra/internal/httpapi","Test":"TestInstanceStepsFallsBackToTheDefinition"}
{"Time":"2026-09-22T08:10:08.635265029+09:00","Action":"output","Package":"github.com/hkjang/Vendra/internal/httpapi","Test":"TestInstanceStepsFallsBackToTheDefinition","Output":"=== RUN   TestInstanceStepsFallsBackToTheDefinition\n"}
{"Time":"2026-09-22T08:10:08.635621684+09:00","Action":"output","Package":"github.com/hkjang/Vendra/internal/httpapi","Test":"TestInstanceStepsFallsBackToTheDefinition","Output":"--- PASS: TestInstanceStepsFallsBackToTheDefinition (0.00s)\n"}
{"Time":"2026-09-22T08:10:08.635986757+09:00","Action":"pass","Package":"github.com/hkjang/Vendra/internal/httpapi","Test":"TestInstanceStepsFallsBackToTheDefinition","Elapsed":0}
{"Time":"2026-09-22T08:10:08.636337225+09:00","Action":"run","Package":"github.com/hkjang/Vendra/internal/httpapi","Test":"TestInstanceStepsKeepsStepOrderAndRoles"}
{"Time":"2026-09-22T08:10:08.636716036+09:00","Action":"output","Package":"github.com/hkjang/Vendra/internal/httpapi","Test":"TestInstanceStepsKeepsStepOrderAndRoles","Output":"=== RUN   TestInstanceStepsKeepsStepOrderAndRoles\n"}
{"Time":"2026-09-22T08:10:08.637080046+09:00","Action":"output","Package":"github.com/hkjang/Vendra/internal/httpapi","Test":"TestInstanceStepsKeepsStepOrderAndRoles","Output":"--- PASS: TestInstanceStepsKeepsStepOrderAndRoles (0.00s)\n"}
{"Time":"2026-09-22T08:10:08.63742026+09:00","Action":"pass","Package":"github.com/hkjang/Vendra/internal/httpapi","Test":"TestInstanceStepsKeepsStepOrderAndRoles","Elapsed":0}
{"Time":"2026-09-22T08:10:08.637766178+09:00","Action":"run","Package":"github.com/hkjang/Vendra/internal/httpapi","Test":"TestEveryStatementThatWritesApprovalStepsChecksThem"}
{"Time":"2026-09-22T08:10:08.638114921+09:00","Action":"output","Package":"github.com/hkjang/Vendra/internal/httpapi","Test":"TestEveryStatementThatWritesApprovalStepsChecksThem","Output":"=== RUN   TestEveryStatementThatWritesApprovalStepsChecksThem\n"}
{"Time":"2026-09-22T08:10:08.643913969+09:00","Action":"output","Package":"github.com/hkjang/Vendra/internal/httpapi","Test":"TestEveryStatementThatWritesApprovalStepsChecksThem","Output":"--- PASS: TestEveryStatementThatWritesApprovalStepsChecksThem (0.01s)\n"}
{"Time":"2026-09-22T08:10:08.644286625+09:00","Action":"pass","Package":"github.com/hkjang/Vendra/internal/httpapi","Test":"TestEveryStatementThatWritesApprovalStepsChecksThem","Elapsed":0.01}
{"Time":"2026-09-22T08:10:08.644746406+09:00","Action":"run","Package":"github.com/hkjang/Vendra/internal/httpapi","Test":"TestAnApprovalRuleWithNoStepsIsRefused"}
{"Time":"2026-09-22T08:10:08.645106125+09:00","Action":"output","Package":"github.com/hkjang/Vendra/internal/httpapi","Test":"TestAnApprovalRuleWithNoStepsIsRefused","Output":"=== RUN   TestAnApprovalRuleWithNoStepsIsRefused\n"}
{"Time":"2026-09-22T08:10:08.645481782+09:00","Action":"output","Package":"github.com/hkjang/Vendra/internal/httpapi","Test":"TestAnApprovalRuleWithNoStepsIsRefused","Output":"--- PASS: TestAnApprovalRuleWithNoStepsIsRefused (0.00s)\n"}
{"Time":"2026-09-22T08:10:08.645841836+09:00","Action":"pass","Package":"github.com/hkjang/Vendra/internal/httpapi","Test":"TestAnApprovalRuleWithNoStepsIsRefused","Elapsed":0}
{"Time":"2026-09-22T08:10:08.646228857+09:00","Action":"run","Package":"github.com/hkjang/Vendra/internal/httpapi","Test":"TestAnApprovalRuleCanBeCorrectedWhereItWasWritten"}
{"Time":"2026-09-22T08:10:08.646609352+09:00","Action":"output","Package":"github.com/hkjang/Vendra/internal/httpapi","Test":"TestAnApprovalRuleCanBeCorrectedWhereItWasWritten","Output":"=== RUN   TestAnApprovalRuleCanBeCorrectedWhereItWasWritten\n"}
{"Time":"2026-09-22T08:10:08.806837011+09:00","Action":"output","Package":"github.com/hkjang/Vendra/internal/httpapi","Test":"TestAnApprovalRuleCanBeCorrectedWhereItWasWritten","Output":"--- PASS: TestAnApprovalRuleCanBeCorrectedWhereItWasWritten (0.16s)\n"}
{"Time":"2026-09-22T08:10:08.807385207+09:00","Action":"pass","Package":"github.com/hkjang/Vendra/internal/httpapi","Test":"TestAnApprovalRuleCanBeCorrectedWhereItWasWritten","Elapsed":0.16}
{"Time":"2026-09-22T08:10:08.807930811+09:00","Action":"run","Package":"github.com/hkjang/Vendra/internal/httpapi","Test":"TestEveryWorkflowObjectTypeIsOneTheApplicationSubmits"}
{"Time":"2026-09-22T08:10:08.808485347+09:00","Action":"output","Package":"github.com/hkjang/Vendra/internal/httpapi","Test":"TestEveryWorkflowObjectTypeIsOneTheApplicationSubmits","Output":"=== RUN   TestEveryWorkflowObjectTypeIsOneTheApplicationSubmits\n"}
{"Time":"2026-09-22T08:10:08.809081465+09:00","Action":"output","Package":"github.com/hkjang/Vendra/internal/httpapi","Test":"TestEveryWorkflowObjectTypeIsOneTheApplicationSubmits","Output":"--- PASS: TestEveryWorkflowObjectTypeIsOneTheApplicationSubmits (0.00s)\n"}
{"Time":"2026-09-22T08:10:08.80952413+09:00","Action":"pass","Package":"github.com/hkjang/Vendra/internal/httpapi","Test":"TestEveryWorkflowObjectTypeIsOneTheApplicationSubmits","Elapsed":0}
{"Time":"2026-09-22T08:10:08.810111735+09:00","Action":"run","Package":"github.com/hkjang/Vendra/internal/httpapi","Test":"TestTheWorkflowTypesTheFormOffersAreTheOnesTheAPIAccepts"}
{"Time":"2026-09-22T08:10:08.810520567+09:00","Action":"output","Package":"github.com/hkjang/Vendra/internal/httpapi","Test":"TestTheWorkflowTypesTheFormOffersAreTheOnesTheAPIAccepts","Output":"=== RUN   TestTheWorkflowTypesTheFormOffersAreTheOnesTheAPIAccepts\n"}
{"Time":"2026-09-22T08:10:08.810958022+09:00","Action":"output","Package":"github.com/hkjang/Vendra/internal/httpapi","Test":"TestTheWorkflowTypesTheFormOffersAreTheOnesTheAPIAccepts","Output":"--- PASS: TestTheWorkflowTypesTheFormOffersAreTheOnesTheAPIAccepts (0.00s)\n"}
{"Time":"2026-09-22T08:10:08.811365993+09:00","Action":"pass","Package":"github.com/hkjang/Vendra/internal/httpapi","Test":"TestTheWorkflowTypesTheFormOffersAreTheOnesTheAPIAccepts","Elapsed":0}
{"Time":"2026-09-22T08:10:08.811771096+09:00","Action":"run","Package":"github.com/hkjang/Vendra/internal/httpapi","Test":"TestARejectedWorkflowTypeNamesTheBoxAndTheChoices"}
{"Time":"2026-09-22T08:10:08.812195286+09:00","Action":"output","Package":"github.com/hkjang/Vendra/internal/httpapi","Test":"TestARejectedWorkflowTypeNamesTheBoxAndTheChoices","Output":"=== RUN   TestARejectedWorkflowTypeNamesTheBoxAndTheChoices\n"}
{"Time":"2026-09-22T08:10:08.812603623+09:00","Action":"output","Package":"github.com/hkjang/Vendra/internal/httpapi","Test":"TestARejectedWorkflowTypeNamesTheBoxAndTheChoices","Output":"--- PASS: TestARejectedWorkflowTypeNamesTheBoxAndTheChoices (0.00s)\n"}
{"Time":"2026-09-22T08:10:08.81297844+09:00","Action":"pass","Package":"github.com/hkjang/Vendra/internal/httpapi","Test":"TestARejectedWorkflowTypeNamesTheBoxAndTheChoices","Elapsed":0}
{"Time":"2026-09-22T08:10:08.813375371+09:00","Action":"run","Package":"github.com/hkjang/Vendra/internal/httpapi","Test":"TestAnApprovalRuleReachesTheSubmissionItWasWrittenFor"}
{"Time":"2026-09-22T08:10:08.813779046+09:00","Action":"output","Package":"github.com/hkjang/Vendra/internal/httpapi","Test":"TestAnApprovalRuleReachesTheSubmissionItWasWrittenFor","Output":"=== RUN   TestAnApprovalRuleReachesTheSubmissionItWasWrittenFor\n"}
{"Time":"2026-09-22T08:10:08.952994576+09:00","Action":"output","Package":"github.com/hkjang/Vendra/internal/httpapi","Test":"TestAnApprovalRuleReachesTheSubmissionItWasWrittenFor","Output":"--- PASS: TestAnApprovalRuleReachesTheSubmissionItWasWrittenFor (0.15s)\n"}
{"Time":"2026-09-22T08:10:08.953598384+09:00","Action":"pass","Package":"github.com/hkjang/Vendra/internal/httpapi","Test":"TestAnApprovalRuleReachesTheSubmissionItWasWrittenFor","Elapsed":0.15}
{"Time":"2026-09-22T08:10:08.954029886+09:00","Action":"output","Package":"github.com/hkjang/Vendra/internal/httpapi","Output":"PASS\n"}
{"Time":"2026-09-22T08:10:08.96091335+09:00","Action":"output","Package":"github.com/hkjang/Vendra/internal/httpapi","Output":"ok  \tgithub.com/hkjang/Vendra/internal/httpapi\t27.018s\n"}
{"Time":"2026-09-22T08:10:08.961321725+09:00","Action":"pass","Package":"github.com/hkjang/Vendra/internal/httpapi","Elapsed":27.019}
