
> appstore-web@2.11.3 test:e2e
> playwright test

[WebServer] (node:1063361) Warning: The 'NO_COLOR' env is ignored due to the 'FORCE_COLOR' env being set.
[WebServer] (Use `node --trace-warnings ...` to show where the warning was created)

Running 72 tests using 4 workers

(node:1063400) Warning: The 'NO_COLOR' env is ignored due to the 'FORCE_COLOR' env being set.
(Use `node --trace-warnings ...` to show where the warning was created)
(node:1063401) Warning: The 'NO_COLOR' env is ignored due to the 'FORCE_COLOR' env being set.
(Use `node --trace-warnings ...` to show where the warning was created)
(node:1063411) Warning: The 'NO_COLOR' env is ignored due to the 'FORCE_COLOR' env being set.
(Use `node --trace-warnings ...` to show where the warning was created)
(node:1063403) Warning: The 'NO_COLOR' env is ignored due to the 'FORCE_COLOR' env being set.
(Use `node --trace-warnings ...` to show where the warning was created)
  ✘   2 [desktop] › e2e/core.spec.ts:19:1 › 비로그인 등록 접근은 원래 URL을 보존한 로그인 화면으로 이동한다 (1ms)
  ✘   1 [desktop] › e2e/core.spec.ts:4:1 › 공개 탐색과 URL 검색 상태는 새로고침 후에도 유지된다 (1ms)
  ✘   3 [desktop] › e2e/core.spec.ts:31:1 › 일반 사용자는 관리자 화면에서 403 상태를 본다 (1ms)
  ✘   4 [desktop] › e2e/core.spec.ts:42:1 › 관리자 사용자 목록은 가상화되고 route refresh를 견딘다 (1ms)
(node:1063464) Warning: The 'NO_COLOR' env is ignored due to the 'FORCE_COLOR' env being set.
(Use `node --trace-warnings ...` to show where the warning was created)
(node:1063452) Warning: The 'NO_COLOR' env is ignored due to the 'FORCE_COLOR' env being set.
(Use `node --trace-warnings ...` to show where the warning was created)
(node:1063453) Warning: The 'NO_COLOR' env is ignored due to the 'FORCE_COLOR' env being set.
(Use `node --trace-warnings ...` to show where the warning was created)
(node:1063465) Warning: The 'NO_COLOR' env is ignored due to the 'FORCE_COLOR' env being set.
(Use `node --trace-warnings ...` to show where the warning was created)
  ✘   5 [desktop] › e2e/core.spec.ts:89:1 › light/dark 테마 선택은 새로고침 후 유지된다 (1ms)
  ✘   6 [desktop] › e2e/core.spec.ts:55:1 › AI는 256K 설정과 SSE token streaming을 처리한다 (1ms)
  ✘   7 [desktop] › e2e/core.spec.ts:69:1 › 관리자는 Key Permission과 Template을 편집할 수 있다 (1ms)
  ✘   8 [desktop] › e2e/core.spec.ts:101:1 › 모바일 메뉴는 키보드와 명시적 버튼으로 접근 가능하다 (2ms)
(node:1063514) Warning: The 'NO_COLOR' env is ignored due to the 'FORCE_COLOR' env being set.
(Use `node --trace-warnings ...` to show where the warning was created)
(node:1063515) Warning: The 'NO_COLOR' env is ignored due to the 'FORCE_COLOR' env being set.
(Use `node --trace-warnings ...` to show where the warning was created)
(node:1063526) Warning: The 'NO_COLOR' env is ignored due to the 'FORCE_COLOR' env being set.
(Use `node --trace-warnings ...` to show where the warning was created)
(node:1063534) Warning: The 'NO_COLOR' env is ignored due to the 'FORCE_COLOR' env being set.
(Use `node --trace-warnings ...` to show where the warning was created)
  ✘   9 [desktop] › e2e/core.spec.ts:136:1 › SSO 연결 테스트는 discovery endpoint를 표시한다 (1ms)
  ✘  11 [desktop] › e2e/core.spec.ts:149:1 › 스토어 메뉴는 Apps와 MCP Apps를 동시에 선택하지 않는다 (1ms)
  ✘  10 [desktop] › e2e/core.spec.ts:115:1 › 관리자는 앱 상세를 수정하고 삭제 확인 후 목록으로 돌아온다 (1ms)
  ✘  12 [desktop] › e2e/core.spec.ts:171:3 › SSO 전용 설치에서는 사용 가능한 로그인 방식만 표시한다 (1ms)
(node:1063563) Warning: The 'NO_COLOR' env is ignored due to the 'FORCE_COLOR' env being set.
(Use `node --trace-warnings ...` to show where the warning was created)
(node:1063569) Warning: The 'NO_COLOR' env is ignored due to the 'FORCE_COLOR' env being set.
(Use `node --trace-warnings ...` to show where the warning was created)
(node:1063570) Warning: The 'NO_COLOR' env is ignored due to the 'FORCE_COLOR' env being set.
(Use `node --trace-warnings ...` to show where the warning was created)
(node:1063582) Warning: The 'NO_COLOR' env is ignored due to the 'FORCE_COLOR' env being set.
(Use `node --trace-warnings ...` to show where the warning was created)
  ✘  13 [desktop] › e2e/core.spec.ts:171:3 › Bootstrap 전용 설치에서는 사용 가능한 로그인 방식만 표시한다 (1ms)
  ✘  14 [desktop] › e2e/core.spec.ts:214:1 › SSO를 설정해도 복구용 관리자 로그인을 계속 사용할 수 있다 (1ms)
  ✘  15 [desktop] › e2e/core.spec.ts:236:1 › 거절된 silent SSO 뒤 로그인 화면은 이유를 알리고 SSO 링크는 그대로다 (1ms)
  ✘  16 [desktop] › e2e/core.spec.ts:252:1 › 관리자는 스토어 목록과 상세에서 관리 설정으로 바로 이동한다 (1ms)
(node:1063623) Warning: The 'NO_COLOR' env is ignored due to the 'FORCE_COLOR' env being set.
(Use `node --trace-warnings ...` to show where the warning was created)
(node:1063629) Warning: The 'NO_COLOR' env is ignored due to the 'FORCE_COLOR' env being set.
(Use `node --trace-warnings ...` to show where the warning was created)
(node:1063631) Warning: The 'NO_COLOR' env is ignored due to the 'FORCE_COLOR' env being set.
(Use `node --trace-warnings ...` to show where the warning was created)
(node:1063637) Warning: The 'NO_COLOR' env is ignored due to the 'FORCE_COLOR' env being set.
(Use `node --trace-warnings ...` to show where the warning was created)
  ✘  17 [desktop] › e2e/core.spec.ts:270:1 › 일반 사용자에게는 관리 설정 바로가기가 보이지 않는다 (1ms)
  ✘  18 [desktop] › e2e/core.spec.ts:284:1 › 관리자는 앱 관리에서 새 앱을 등록한다 (1ms)
  ✘  19 [desktop] › e2e/core.spec.ts:303:1 › 빠른 이동 팔레트로 메뉴와 앱으로 이동한다 (1ms)
  ✘  20 [desktop] › e2e/core.spec.ts:330:1 › 빠른 이동 팔레트는 esc로 닫히고 최근 항목을 기억한다 (1ms)
(node:1063683) Warning: The 'NO_COLOR' env is ignored due to the 'FORCE_COLOR' env being set.
(Use `node --trace-warnings ...` to show where the warning was created)
(node:1063684) Warning: The 'NO_COLOR' env is ignored due to the 'FORCE_COLOR' env being set.
(Use `node --trace-warnings ...` to show where the warning was created)
(node:1063701) Warning: The 'NO_COLOR' env is ignored due to the 'FORCE_COLOR' env being set.
(Use `node --trace-warnings ...` to show where the warning was created)
(node:1063720) Warning: The 'NO_COLOR' env is ignored due to the 'FORCE_COLOR' env being set.
(Use `node --trace-warnings ...` to show where the warning was created)
  ✘  21 [desktop] › e2e/core.spec.ts:388:1 › 앱 관리 목록에서 서비스 주소로 바로 이동한다 (1ms)
  ✘  23 [desktop] › e2e/core.spec.ts:349:1 › 관리자는 로고와 파비콘을 업로드하고 주소로 가져온다 (1ms)
  ✘  22 [desktop] › e2e/core.spec.ts:396:1 › 첫 화면 배너는 관리자가 저장한 문구를 사용한다 (1ms)
  ✘  24 [desktop] › e2e/core.spec.ts:420:1 › 추천 진열은 최신순이 아니라 관리자가 정한 우선순위를 따른다 (1ms)
(node:1063766) Warning: The 'NO_COLOR' env is ignored due to the 'FORCE_COLOR' env being set.
(Use `node --trace-warnings ...` to show where the warning was created)
(node:1063765) Warning: The 'NO_COLOR' env is ignored due to the 'FORCE_COLOR' env being set.
(Use `node --trace-warnings ...` to show where the warning was created)
(node:1063772) Warning: The 'NO_COLOR' env is ignored due to the 'FORCE_COLOR' env being set.
(Use `node --trace-warnings ...` to show where the warning was created)
(node:1063784) Warning: The 'NO_COLOR' env is ignored due to the 'FORCE_COLOR' env being set.
(Use `node --trace-warnings ...` to show where the warning was created)
  ✘  26 [desktop] › e2e/core.spec.ts:460:1 › 가이드 문서는 비로그인 방문자도 앱 상세에서 내려받는다 (1ms)
  ✘  25 [desktop] › e2e/core.spec.ts:432:1 › 관리자는 앱 관리에서 추천 우선순위를 지정하거나 지운다 (1ms)
  ✘  27 [desktop] › e2e/core.spec.ts:476:1 › 소유자는 앱 수정 화면에서 가이드 문서를 첨부하고 삭제를 예약한다 (1ms)
  ✘  28 [desktop] › e2e/core.spec.ts:497:1 › 앱 카드는 이름 밖을 눌러도 앱 상세로 이동한다 (1ms)
(node:1063848) Warning: The 'NO_COLOR' env is ignored due to the 'FORCE_COLOR' env being set.
(Use `node --trace-warnings ...` to show where the warning was created)
(node:1063855) Warning: The 'NO_COLOR' env is ignored due to the 'FORCE_COLOR' env being set.
(Use `node --trace-warnings ...` to show where the warning was created)
(node:1063849) Warning: The 'NO_COLOR' env is ignored due to the 'FORCE_COLOR' env being set.
(Use `node --trace-warnings ...` to show where the warning was created)
(node:1063860) Warning: The 'NO_COLOR' env is ignored due to the 'FORCE_COLOR' env being set.
(Use `node --trace-warnings ...` to show where the warning was created)
  ✘  29 [desktop] › e2e/core.spec.ts:540:1 › 보안 심의를 마쳐야 앱을 제출할 수 있다 (1ms)
  ✘  30 [desktop] › e2e/core.spec.ts:525:1 › 관리자의 앱 카드는 자세히 글자 없이 아이콘만 보여 준다 (1ms)
  ✘  32 [desktop] › e2e/core.spec.ts:508:1 › 게시되지 않은 내 앱의 카드는 수정 화면으로 열린다 (1ms)
  ✘  31 [desktop] › e2e/core.spec.ts:554:1 › 관리자는 SecCheck 연동을 설정하고 연결을 확인한다 (1ms)
(node:1063900) Warning: The 'NO_COLOR' env is ignored due to the 'FORCE_COLOR' env being set.
(Use `node --trace-warnings ...` to show where the warning was created)
(node:1063907) Warning: The 'NO_COLOR' env is ignored due to the 'FORCE_COLOR' env being set.
(Use `node --trace-warnings ...` to show where the warning was created)
(node:1063901) Warning: The 'NO_COLOR' env is ignored due to the 'FORCE_COLOR' env being set.
(Use `node --trace-warnings ...` to show where the warning was created)
(node:1063913) Warning: The 'NO_COLOR' env is ignored due to the 'FORCE_COLOR' env being set.
(Use `node --trace-warnings ...` to show where the warning was created)
  ✘  33 [desktop] › e2e/visual.spec.ts:154:1 › 개인화·검토 주요 화면 캡처 (1ms)
  ✘  34 [desktop] › e2e/visual.spec.ts:159:1 › 관리자 전체 주요 화면 캡처 (1ms)
  ✘  36 [desktop] › e2e/core.spec.ts:569:1 › 검토자는 앱 내용과 이전 검토를 보고 의견과 함께 결정한다 (1ms)
  ✘  35 [desktop] › e2e/visual.spec.ts:123:1 › 공개 주요 화면 캡처 (1ms)
(node:1064055) Warning: The 'NO_COLOR' env is ignored due to the 'FORCE_COLOR' env being set.
(Use `node --trace-warnings ...` to show where the warning was created)
(node:1064062) Warning: The 'NO_COLOR' env is ignored due to the 'FORCE_COLOR' env being set.
(Use `node --trace-warnings ...` to show where the warning was created)
(node:1064061) Warning: The 'NO_COLOR' env is ignored due to the 'FORCE_COLOR' env being set.
(Use `node --trace-warnings ...` to show where the warning was created)
(node:1064068) Warning: The 'NO_COLOR' env is ignored due to the 'FORCE_COLOR' env being set.
(Use `node --trace-warnings ...` to show where the warning was created)
  ✘  37 [mobile] › e2e/core.spec.ts:4:1 › 공개 탐색과 URL 검색 상태는 새로고침 후에도 유지된다 (1ms)
  ✘  38 [mobile] › e2e/core.spec.ts:31:1 › 일반 사용자는 관리자 화면에서 403 상태를 본다 (1ms)
  ✘  39 [mobile] › e2e/core.spec.ts:19:1 › 비로그인 등록 접근은 원래 URL을 보존한 로그인 화면으로 이동한다 (1ms)
  ✘  40 [mobile] › e2e/core.spec.ts:42:1 › 관리자 사용자 목록은 가상화되고 route refresh를 견딘다 (1ms)
(node:1064109) Warning: The 'NO_COLOR' env is ignored due to the 'FORCE_COLOR' env being set.
(Use `node --trace-warnings ...` to show where the warning was created)
(node:1064115) Warning: The 'NO_COLOR' env is ignored due to the 'FORCE_COLOR' env being set.
(Use `node --trace-warnings ...` to show where the warning was created)
(node:1064116) Warning: The 'NO_COLOR' env is ignored due to the 'FORCE_COLOR' env being set.
(Use `node --trace-warnings ...` to show where the warning was created)
(node:1064130) Warning: The 'NO_COLOR' env is ignored due to the 'FORCE_COLOR' env being set.
(Use `node --trace-warnings ...` to show where the warning was created)
  ✘  41 [mobile] › e2e/core.spec.ts:55:1 › AI는 256K 설정과 SSE token streaming을 처리한다 (1ms)
  ✘  42 [mobile] › e2e/core.spec.ts:89:1 › light/dark 테마 선택은 새로고침 후 유지된다 (1ms)
  ✘  43 [mobile] › e2e/core.spec.ts:69:1 › 관리자는 Key Permission과 Template을 편집할 수 있다 (1ms)
  ✘  44 [mobile] › e2e/core.spec.ts:101:1 › 모바일 메뉴는 키보드와 명시적 버튼으로 접근 가능하다 (1ms)
(node:1064175) Warning: The 'NO_COLOR' env is ignored due to the 'FORCE_COLOR' env being set.
(Use `node --trace-warnings ...` to show where the warning was created)
(node:1064176) Warning: The 'NO_COLOR' env is ignored due to the 'FORCE_COLOR' env being set.
(Use `node --trace-warnings ...` to show where the warning was created)
(node:1064187) Warning: The 'NO_COLOR' env is ignored due to the 'FORCE_COLOR' env being set.
(Use `node --trace-warnings ...` to show where the warning was created)
(node:1064196) Warning: The 'NO_COLOR' env is ignored due to the 'FORCE_COLOR' env being set.
(Use `node --trace-warnings ...` to show where the warning was created)
  ✘  45 [mobile] › e2e/core.spec.ts:149:1 › 스토어 메뉴는 Apps와 MCP Apps를 동시에 선택하지 않는다 (2ms)
  ✘  47 [mobile] › e2e/core.spec.ts:136:1 › SSO 연결 테스트는 discovery endpoint를 표시한다 (2ms)
  ✘  46 [mobile] › e2e/core.spec.ts:115:1 › 관리자는 앱 상세를 수정하고 삭제 확인 후 목록으로 돌아온다 (2ms)
  ✘  48 [mobile] › e2e/core.spec.ts:171:3 › SSO 전용 설치에서는 사용 가능한 로그인 방식만 표시한다 (1ms)
(node:1064247) Warning: The 'NO_COLOR' env is ignored due to the 'FORCE_COLOR' env being set.
(Use `node --trace-warnings ...` to show where the warning was created)
(node:1064254) Warning: The 'NO_COLOR' env is ignored due to the 'FORCE_COLOR' env being set.
(Use `node --trace-warnings ...` to show where the warning was created)
(node:1064261) Warning: The 'NO_COLOR' env is ignored due to the 'FORCE_COLOR' env being set.
(Use `node --trace-warnings ...` to show where the warning was created)
(node:1064269) Warning: The 'NO_COLOR' env is ignored due to the 'FORCE_COLOR' env being set.
(Use `node --trace-warnings ...` to show where the warning was created)
  ✘  49 [mobile] › e2e/core.spec.ts:171:3 › Bootstrap 전용 설치에서는 사용 가능한 로그인 방식만 표시한다 (2ms)
  ✘  50 [mobile] › e2e/core.spec.ts:214:1 › SSO를 설정해도 복구용 관리자 로그인을 계속 사용할 수 있다 (2ms)
  ✘  51 [mobile] › e2e/core.spec.ts:236:1 › 거절된 silent SSO 뒤 로그인 화면은 이유를 알리고 SSO 링크는 그대로다 (2ms)
  ✘  52 [mobile] › e2e/core.spec.ts:252:1 › 관리자는 스토어 목록과 상세에서 관리 설정으로 바로 이동한다 (2ms)
(node:1064298) Warning: The 'NO_COLOR' env is ignored due to the 'FORCE_COLOR' env being set.
(Use `node --trace-warnings ...` to show where the warning was created)
(node:1064304) Warning: The 'NO_COLOR' env is ignored due to the 'FORCE_COLOR' env being set.
(Use `node --trace-warnings ...` to show where the warning was created)
(node:1064311) Warning: The 'NO_COLOR' env is ignored due to the 'FORCE_COLOR' env being set.
(Use `node --trace-warnings ...` to show where the warning was created)
(node:1064319) Warning: The 'NO_COLOR' env is ignored due to the 'FORCE_COLOR' env being set.
(Use `node --trace-warnings ...` to show where the warning was created)
  ✘  53 [mobile] › e2e/core.spec.ts:270:1 › 일반 사용자에게는 관리 설정 바로가기가 보이지 않는다 (2ms)
  ✘  54 [mobile] › e2e/core.spec.ts:284:1 › 관리자는 앱 관리에서 새 앱을 등록한다 (2ms)
  ✘  55 [mobile] › e2e/core.spec.ts:303:1 › 빠른 이동 팔레트로 메뉴와 앱으로 이동한다 (2ms)
  ✘  56 [mobile] › e2e/core.spec.ts:330:1 › 빠른 이동 팔레트는 esc로 닫히고 최근 항목을 기억한다 (1ms)
(node:1064371) Warning: The 'NO_COLOR' env is ignored due to the 'FORCE_COLOR' env being set.
(Use `node --trace-warnings ...` to show where the warning was created)
(node:1064384) Warning: The 'NO_COLOR' env is ignored due to the 'FORCE_COLOR' env being set.
(Use `node --trace-warnings ...` to show where the warning was created)
(node:1064385) Warning: The 'NO_COLOR' env is ignored due to the 'FORCE_COLOR' env being set.
(Use `node --trace-warnings ...` to show where the warning was created)
(node:1064396) Warning: The 'NO_COLOR' env is ignored due to the 'FORCE_COLOR' env being set.
(Use `node --trace-warnings ...` to show where the warning was created)
  ✘  57 [mobile] › e2e/core.spec.ts:349:1 › 관리자는 로고와 파비콘을 업로드하고 주소로 가져온다 (1ms)
  ✘  58 [mobile] › e2e/core.spec.ts:388:1 › 앱 관리 목록에서 서비스 주소로 바로 이동한다 (1ms)
  ✘  59 [mobile] › e2e/core.spec.ts:396:1 › 첫 화면 배너는 관리자가 저장한 문구를 사용한다 (1ms)
  ✘  60 [mobile] › e2e/core.spec.ts:420:1 › 추천 진열은 최신순이 아니라 관리자가 정한 우선순위를 따른다 (1ms)
(node:1064462) Warning: The 'NO_COLOR' env is ignored due to the 'FORCE_COLOR' env being set.
(Use `node --trace-warnings ...` to show where the warning was created)
(node:1064469) Warning: The 'NO_COLOR' env is ignored due to the 'FORCE_COLOR' env being set.
(Use `node --trace-warnings ...` to show where the warning was created)
(node:1064476) Warning: The 'NO_COLOR' env is ignored due to the 'FORCE_COLOR' env being set.
(Use `node --trace-warnings ...` to show where the warning was created)
(node:1064470) Warning: The 'NO_COLOR' env is ignored due to the 'FORCE_COLOR' env being set.
(Use `node --trace-warnings ...` to show where the warning was created)
  ✘  61 [mobile] › e2e/core.spec.ts:432:1 › 관리자는 앱 관리에서 추천 우선순위를 지정하거나 지운다 (1ms)
  ✘  63 [mobile] › e2e/core.spec.ts:460:1 › 가이드 문서는 비로그인 방문자도 앱 상세에서 내려받는다 (1ms)
  ✘  64 [mobile] › e2e/core.spec.ts:497:1 › 앱 카드는 이름 밖을 눌러도 앱 상세로 이동한다 (1ms)
  ✘  62 [mobile] › e2e/core.spec.ts:476:1 › 소유자는 앱 수정 화면에서 가이드 문서를 첨부하고 삭제를 예약한다 (1ms)
(node:1064528) Warning: The 'NO_COLOR' env is ignored due to the 'FORCE_COLOR' env being set.
(Use `node --trace-warnings ...` to show where the warning was created)
(node:1064522) Warning: The 'NO_COLOR' env is ignored due to the 'FORCE_COLOR' env being set.
(Use `node --trace-warnings ...` to show where the warning was created)
(node:1064534) Warning: The 'NO_COLOR' env is ignored due to the 'FORCE_COLOR' env being set.
(Use `node --trace-warnings ...` to show where the warning was created)
(node:1064541) Warning: The 'NO_COLOR' env is ignored due to the 'FORCE_COLOR' env being set.
(Use `node --trace-warnings ...` to show where the warning was created)
  ✘  65 [mobile] › e2e/core.spec.ts:540:1 › 보안 심의를 마쳐야 앱을 제출할 수 있다 (1ms)
  ✘  66 [mobile] › e2e/core.spec.ts:508:1 › 게시되지 않은 내 앱의 카드는 수정 화면으로 열린다 (1ms)
  ✘  67 [mobile] › e2e/core.spec.ts:525:1 › 관리자의 앱 카드는 자세히 글자 없이 아이콘만 보여 준다 (1ms)
  ✘  68 [mobile] › e2e/core.spec.ts:554:1 › 관리자는 SecCheck 연동을 설정하고 연결을 확인한다 (1ms)
(node:1064570) Warning: The 'NO_COLOR' env is ignored due to the 'FORCE_COLOR' env being set.
(Use `node --trace-warnings ...` to show where the warning was created)
(node:1064577) Warning: The 'NO_COLOR' env is ignored due to the 'FORCE_COLOR' env being set.
(Use `node --trace-warnings ...` to show where the warning was created)
(node:1064586) Warning: The 'NO_COLOR' env is ignored due to the 'FORCE_COLOR' env being set.
(Use `node --trace-warnings ...` to show where the warning was created)
(node:1064584) Warning: The 'NO_COLOR' env is ignored due to the 'FORCE_COLOR' env being set.
(Use `node --trace-warnings ...` to show where the warning was created)
  ✘  69 [mobile] › e2e/visual.spec.ts:123:1 › 공개 주요 화면 캡처 (1ms)
  ✘  71 [mobile] › e2e/visual.spec.ts:159:1 › 관리자 전체 주요 화면 캡처 (1ms)
  ✘  70 [mobile] › e2e/core.spec.ts:569:1 › 검토자는 앱 내용과 이전 검토를 보고 의견과 함께 결정한다 (2ms)
  ✘  72 [mobile] › e2e/visual.spec.ts:154:1 › 개인화·검토 주요 화면 캡처 (2ms)


  1) [desktop] › e2e/core.spec.ts:4:1 › 공개 탐색과 URL 검색 상태는 새로고침 후에도 유지된다 ────────────────────────────

    Error: browserType.launch: Executable doesn't exist at /mnt/c/Users/USER/projects/aidev/state/runs/2026-09-21-115415-appstore-improve/home/.cache/ms-playwright/chromium_headless_shell-1234/chrome-headless-shell-linux64/chrome-headless-shell
    ╔════════════════════════════════════════════════════════════╗
    ║ Looks like Playwright was just installed or updated.       ║
    ║ Please run the following command to download new browsers: ║
    ║                                                            ║
    ║     npx playwright install                                 ║
    ║                                                            ║
    ║ <3 Playwright Team                                         ║
    ╚════════════════════════════════════════════════════════════╝

    Error Context: test-results/core-공개-탐색과-URL-검색-상태는-새로고침-후에도-유지된다-desktop/error-context.md

    attachment #2: trace (application/zip) ─────────────────────────────────────────────────────────
    test-results/core-공개-탐색과-URL-검색-상태는-새로고침-후에도-유지된다-desktop/trace.zip
    Usage:

        npx playwright show-trace test-results/core-공개-탐색과-URL-검색-상태는-새로고침-후에도-유지된다-desktop/trace.zip

    ────────────────────────────────────────────────────────────────────────────────────────────────

  2) [desktop] › e2e/core.spec.ts:19:1 › 비로그인 등록 접근은 원래 URL을 보존한 로그인 화면으로 이동한다 ─────────────────────

    Error: browserType.launch: Executable doesn't exist at /mnt/c/Users/USER/projects/aidev/state/runs/2026-09-21-115415-appstore-improve/home/.cache/ms-playwright/chromium_headless_shell-1234/chrome-headless-shell-linux64/chrome-headless-shell
    ╔════════════════════════════════════════════════════════════╗
    ║ Looks like Playwright was just installed or updated.       ║
    ║ Please run the following command to download new browsers: ║
    ║                                                            ║
    ║     npx playwright install                                 ║
    ║                                                            ║
    ║ <3 Playwright Team                                         ║
    ╚════════════════════════════════════════════════════════════╝

    Error Context: test-results/core-비로그인-등록-접근은-원래-URL을-보존한-로그인-화면으로-이동한다-desktop/error-context.md

    attachment #2: trace (application/zip) ─────────────────────────────────────────────────────────
    test-results/core-비로그인-등록-접근은-원래-URL을-보존한-로그인-화면으로-이동한다-desktop/trace.zip
    Usage:

        npx playwright show-trace test-results/core-비로그인-등록-접근은-원래-URL을-보존한-로그인-화면으로-이동한다-desktop/trace.zip

    ────────────────────────────────────────────────────────────────────────────────────────────────

  3) [desktop] › e2e/core.spec.ts:31:1 › 일반 사용자는 관리자 화면에서 403 상태를 본다 ───────────────────────────────

    Error: browserType.launch: Executable doesn't exist at /mnt/c/Users/USER/projects/aidev/state/runs/2026-09-21-115415-appstore-improve/home/.cache/ms-playwright/chromium_headless_shell-1234/chrome-headless-shell-linux64/chrome-headless-shell
    ╔════════════════════════════════════════════════════════════╗
    ║ Looks like Playwright was just installed or updated.       ║
    ║ Please run the following command to download new browsers: ║
    ║                                                            ║
    ║     npx playwright install                                 ║
    ║                                                            ║
    ║ <3 Playwright Team                                         ║
    ╚════════════════════════════════════════════════════════════╝

    Error Context: test-results/core-일반-사용자는-관리자-화면에서-403-상태를-본다-desktop/error-context.md

    attachment #2: trace (application/zip) ─────────────────────────────────────────────────────────
    test-results/core-일반-사용자는-관리자-화면에서-403-상태를-본다-desktop/trace.zip
    Usage:

        npx playwright show-trace test-results/core-일반-사용자는-관리자-화면에서-403-상태를-본다-desktop/trace.zip

    ────────────────────────────────────────────────────────────────────────────────────────────────

  4) [desktop] › e2e/core.spec.ts:42:1 › 관리자 사용자 목록은 가상화되고 route refresh를 견딘다 ──────────────────────

    Error: browserType.launch: Executable doesn't exist at /mnt/c/Users/USER/projects/aidev/state/runs/2026-09-21-115415-appstore-improve/home/.cache/ms-playwright/chromium_headless_shell-1234/chrome-headless-shell-linux64/chrome-headless-shell
    ╔════════════════════════════════════════════════════════════╗
    ║ Looks like Playwright was just installed or updated.       ║
    ║ Please run the following command to download new browsers: ║
    ║                                                            ║
    ║     npx playwright install                                 ║
    ║                                                            ║
    ║ <3 Playwright Team                                         ║
    ╚════════════════════════════════════════════════════════════╝

    Error Context: test-results/core-관리자-사용자-목록은-가상화되고-route-refresh를-견딘다-desktop/error-context.md

    attachment #2: trace (application/zip) ─────────────────────────────────────────────────────────
    test-results/core-관리자-사용자-목록은-가상화되고-route-refresh를-견딘다-desktop/trace.zip
    Usage:

        npx playwright show-trace test-results/core-관리자-사용자-목록은-가상화되고-route-refresh를-견딘다-desktop/trace.zip

    ────────────────────────────────────────────────────────────────────────────────────────────────

  5) [desktop] › e2e/core.spec.ts:55:1 › AI는 256K 설정과 SSE token streaming을 처리한다 ────────────────────

    Error: browserType.launch: Executable doesn't exist at /mnt/c/Users/USER/projects/aidev/state/runs/2026-09-21-115415-appstore-improve/home/.cache/ms-playwright/chromium_headless_shell-1234/chrome-headless-shell-linux64/chrome-headless-shell
    ╔════════════════════════════════════════════════════════════╗
    ║ Looks like Playwright was just installed or updated.       ║
    ║ Please run the following command to download new browsers: ║
    ║                                                            ║
    ║     npx playwright install                                 ║
    ║                                                            ║
    ║ <3 Playwright Team                                         ║
    ╚════════════════════════════════════════════════════════════╝

    Error Context: test-results/core-AI는-256K-설정과-SSE-token-streaming을-처리한다-desktop/error-context.md

    attachment #2: trace (application/zip) ─────────────────────────────────────────────────────────
    test-results/core-AI는-256K-설정과-SSE-token-streaming을-처리한다-desktop/trace.zip
    Usage:

        npx playwright show-trace test-results/core-AI는-256K-설정과-SSE-token-streaming을-처리한다-desktop/trace.zip

    ────────────────────────────────────────────────────────────────────────────────────────────────

  6) [desktop] › e2e/core.spec.ts:69:1 › 관리자는 Key Permission과 Template을 편집할 수 있다 ───────────────────

    Error: browserType.launch: Executable doesn't exist at /mnt/c/Users/USER/projects/aidev/state/runs/2026-09-21-115415-appstore-improve/home/.cache/ms-playwright/chromium_headless_shell-1234/chrome-headless-shell-linux64/chrome-headless-shell
    ╔════════════════════════════════════════════════════════════╗
    ║ Looks like Playwright was just installed or updated.       ║
    ║ Please run the following command to download new browsers: ║
    ║                                                            ║
    ║     npx playwright install                                 ║
    ║                                                            ║
    ║ <3 Playwright Team                                         ║
    ╚════════════════════════════════════════════════════════════╝

    Error Context: test-results/core-관리자는-Key-Permission과-Template을-편집할-수-있다-desktop/error-context.md

    attachment #2: trace (application/zip) ─────────────────────────────────────────────────────────
    test-results/core-관리자는-Key-Permission과-Template을-편집할-수-있다-desktop/trace.zip
    Usage:

        npx playwright show-trace test-results/core-관리자는-Key-Permission과-Template을-편집할-수-있다-desktop/trace.zip

    ────────────────────────────────────────────────────────────────────────────────────────────────

  7) [desktop] › e2e/core.spec.ts:89:1 › light/dark 테마 선택은 새로고침 후 유지된다 ─────────────────────────────

    Error: browserType.launch: Executable doesn't exist at /mnt/c/Users/USER/projects/aidev/state/runs/2026-09-21-115415-appstore-improve/home/.cache/ms-playwright/chromium_headless_shell-1234/chrome-headless-shell-linux64/chrome-headless-shell
    ╔════════════════════════════════════════════════════════════╗
    ║ Looks like Playwright was just installed or updated.       ║
    ║ Please run the following command to download new browsers: ║
    ║                                                            ║
    ║     npx playwright install                                 ║
    ║                                                            ║
    ║ <3 Playwright Team                                         ║
    ╚════════════════════════════════════════════════════════════╝

    Error Context: test-results/core-light-dark-테마-선택은-새로고침-후-유지된다-desktop/error-context.md

    attachment #2: trace (application/zip) ─────────────────────────────────────────────────────────
    test-results/core-light-dark-테마-선택은-새로고침-후-유지된다-desktop/trace.zip
    Usage:

        npx playwright show-trace test-results/core-light-dark-테마-선택은-새로고침-후-유지된다-desktop/trace.zip

    ────────────────────────────────────────────────────────────────────────────────────────────────

  8) [desktop] › e2e/core.spec.ts:101:1 › 모바일 메뉴는 키보드와 명시적 버튼으로 접근 가능하다 ────────────────────────────

    Error: browserType.launch: Executable doesn't exist at /mnt/c/Users/USER/projects/aidev/state/runs/2026-09-21-115415-appstore-improve/home/.cache/ms-playwright/chromium_headless_shell-1234/chrome-headless-shell-linux64/chrome-headless-shell
    ╔════════════════════════════════════════════════════════════╗
    ║ Looks like Playwright was just installed or updated.       ║
    ║ Please run the following command to download new browsers: ║
    ║                                                            ║
    ║     npx playwright install                                 ║
    ║                                                            ║
    ║ <3 Playwright Team                                         ║
    ╚════════════════════════════════════════════════════════════╝

    Error Context: test-results/core-모바일-메뉴는-키보드와-명시적-버튼으로-접근-가능하다-desktop/error-context.md

    attachment #2: trace (application/zip) ─────────────────────────────────────────────────────────
    test-results/core-모바일-메뉴는-키보드와-명시적-버튼으로-접근-가능하다-desktop/trace.zip
    Usage:

        npx playwright show-trace test-results/core-모바일-메뉴는-키보드와-명시적-버튼으로-접근-가능하다-desktop/trace.zip

    ────────────────────────────────────────────────────────────────────────────────────────────────

  9) [desktop] › e2e/core.spec.ts:115:1 › 관리자는 앱 상세를 수정하고 삭제 확인 후 목록으로 돌아온다 ────────────────────────

    Error: browserType.launch: Executable doesn't exist at /mnt/c/Users/USER/projects/aidev/state/runs/2026-09-21-115415-appstore-improve/home/.cache/ms-playwright/chromium_headless_shell-1234/chrome-headless-shell-linux64/chrome-headless-shell
    ╔════════════════════════════════════════════════════════════╗
    ║ Looks like Playwright was just installed or updated.       ║
    ║ Please run the following command to download new browsers: ║
    ║                                                            ║
    ║     npx playwright install                                 ║
    ║                                                            ║
    ║ <3 Playwright Team                                         ║
    ╚════════════════════════════════════════════════════════════╝

    Error Context: test-results/core-관리자는-앱-상세를-수정하고-삭제-확인-후-목록으로-돌아온다-desktop/error-context.md

    attachment #2: trace (application/zip) ─────────────────────────────────────────────────────────
    test-results/core-관리자는-앱-상세를-수정하고-삭제-확인-후-목록으로-돌아온다-desktop/trace.zip
    Usage:

        npx playwright show-trace test-results/core-관리자는-앱-상세를-수정하고-삭제-확인-후-목록으로-돌아온다-desktop/trace.zip

    ────────────────────────────────────────────────────────────────────────────────────────────────

  10) [desktop] › e2e/core.spec.ts:136:1 › SSO 연결 테스트는 discovery endpoint를 표시한다 ────────────────────

    Error: browserType.launch: Executable doesn't exist at /mnt/c/Users/USER/projects/aidev/state/runs/2026-09-21-115415-appstore-improve/home/.cache/ms-playwright/chromium_headless_shell-1234/chrome-headless-shell-linux64/chrome-headless-shell
    ╔════════════════════════════════════════════════════════════╗
    ║ Looks like Playwright was just installed or updated.       ║
    ║ Please run the following command to download new browsers: ║
    ║                                                            ║
    ║     npx playwright install                                 ║
    ║                                                            ║
    ║ <3 Playwright Team                                         ║
    ╚════════════════════════════════════════════════════════════╝

    Error Context: test-results/core-SSO-연결-테스트는-discovery-endpoint를-표시한다-desktop/error-context.md

    attachment #2: trace (application/zip) ─────────────────────────────────────────────────────────
    test-results/core-SSO-연결-테스트는-discovery-endpoint를-표시한다-desktop/trace.zip
    Usage:

        npx playwright show-trace test-results/core-SSO-연결-테스트는-discovery-endpoint를-표시한다-desktop/trace.zip

    ────────────────────────────────────────────────────────────────────────────────────────────────

  11) [desktop] › e2e/core.spec.ts:149:1 › 스토어 메뉴는 Apps와 MCP Apps를 동시에 선택하지 않는다 ────────────────────

    Error: browserType.launch: Executable doesn't exist at /mnt/c/Users/USER/projects/aidev/state/runs/2026-09-21-115415-appstore-improve/home/.cache/ms-playwright/chromium_headless_shell-1234/chrome-headless-shell-linux64/chrome-headless-shell
    ╔════════════════════════════════════════════════════════════╗
    ║ Looks like Playwright was just installed or updated.       ║
    ║ Please run the following command to download new browsers: ║
    ║                                                            ║
    ║     npx playwright install                                 ║
    ║                                                            ║
    ║ <3 Playwright Team                                         ║
    ╚════════════════════════════════════════════════════════════╝

    Error Context: test-results/core-스토어-메뉴는-Apps와-MCP-Apps를-동시에-선택하지-않는다-desktop/error-context.md

    attachment #2: trace (application/zip) ─────────────────────────────────────────────────────────
    test-results/core-스토어-메뉴는-Apps와-MCP-Apps를-동시에-선택하지-않는다-desktop/trace.zip
    Usage:

        npx playwright show-trace test-results/core-스토어-메뉴는-Apps와-MCP-Apps를-동시에-선택하지-않는다-desktop/trace.zip

    ────────────────────────────────────────────────────────────────────────────────────────────────

  12) [desktop] › e2e/core.spec.ts:171:3 › SSO 전용 설치에서는 사용 가능한 로그인 방식만 표시한다 ────────────────────────

    Error: browserType.launch: Executable doesn't exist at /mnt/c/Users/USER/projects/aidev/state/runs/2026-09-21-115415-appstore-improve/home/.cache/ms-playwright/chromium_headless_shell-1234/chrome-headless-shell-linux64/chrome-headless-shell
    ╔════════════════════════════════════════════════════════════╗
    ║ Looks like Playwright was just installed or updated.       ║
    ║ Please run the following command to download new browsers: ║
    ║                                                            ║
    ║     npx playwright install                                 ║
    ║                                                            ║
    ║ <3 Playwright Team                                         ║
    ╚════════════════════════════════════════════════════════════╝

    Error Context: test-results/core-SSO-전용-설치에서는-사용-가능한-로그인-방식만-표시한다-desktop/error-context.md

    attachment #2: trace (application/zip) ─────────────────────────────────────────────────────────
    test-results/core-SSO-전용-설치에서는-사용-가능한-로그인-방식만-표시한다-desktop/trace.zip
    Usage:

        npx playwright show-trace test-results/core-SSO-전용-설치에서는-사용-가능한-로그인-방식만-표시한다-desktop/trace.zip

    ────────────────────────────────────────────────────────────────────────────────────────────────

  13) [desktop] › e2e/core.spec.ts:171:3 › Bootstrap 전용 설치에서는 사용 가능한 로그인 방식만 표시한다 ──────────────────

    Error: browserType.launch: Executable doesn't exist at /mnt/c/Users/USER/projects/aidev/state/runs/2026-09-21-115415-appstore-improve/home/.cache/ms-playwright/chromium_headless_shell-1234/chrome-headless-shell-linux64/chrome-headless-shell
    ╔════════════════════════════════════════════════════════════╗
    ║ Looks like Playwright was just installed or updated.       ║
    ║ Please run the following command to download new browsers: ║
    ║                                                            ║
    ║     npx playwright install                                 ║
    ║                                                            ║
    ║ <3 Playwright Team                                         ║
    ╚════════════════════════════════════════════════════════════╝

    Error Context: test-results/core-Bootstrap-전용-설치에서는-사용-가능한-로그인-방식만-표시한다-desktop/error-context.md

    attachment #2: trace (application/zip) ─────────────────────────────────────────────────────────
    test-results/core-Bootstrap-전용-설치에서는-사용-가능한-로그인-방식만-표시한다-desktop/trace.zip
    Usage:

        npx playwright show-trace test-results/core-Bootstrap-전용-설치에서는-사용-가능한-로그인-방식만-표시한다-desktop/trace.zip

    ────────────────────────────────────────────────────────────────────────────────────────────────

  14) [desktop] › e2e/core.spec.ts:214:1 › SSO를 설정해도 복구용 관리자 로그인을 계속 사용할 수 있다 ──────────────────────

    Error: browserType.launch: Executable doesn't exist at /mnt/c/Users/USER/projects/aidev/state/runs/2026-09-21-115415-appstore-improve/home/.cache/ms-playwright/chromium_headless_shell-1234/chrome-headless-shell-linux64/chrome-headless-shell
    ╔════════════════════════════════════════════════════════════╗
    ║ Looks like Playwright was just installed or updated.       ║
    ║ Please run the following command to download new browsers: ║
    ║                                                            ║
    ║     npx playwright install                                 ║
    ║                                                            ║
    ║ <3 Playwright Team                                         ║
    ╚════════════════════════════════════════════════════════════╝

    Error Context: test-results/core-SSO를-설정해도-복구용-관리자-로그인을-계속-사용할-수-있다-desktop/error-context.md

    attachment #2: trace (application/zip) ─────────────────────────────────────────────────────────
    test-results/core-SSO를-설정해도-복구용-관리자-로그인을-계속-사용할-수-있다-desktop/trace.zip
    Usage:

        npx playwright show-trace test-results/core-SSO를-설정해도-복구용-관리자-로그인을-계속-사용할-수-있다-desktop/trace.zip

    ────────────────────────────────────────────────────────────────────────────────────────────────

  15) [desktop] › e2e/core.spec.ts:236:1 › 거절된 silent SSO 뒤 로그인 화면은 이유를 알리고 SSO 링크는 그대로다 ───────────

    Error: browserType.launch: Executable doesn't exist at /mnt/c/Users/USER/projects/aidev/state/runs/2026-09-21-115415-appstore-improve/home/.cache/ms-playwright/chromium_headless_shell-1234/chrome-headless-shell-linux64/chrome-headless-shell
    ╔════════════════════════════════════════════════════════════╗
    ║ Looks like Playwright was just installed or updated.       ║
    ║ Please run the following command to download new browsers: ║
    ║                                                            ║
    ║     npx playwright install                                 ║
    ║                                                            ║
    ║ <3 Playwright Team                                         ║
    ╚════════════════════════════════════════════════════════════╝

    Error Context: test-results/core-거절된-silent-SSO-뒤-로그인-화면은-이유를-알리고-SSO-링크는-그대로다-desktop/error-context.md

    attachment #2: trace (application/zip) ─────────────────────────────────────────────────────────
    test-results/core-거절된-silent-SSO-뒤-로그인-화면은-이유를-알리고-SSO-링크는-그대로다-desktop/trace.zip
    Usage:

        npx playwright show-trace test-results/core-거절된-silent-SSO-뒤-로그인-화면은-이유를-알리고-SSO-링크는-그대로다-desktop/trace.zip

    ────────────────────────────────────────────────────────────────────────────────────────────────

  16) [desktop] › e2e/core.spec.ts:252:1 › 관리자는 스토어 목록과 상세에서 관리 설정으로 바로 이동한다 ───────────────────────

    Error: browserType.launch: Executable doesn't exist at /mnt/c/Users/USER/projects/aidev/state/runs/2026-09-21-115415-appstore-improve/home/.cache/ms-playwright/chromium_headless_shell-1234/chrome-headless-shell-linux64/chrome-headless-shell
    ╔════════════════════════════════════════════════════════════╗
    ║ Looks like Playwright was just installed or updated.       ║
    ║ Please run the following command to download new browsers: ║
    ║                                                            ║
    ║     npx playwright install                                 ║
    ║                                                            ║
    ║ <3 Playwright Team                                         ║
    ╚════════════════════════════════════════════════════════════╝

    Error Context: test-results/core-관리자는-스토어-목록과-상세에서-관리-설정으로-바로-이동한다-desktop/error-context.md

    attachment #2: trace (application/zip) ─────────────────────────────────────────────────────────
    test-results/core-관리자는-스토어-목록과-상세에서-관리-설정으로-바로-이동한다-desktop/trace.zip
    Usage:

        npx playwright show-trace test-results/core-관리자는-스토어-목록과-상세에서-관리-설정으로-바로-이동한다-desktop/trace.zip

    ────────────────────────────────────────────────────────────────────────────────────────────────

  17) [desktop] › e2e/core.spec.ts:270:1 › 일반 사용자에게는 관리 설정 바로가기가 보이지 않는다 ───────────────────────────

    Error: browserType.launch: Executable doesn't exist at /mnt/c/Users/USER/projects/aidev/state/runs/2026-09-21-115415-appstore-improve/home/.cache/ms-playwright/chromium_headless_shell-1234/chrome-headless-shell-linux64/chrome-headless-shell
    ╔════════════════════════════════════════════════════════════╗
    ║ Looks like Playwright was just installed or updated.       ║
    ║ Please run the following command to download new browsers: ║
    ║                                                            ║
    ║     npx playwright install                                 ║
    ║                                                            ║
    ║ <3 Playwright Team                                         ║
    ╚════════════════════════════════════════════════════════════╝

    Error Context: test-results/core-일반-사용자에게는-관리-설정-바로가기가-보이지-않는다-desktop/error-context.md

    attachment #2: trace (application/zip) ─────────────────────────────────────────────────────────
    test-results/core-일반-사용자에게는-관리-설정-바로가기가-보이지-않는다-desktop/trace.zip
    Usage:

        npx playwright show-trace test-results/core-일반-사용자에게는-관리-설정-바로가기가-보이지-않는다-desktop/trace.zip

    ────────────────────────────────────────────────────────────────────────────────────────────────

  18) [desktop] › e2e/core.spec.ts:284:1 › 관리자는 앱 관리에서 새 앱을 등록한다 ───────────────────────────────────

    Error: browserType.launch: Executable doesn't exist at /mnt/c/Users/USER/projects/aidev/state/runs/2026-09-21-115415-appstore-improve/home/.cache/ms-playwright/chromium_headless_shell-1234/chrome-headless-shell-linux64/chrome-headless-shell
    ╔════════════════════════════════════════════════════════════╗
    ║ Looks like Playwright was just installed or updated.       ║
    ║ Please run the following command to download new browsers: ║
    ║                                                            ║
    ║     npx playwright install                                 ║
    ║                                                            ║
    ║ <3 Playwright Team                                         ║
    ╚════════════════════════════════════════════════════════════╝

    Error Context: test-results/core-관리자는-앱-관리에서-새-앱을-등록한다-desktop/error-context.md

    attachment #2: trace (application/zip) ─────────────────────────────────────────────────────────
    test-results/core-관리자는-앱-관리에서-새-앱을-등록한다-desktop/trace.zip
    Usage:

        npx playwright show-trace test-results/core-관리자는-앱-관리에서-새-앱을-등록한다-desktop/trace.zip

    ────────────────────────────────────────────────────────────────────────────────────────────────

  19) [desktop] › e2e/core.spec.ts:303:1 › 빠른 이동 팔레트로 메뉴와 앱으로 이동한다 ─────────────────────────────────

    Error: browserType.launch: Executable doesn't exist at /mnt/c/Users/USER/projects/aidev/state/runs/2026-09-21-115415-appstore-improve/home/.cache/ms-playwright/chromium_headless_shell-1234/chrome-headless-shell-linux64/chrome-headless-shell
    ╔════════════════════════════════════════════════════════════╗
    ║ Looks like Playwright was just installed or updated.       ║
    ║ Please run the following command to download new browsers: ║
    ║                                                            ║
    ║     npx playwright install                                 ║
    ║                                                            ║
    ║ <3 Playwright Team                                         ║
    ╚════════════════════════════════════════════════════════════╝

    Error Context: test-results/core-빠른-이동-팔레트로-메뉴와-앱으로-이동한다-desktop/error-context.md

    attachment #2: trace (application/zip) ─────────────────────────────────────────────────────────
    test-results/core-빠른-이동-팔레트로-메뉴와-앱으로-이동한다-desktop/trace.zip
    Usage:

        npx playwright show-trace test-results/core-빠른-이동-팔레트로-메뉴와-앱으로-이동한다-desktop/trace.zip

    ────────────────────────────────────────────────────────────────────────────────────────────────

  20) [desktop] › e2e/core.spec.ts:330:1 › 빠른 이동 팔레트는 esc로 닫히고 최근 항목을 기억한다 ─────────────────────────

    Error: browserType.launch: Executable doesn't exist at /mnt/c/Users/USER/projects/aidev/state/runs/2026-09-21-115415-appstore-improve/home/.cache/ms-playwright/chromium_headless_shell-1234/chrome-headless-shell-linux64/chrome-headless-shell
    ╔════════════════════════════════════════════════════════════╗
    ║ Looks like Playwright was just installed or updated.       ║
    ║ Please run the following command to download new browsers: ║
    ║                                                            ║
    ║     npx playwright install                                 ║
    ║                                                            ║
    ║ <3 Playwright Team                                         ║
    ╚════════════════════════════════════════════════════════════╝

    Error Context: test-results/core-빠른-이동-팔레트는-esc로-닫히고-최근-항목을-기억한다-desktop/error-context.md

    attachment #2: trace (application/zip) ─────────────────────────────────────────────────────────
    test-results/core-빠른-이동-팔레트는-esc로-닫히고-최근-항목을-기억한다-desktop/trace.zip
    Usage:

        npx playwright show-trace test-results/core-빠른-이동-팔레트는-esc로-닫히고-최근-항목을-기억한다-desktop/trace.zip

    ────────────────────────────────────────────────────────────────────────────────────────────────

  21) [desktop] › e2e/core.spec.ts:349:1 › 관리자는 로고와 파비콘을 업로드하고 주소로 가져온다 ────────────────────────────

    Error: browserType.launch: Executable doesn't exist at /mnt/c/Users/USER/projects/aidev/state/runs/2026-09-21-115415-appstore-improve/home/.cache/ms-playwright/chromium_headless_shell-1234/chrome-headless-shell-linux64/chrome-headless-shell
    ╔════════════════════════════════════════════════════════════╗
    ║ Looks like Playwright was just installed or updated.       ║
    ║ Please run the following command to download new browsers: ║
    ║                                                            ║
    ║     npx playwright install                                 ║
    ║                                                            ║
    ║ <3 Playwright Team                                         ║
    ╚════════════════════════════════════════════════════════════╝

    Error Context: test-results/core-관리자는-로고와-파비콘을-업로드하고-주소로-가져온다-desktop/error-context.md

    attachment #2: trace (application/zip) ─────────────────────────────────────────────────────────
    test-results/core-관리자는-로고와-파비콘을-업로드하고-주소로-가져온다-desktop/trace.zip
    Usage:

        npx playwright show-trace test-results/core-관리자는-로고와-파비콘을-업로드하고-주소로-가져온다-desktop/trace.zip

    ────────────────────────────────────────────────────────────────────────────────────────────────

  22) [desktop] › e2e/core.spec.ts:388:1 › 앱 관리 목록에서 서비스 주소로 바로 이동한다 ───────────────────────────────

    Error: browserType.launch: Executable doesn't exist at /mnt/c/Users/USER/projects/aidev/state/runs/2026-09-21-115415-appstore-improve/home/.cache/ms-playwright/chromium_headless_shell-1234/chrome-headless-shell-linux64/chrome-headless-shell
    ╔════════════════════════════════════════════════════════════╗
    ║ Looks like Playwright was just installed or updated.       ║
    ║ Please run the following command to download new browsers: ║
    ║                                                            ║
    ║     npx playwright install                                 ║
    ║                                                            ║
    ║ <3 Playwright Team                                         ║
    ╚════════════════════════════════════════════════════════════╝

    Error Context: test-results/core-앱-관리-목록에서-서비스-주소로-바로-이동한다-desktop/error-context.md

    attachment #2: trace (application/zip) ─────────────────────────────────────────────────────────
    test-results/core-앱-관리-목록에서-서비스-주소로-바로-이동한다-desktop/trace.zip
    Usage:

        npx playwright show-trace test-results/core-앱-관리-목록에서-서비스-주소로-바로-이동한다-desktop/trace.zip

    ────────────────────────────────────────────────────────────────────────────────────────────────

  23) [desktop] › e2e/core.spec.ts:396:1 › 첫 화면 배너는 관리자가 저장한 문구를 사용한다 ──────────────────────────────

    Error: browserType.launch: Executable doesn't exist at /mnt/c/Users/USER/projects/aidev/state/runs/2026-09-21-115415-appstore-improve/home/.cache/ms-playwright/chromium_headless_shell-1234/chrome-headless-shell-linux64/chrome-headless-shell
    ╔════════════════════════════════════════════════════════════╗
    ║ Looks like Playwright was just installed or updated.       ║
    ║ Please run the following command to download new browsers: ║
    ║                                                            ║
    ║     npx playwright install                                 ║
    ║                                                            ║
    ║ <3 Playwright Team                                         ║
    ╚════════════════════════════════════════════════════════════╝

    Error Context: test-results/core-첫-화면-배너는-관리자가-저장한-문구를-사용한다-desktop/error-context.md

    attachment #2: trace (application/zip) ─────────────────────────────────────────────────────────
    test-results/core-첫-화면-배너는-관리자가-저장한-문구를-사용한다-desktop/trace.zip
    Usage:

        npx playwright show-trace test-results/core-첫-화면-배너는-관리자가-저장한-문구를-사용한다-desktop/trace.zip

    ────────────────────────────────────────────────────────────────────────────────────────────────

  24) [desktop] › e2e/core.spec.ts:420:1 › 추천 진열은 최신순이 아니라 관리자가 정한 우선순위를 따른다 ───────────────────────

    Error: browserType.launch: Executable doesn't exist at /mnt/c/Users/USER/projects/aidev/state/runs/2026-09-21-115415-appstore-improve/home/.cache/ms-playwright/chromium_headless_shell-1234/chrome-headless-shell-linux64/chrome-headless-shell
    ╔════════════════════════════════════════════════════════════╗
    ║ Looks like Playwright was just installed or updated.       ║
    ║ Please run the following command to download new browsers: ║
    ║                                                            ║
    ║     npx playwright install                                 ║
    ║                                                            ║
    ║ <3 Playwright Team                                         ║
    ╚════════════════════════════════════════════════════════════╝

    Error Context: test-results/core-추천-진열은-최신순이-아니라-관리자가-정한-우선순위를-따른다-desktop/error-context.md

    attachment #2: trace (application/zip) ─────────────────────────────────────────────────────────
    test-results/core-추천-진열은-최신순이-아니라-관리자가-정한-우선순위를-따른다-desktop/trace.zip
    Usage:

        npx playwright show-trace test-results/core-추천-진열은-최신순이-아니라-관리자가-정한-우선순위를-따른다-desktop/trace.zip

    ────────────────────────────────────────────────────────────────────────────────────────────────

  25) [desktop] › e2e/core.spec.ts:432:1 › 관리자는 앱 관리에서 추천 우선순위를 지정하거나 지운다 ──────────────────────────

    Error: browserType.launch: Executable doesn't exist at /mnt/c/Users/USER/projects/aidev/state/runs/2026-09-21-115415-appstore-improve/home/.cache/ms-playwright/chromium_headless_shell-1234/chrome-headless-shell-linux64/chrome-headless-shell
    ╔════════════════════════════════════════════════════════════╗
    ║ Looks like Playwright was just installed or updated.       ║
    ║ Please run the following command to download new browsers: ║
    ║                                                            ║
    ║     npx playwright install                                 ║
    ║                                                            ║
    ║ <3 Playwright Team                                         ║
    ╚════════════════════════════════════════════════════════════╝

    Error Context: test-results/core-관리자는-앱-관리에서-추천-우선순위를-지정하거나-지운다-desktop/error-context.md

    attachment #2: trace (application/zip) ─────────────────────────────────────────────────────────
    test-results/core-관리자는-앱-관리에서-추천-우선순위를-지정하거나-지운다-desktop/trace.zip
    Usage:

        npx playwright show-trace test-results/core-관리자는-앱-관리에서-추천-우선순위를-지정하거나-지운다-desktop/trace.zip

    ────────────────────────────────────────────────────────────────────────────────────────────────

  26) [desktop] › e2e/core.spec.ts:460:1 › 가이드 문서는 비로그인 방문자도 앱 상세에서 내려받는다 ──────────────────────────

    Error: browserType.launch: Executable doesn't exist at /mnt/c/Users/USER/projects/aidev/state/runs/2026-09-21-115415-appstore-improve/home/.cache/ms-playwright/chromium_headless_shell-1234/chrome-headless-shell-linux64/chrome-headless-shell
    ╔════════════════════════════════════════════════════════════╗
    ║ Looks like Playwright was just installed or updated.       ║
    ║ Please run the following command to download new browsers: ║
    ║                                                            ║
    ║     npx playwright install                                 ║
    ║                                                            ║
    ║ <3 Playwright Team                                         ║
    ╚════════════════════════════════════════════════════════════╝

    Error Context: test-results/core-가이드-문서는-비로그인-방문자도-앱-상세에서-내려받는다-desktop/error-context.md

    attachment #2: trace (application/zip) ─────────────────────────────────────────────────────────
    test-results/core-가이드-문서는-비로그인-방문자도-앱-상세에서-내려받는다-desktop/trace.zip
    Usage:

        npx playwright show-trace test-results/core-가이드-문서는-비로그인-방문자도-앱-상세에서-내려받는다-desktop/trace.zip

    ────────────────────────────────────────────────────────────────────────────────────────────────

  27) [desktop] › e2e/core.spec.ts:476:1 › 소유자는 앱 수정 화면에서 가이드 문서를 첨부하고 삭제를 예약한다 ────────────────────

    Error: browserType.launch: Executable doesn't exist at /mnt/c/Users/USER/projects/aidev/state/runs/2026-09-21-115415-appstore-improve/home/.cache/ms-playwright/chromium_headless_shell-1234/chrome-headless-shell-linux64/chrome-headless-shell
    ╔════════════════════════════════════════════════════════════╗
    ║ Looks like Playwright was just installed or updated.       ║
    ║ Please run the following command to download new browsers: ║
    ║                                                            ║
    ║     npx playwright install                                 ║
    ║                                                            ║
    ║ <3 Playwright Team                                         ║
    ╚════════════════════════════════════════════════════════════╝

    Error Context: test-results/core-소유자는-앱-수정-화면에서-가이드-문서를-첨부하고-삭제를-예약한다-desktop/error-context.md

    attachment #2: trace (application/zip) ─────────────────────────────────────────────────────────
    test-results/core-소유자는-앱-수정-화면에서-가이드-문서를-첨부하고-삭제를-예약한다-desktop/trace.zip
    Usage:

        npx playwright show-trace test-results/core-소유자는-앱-수정-화면에서-가이드-문서를-첨부하고-삭제를-예약한다-desktop/trace.zip

    ────────────────────────────────────────────────────────────────────────────────────────────────

  28) [desktop] › e2e/core.spec.ts:497:1 › 앱 카드는 이름 밖을 눌러도 앱 상세로 이동한다 ──────────────────────────────

    Error: browserType.launch: Executable doesn't exist at /mnt/c/Users/USER/projects/aidev/state/runs/2026-09-21-115415-appstore-improve/home/.cache/ms-playwright/chromium_headless_shell-1234/chrome-headless-shell-linux64/chrome-headless-shell
    ╔════════════════════════════════════════════════════════════╗
    ║ Looks like Playwright was just installed or updated.       ║
    ║ Please run the following command to download new browsers: ║
    ║                                                            ║
    ║     npx playwright install                                 ║
    ║                                                            ║
    ║ <3 Playwright Team                                         ║
    ╚════════════════════════════════════════════════════════════╝

    Error Context: test-results/core-앱-카드는-이름-밖을-눌러도-앱-상세로-이동한다-desktop/error-context.md

    attachment #2: trace (application/zip) ─────────────────────────────────────────────────────────
    test-results/core-앱-카드는-이름-밖을-눌러도-앱-상세로-이동한다-desktop/trace.zip
    Usage:

        npx playwright show-trace test-results/core-앱-카드는-이름-밖을-눌러도-앱-상세로-이동한다-desktop/trace.zip

    ────────────────────────────────────────────────────────────────────────────────────────────────

  29) [desktop] › e2e/core.spec.ts:508:1 › 게시되지 않은 내 앱의 카드는 수정 화면으로 열린다 ────────────────────────────

    Error: browserType.launch: Executable doesn't exist at /mnt/c/Users/USER/projects/aidev/state/runs/2026-09-21-115415-appstore-improve/home/.cache/ms-playwright/chromium_headless_shell-1234/chrome-headless-shell-linux64/chrome-headless-shell
    ╔════════════════════════════════════════════════════════════╗
    ║ Looks like Playwright was just installed or updated.       ║
    ║ Please run the following command to download new browsers: ║
    ║                                                            ║
    ║     npx playwright install                                 ║
    ║                                                            ║
    ║ <3 Playwright Team                                         ║
    ╚════════════════════════════════════════════════════════════╝

    Error Context: test-results/core-게시되지-않은-내-앱의-카드는-수정-화면으로-열린다-desktop/error-context.md

    attachment #2: trace (application/zip) ─────────────────────────────────────────────────────────
    test-results/core-게시되지-않은-내-앱의-카드는-수정-화면으로-열린다-desktop/trace.zip
    Usage:

        npx playwright show-trace test-results/core-게시되지-않은-내-앱의-카드는-수정-화면으로-열린다-desktop/trace.zip

    ────────────────────────────────────────────────────────────────────────────────────────────────

  30) [desktop] › e2e/core.spec.ts:525:1 › 관리자의 앱 카드는 자세히 글자 없이 아이콘만 보여 준다 ─────────────────────────

    Error: browserType.launch: Executable doesn't exist at /mnt/c/Users/USER/projects/aidev/state/runs/2026-09-21-115415-appstore-improve/home/.cache/ms-playwright/chromium_headless_shell-1234/chrome-headless-shell-linux64/chrome-headless-shell
    ╔════════════════════════════════════════════════════════════╗
    ║ Looks like Playwright was just installed or updated.       ║
    ║ Please run the following command to download new browsers: ║
    ║                                                            ║
    ║     npx playwright install                                 ║
    ║                                                            ║
    ║ <3 Playwright Team                                         ║
    ╚════════════════════════════════════════════════════════════╝

    Error Context: test-results/core-관리자의-앱-카드는-자세히-글자-없이-아이콘만-보여-준다-desktop/error-context.md

    attachment #2: trace (application/zip) ─────────────────────────────────────────────────────────
    test-results/core-관리자의-앱-카드는-자세히-글자-없이-아이콘만-보여-준다-desktop/trace.zip
    Usage:

        npx playwright show-trace test-results/core-관리자의-앱-카드는-자세히-글자-없이-아이콘만-보여-준다-desktop/trace.zip

    ────────────────────────────────────────────────────────────────────────────────────────────────

  31) [desktop] › e2e/core.spec.ts:540:1 › 보안 심의를 마쳐야 앱을 제출할 수 있다 ──────────────────────────────────

    Error: browserType.launch: Executable doesn't exist at /mnt/c/Users/USER/projects/aidev/state/runs/2026-09-21-115415-appstore-improve/home/.cache/ms-playwright/chromium_headless_shell-1234/chrome-headless-shell-linux64/chrome-headless-shell
    ╔════════════════════════════════════════════════════════════╗
    ║ Looks like Playwright was just installed or updated.       ║
    ║ Please run the following command to download new browsers: ║
    ║                                                            ║
    ║     npx playwright install                                 ║
    ║                                                            ║
    ║ <3 Playwright Team                                         ║
    ╚════════════════════════════════════════════════════════════╝

    Error Context: test-results/core-보안-심의를-마쳐야-앱을-제출할-수-있다-desktop/error-context.md

    attachment #2: trace (application/zip) ─────────────────────────────────────────────────────────
    test-results/core-보안-심의를-마쳐야-앱을-제출할-수-있다-desktop/trace.zip
    Usage:

        npx playwright show-trace test-results/core-보안-심의를-마쳐야-앱을-제출할-수-있다-desktop/trace.zip

    ────────────────────────────────────────────────────────────────────────────────────────────────

  32) [desktop] › e2e/core.spec.ts:554:1 › 관리자는 SecCheck 연동을 설정하고 연결을 확인한다 ─────────────────────────

    Error: browserType.launch: Executable doesn't exist at /mnt/c/Users/USER/projects/aidev/state/runs/2026-09-21-115415-appstore-improve/home/.cache/ms-playwright/chromium_headless_shell-1234/chrome-headless-shell-linux64/chrome-headless-shell
    ╔════════════════════════════════════════════════════════════╗
    ║ Looks like Playwright was just installed or updated.       ║
    ║ Please run the following command to download new browsers: ║
    ║                                                            ║
    ║     npx playwright install                                 ║
    ║                                                            ║
    ║ <3 Playwright Team                                         ║
    ╚════════════════════════════════════════════════════════════╝

    Error Context: test-results/core-관리자는-SecCheck-연동을-설정하고-연결을-확인한다-desktop/error-context.md

    attachment #2: trace (application/zip) ─────────────────────────────────────────────────────────
    test-results/core-관리자는-SecCheck-연동을-설정하고-연결을-확인한다-desktop/trace.zip
    Usage:

        npx playwright show-trace test-results/core-관리자는-SecCheck-연동을-설정하고-연결을-확인한다-desktop/trace.zip

    ────────────────────────────────────────────────────────────────────────────────────────────────

  33) [desktop] › e2e/core.spec.ts:569:1 › 검토자는 앱 내용과 이전 검토를 보고 의견과 함께 결정한다 ────────────────────────

    Error: browserType.launch: Executable doesn't exist at /mnt/c/Users/USER/projects/aidev/state/runs/2026-09-21-115415-appstore-improve/home/.cache/ms-playwright/chromium_headless_shell-1234/chrome-headless-shell-linux64/chrome-headless-shell
    ╔════════════════════════════════════════════════════════════╗
    ║ Looks like Playwright was just installed or updated.       ║
    ║ Please run the following command to download new browsers: ║
    ║                                                            ║
    ║     npx playwright install                                 ║
    ║                                                            ║
    ║ <3 Playwright Team                                         ║
    ╚════════════════════════════════════════════════════════════╝

    Error Context: test-results/core-검토자는-앱-내용과-이전-검토를-보고-의견과-함께-결정한다-desktop/error-context.md

    attachment #2: trace (application/zip) ─────────────────────────────────────────────────────────
    test-results/core-검토자는-앱-내용과-이전-검토를-보고-의견과-함께-결정한다-desktop/trace.zip
    Usage:

        npx playwright show-trace test-results/core-검토자는-앱-내용과-이전-검토를-보고-의견과-함께-결정한다-desktop/trace.zip

    ────────────────────────────────────────────────────────────────────────────────────────────────

  34) [desktop] › e2e/visual.spec.ts:123:1 › 공개 주요 화면 캡처 ───────────────────────────────────────────

    Error: browserType.launch: Executable doesn't exist at /mnt/c/Users/USER/projects/aidev/state/runs/2026-09-21-115415-appstore-improve/home/.cache/ms-playwright/chromium_headless_shell-1234/chrome-headless-shell-linux64/chrome-headless-shell
    ╔════════════════════════════════════════════════════════════╗
    ║ Looks like Playwright was just installed or updated.       ║
    ║ Please run the following command to download new browsers: ║
    ║                                                            ║
    ║     npx playwright install                                 ║
    ║                                                            ║
    ║ <3 Playwright Team                                         ║
    ╚════════════════════════════════════════════════════════════╝

    Error Context: test-results/visual-공개-주요-화면-캡처-desktop/error-context.md

    attachment #2: trace (application/zip) ─────────────────────────────────────────────────────────
    test-results/visual-공개-주요-화면-캡처-desktop/trace.zip
    Usage:

        npx playwright show-trace test-results/visual-공개-주요-화면-캡처-desktop/trace.zip

    ────────────────────────────────────────────────────────────────────────────────────────────────

  35) [desktop] › e2e/visual.spec.ts:154:1 › 개인화·검토 주요 화면 캡처 ───────────────────────────────────────

    Error: browserType.launch: Executable doesn't exist at /mnt/c/Users/USER/projects/aidev/state/runs/2026-09-21-115415-appstore-improve/home/.cache/ms-playwright/chromium_headless_shell-1234/chrome-headless-shell-linux64/chrome-headless-shell
    ╔════════════════════════════════════════════════════════════╗
    ║ Looks like Playwright was just installed or updated.       ║
    ║ Please run the following command to download new browsers: ║
    ║                                                            ║
    ║     npx playwright install                                 ║
    ║                                                            ║
    ║ <3 Playwright Team                                         ║
    ╚════════════════════════════════════════════════════════════╝

    Error Context: test-results/visual-개인화·검토-주요-화면-캡처-desktop/error-context.md

    attachment #2: trace (application/zip) ─────────────────────────────────────────────────────────
    test-results/visual-개인화·검토-주요-화면-캡처-desktop/trace.zip
    Usage:

        npx playwright show-trace test-results/visual-개인화·검토-주요-화면-캡처-desktop/trace.zip

    ────────────────────────────────────────────────────────────────────────────────────────────────

  36) [desktop] › e2e/visual.spec.ts:159:1 › 관리자 전체 주요 화면 캡처 ───────────────────────────────────────

    Error: browserType.launch: Executable doesn't exist at /mnt/c/Users/USER/projects/aidev/state/runs/2026-09-21-115415-appstore-improve/home/.cache/ms-playwright/chromium_headless_shell-1234/chrome-headless-shell-linux64/chrome-headless-shell
    ╔════════════════════════════════════════════════════════════╗
    ║ Looks like Playwright was just installed or updated.       ║
    ║ Please run the following command to download new browsers: ║
    ║                                                            ║
    ║     npx playwright install                                 ║
    ║                                                            ║
    ║ <3 Playwright Team                                         ║
    ╚════════════════════════════════════════════════════════════╝

    Error Context: test-results/visual-관리자-전체-주요-화면-캡처-desktop/error-context.md

    attachment #2: trace (application/zip) ─────────────────────────────────────────────────────────
    test-results/visual-관리자-전체-주요-화면-캡처-desktop/trace.zip
    Usage:

        npx playwright show-trace test-results/visual-관리자-전체-주요-화면-캡처-desktop/trace.zip

    ────────────────────────────────────────────────────────────────────────────────────────────────

  37) [mobile] › e2e/core.spec.ts:4:1 › 공개 탐색과 URL 검색 상태는 새로고침 후에도 유지된다 ────────────────────────────

    Error: browserType.launch: Executable doesn't exist at /mnt/c/Users/USER/projects/aidev/state/runs/2026-09-21-115415-appstore-improve/home/.cache/ms-playwright/chromium_headless_shell-1234/chrome-headless-shell-linux64/chrome-headless-shell
    ╔════════════════════════════════════════════════════════════╗
    ║ Looks like Playwright was just installed or updated.       ║
    ║ Please run the following command to download new browsers: ║
    ║                                                            ║
    ║     npx playwright install                                 ║
    ║                                                            ║
    ║ <3 Playwright Team                                         ║
    ╚════════════════════════════════════════════════════════════╝

    Error Context: test-results/core-공개-탐색과-URL-검색-상태는-새로고침-후에도-유지된다-mobile/error-context.md

    attachment #2: trace (application/zip) ─────────────────────────────────────────────────────────
    test-results/core-공개-탐색과-URL-검색-상태는-새로고침-후에도-유지된다-mobile/trace.zip
    Usage:

        npx playwright show-trace test-results/core-공개-탐색과-URL-검색-상태는-새로고침-후에도-유지된다-mobile/trace.zip

    ────────────────────────────────────────────────────────────────────────────────────────────────

  38) [mobile] › e2e/core.spec.ts:19:1 › 비로그인 등록 접근은 원래 URL을 보존한 로그인 화면으로 이동한다 ─────────────────────

    Error: browserType.launch: Executable doesn't exist at /mnt/c/Users/USER/projects/aidev/state/runs/2026-09-21-115415-appstore-improve/home/.cache/ms-playwright/chromium_headless_shell-1234/chrome-headless-shell-linux64/chrome-headless-shell
    ╔════════════════════════════════════════════════════════════╗
    ║ Looks like Playwright was just installed or updated.       ║
    ║ Please run the following command to download new browsers: ║
    ║                                                            ║
    ║     npx playwright install                                 ║
    ║                                                            ║
    ║ <3 Playwright Team                                         ║
    ╚════════════════════════════════════════════════════════════╝

    Error Context: test-results/core-비로그인-등록-접근은-원래-URL을-보존한-로그인-화면으로-이동한다-mobile/error-context.md

    attachment #2: trace (application/zip) ─────────────────────────────────────────────────────────
    test-results/core-비로그인-등록-접근은-원래-URL을-보존한-로그인-화면으로-이동한다-mobile/trace.zip
    Usage:

        npx playwright show-trace test-results/core-비로그인-등록-접근은-원래-URL을-보존한-로그인-화면으로-이동한다-mobile/trace.zip

    ────────────────────────────────────────────────────────────────────────────────────────────────

  39) [mobile] › e2e/core.spec.ts:31:1 › 일반 사용자는 관리자 화면에서 403 상태를 본다 ───────────────────────────────

    Error: browserType.launch: Executable doesn't exist at /mnt/c/Users/USER/projects/aidev/state/runs/2026-09-21-115415-appstore-improve/home/.cache/ms-playwright/chromium_headless_shell-1234/chrome-headless-shell-linux64/chrome-headless-shell
    ╔════════════════════════════════════════════════════════════╗
    ║ Looks like Playwright was just installed or updated.       ║
    ║ Please run the following command to download new browsers: ║
    ║                                                            ║
    ║     npx playwright install                                 ║
    ║                                                            ║
    ║ <3 Playwright Team                                         ║
    ╚════════════════════════════════════════════════════════════╝

    Error Context: test-results/core-일반-사용자는-관리자-화면에서-403-상태를-본다-mobile/error-context.md

    attachment #2: trace (application/zip) ─────────────────────────────────────────────────────────
    test-results/core-일반-사용자는-관리자-화면에서-403-상태를-본다-mobile/trace.zip
    Usage:

        npx playwright show-trace test-results/core-일반-사용자는-관리자-화면에서-403-상태를-본다-mobile/trace.zip

    ────────────────────────────────────────────────────────────────────────────────────────────────

  40) [mobile] › e2e/core.spec.ts:42:1 › 관리자 사용자 목록은 가상화되고 route refresh를 견딘다 ──────────────────────

    Error: browserType.launch: Executable doesn't exist at /mnt/c/Users/USER/projects/aidev/state/runs/2026-09-21-115415-appstore-improve/home/.cache/ms-playwright/chromium_headless_shell-1234/chrome-headless-shell-linux64/chrome-headless-shell
    ╔════════════════════════════════════════════════════════════╗
    ║ Looks like Playwright was just installed or updated.       ║
    ║ Please run the following command to download new browsers: ║
    ║                                                            ║
    ║     npx playwright install                                 ║
    ║                                                            ║
    ║ <3 Playwright Team                                         ║
    ╚════════════════════════════════════════════════════════════╝

    Error Context: test-results/core-관리자-사용자-목록은-가상화되고-route-refresh를-견딘다-mobile/error-context.md

    attachment #2: trace (application/zip) ─────────────────────────────────────────────────────────
    test-results/core-관리자-사용자-목록은-가상화되고-route-refresh를-견딘다-mobile/trace.zip
    Usage:

        npx playwright show-trace test-results/core-관리자-사용자-목록은-가상화되고-route-refresh를-견딘다-mobile/trace.zip

    ────────────────────────────────────────────────────────────────────────────────────────────────

  41) [mobile] › e2e/core.spec.ts:55:1 › AI는 256K 설정과 SSE token streaming을 처리한다 ────────────────────

    Error: browserType.launch: Executable doesn't exist at /mnt/c/Users/USER/projects/aidev/state/runs/2026-09-21-115415-appstore-improve/home/.cache/ms-playwright/chromium_headless_shell-1234/chrome-headless-shell-linux64/chrome-headless-shell
    ╔════════════════════════════════════════════════════════════╗
    ║ Looks like Playwright was just installed or updated.       ║
    ║ Please run the following command to download new browsers: ║
    ║                                                            ║
    ║     npx playwright install                                 ║
    ║                                                            ║
    ║ <3 Playwright Team                                         ║
    ╚════════════════════════════════════════════════════════════╝

    Error Context: test-results/core-AI는-256K-설정과-SSE-token-streaming을-처리한다-mobile/error-context.md

    attachment #2: trace (application/zip) ─────────────────────────────────────────────────────────
    test-results/core-AI는-256K-설정과-SSE-token-streaming을-처리한다-mobile/trace.zip
    Usage:

        npx playwright show-trace test-results/core-AI는-256K-설정과-SSE-token-streaming을-처리한다-mobile/trace.zip

    ────────────────────────────────────────────────────────────────────────────────────────────────

  42) [mobile] › e2e/core.spec.ts:69:1 › 관리자는 Key Permission과 Template을 편집할 수 있다 ───────────────────

    Error: browserType.launch: Executable doesn't exist at /mnt/c/Users/USER/projects/aidev/state/runs/2026-09-21-115415-appstore-improve/home/.cache/ms-playwright/chromium_headless_shell-1234/chrome-headless-shell-linux64/chrome-headless-shell
    ╔════════════════════════════════════════════════════════════╗
    ║ Looks like Playwright was just installed or updated.       ║
    ║ Please run the following command to download new browsers: ║
    ║                                                            ║
    ║     npx playwright install                                 ║
    ║                                                            ║
    ║ <3 Playwright Team                                         ║
    ╚════════════════════════════════════════════════════════════╝

    Error Context: test-results/core-관리자는-Key-Permission과-Template을-편집할-수-있다-mobile/error-context.md

    attachment #2: trace (application/zip) ─────────────────────────────────────────────────────────
    test-results/core-관리자는-Key-Permission과-Template을-편집할-수-있다-mobile/trace.zip
    Usage:

        npx playwright show-trace test-results/core-관리자는-Key-Permission과-Template을-편집할-수-있다-mobile/trace.zip

    ────────────────────────────────────────────────────────────────────────────────────────────────

  43) [mobile] › e2e/core.spec.ts:89:1 › light/dark 테마 선택은 새로고침 후 유지된다 ─────────────────────────────

    Error: browserType.launch: Executable doesn't exist at /mnt/c/Users/USER/projects/aidev/state/runs/2026-09-21-115415-appstore-improve/home/.cache/ms-playwright/chromium_headless_shell-1234/chrome-headless-shell-linux64/chrome-headless-shell
    ╔════════════════════════════════════════════════════════════╗
    ║ Looks like Playwright was just installed or updated.       ║
    ║ Please run the following command to download new browsers: ║
    ║                                                            ║
    ║     npx playwright install                                 ║
    ║                                                            ║
    ║ <3 Playwright Team                                         ║
    ╚════════════════════════════════════════════════════════════╝

    Error Context: test-results/core-light-dark-테마-선택은-새로고침-후-유지된다-mobile/error-context.md

    attachment #2: trace (application/zip) ─────────────────────────────────────────────────────────
    test-results/core-light-dark-테마-선택은-새로고침-후-유지된다-mobile/trace.zip
    Usage:

        npx playwright show-trace test-results/core-light-dark-테마-선택은-새로고침-후-유지된다-mobile/trace.zip

    ────────────────────────────────────────────────────────────────────────────────────────────────

  44) [mobile] › e2e/core.spec.ts:101:1 › 모바일 메뉴는 키보드와 명시적 버튼으로 접근 가능하다 ────────────────────────────

    Error: browserType.launch: Executable doesn't exist at /mnt/c/Users/USER/projects/aidev/state/runs/2026-09-21-115415-appstore-improve/home/.cache/ms-playwright/chromium_headless_shell-1234/chrome-headless-shell-linux64/chrome-headless-shell
    ╔════════════════════════════════════════════════════════════╗
    ║ Looks like Playwright was just installed or updated.       ║
    ║ Please run the following command to download new browsers: ║
    ║                                                            ║
    ║     npx playwright install                                 ║
    ║                                                            ║
    ║ <3 Playwright Team                                         ║
    ╚════════════════════════════════════════════════════════════╝

    Error Context: test-results/core-모바일-메뉴는-키보드와-명시적-버튼으로-접근-가능하다-mobile/error-context.md

    attachment #2: trace (application/zip) ─────────────────────────────────────────────────────────
    test-results/core-모바일-메뉴는-키보드와-명시적-버튼으로-접근-가능하다-mobile/trace.zip
    Usage:

        npx playwright show-trace test-results/core-모바일-메뉴는-키보드와-명시적-버튼으로-접근-가능하다-mobile/trace.zip

    ────────────────────────────────────────────────────────────────────────────────────────────────

  45) [mobile] › e2e/core.spec.ts:115:1 › 관리자는 앱 상세를 수정하고 삭제 확인 후 목록으로 돌아온다 ────────────────────────

    Error: browserType.launch: Executable doesn't exist at /mnt/c/Users/USER/projects/aidev/state/runs/2026-09-21-115415-appstore-improve/home/.cache/ms-playwright/chromium_headless_shell-1234/chrome-headless-shell-linux64/chrome-headless-shell
    ╔════════════════════════════════════════════════════════════╗
    ║ Looks like Playwright was just installed or updated.       ║
    ║ Please run the following command to download new browsers: ║
    ║                                                            ║
    ║     npx playwright install                                 ║
    ║                                                            ║
    ║ <3 Playwright Team                                         ║
    ╚════════════════════════════════════════════════════════════╝

    Error Context: test-results/core-관리자는-앱-상세를-수정하고-삭제-확인-후-목록으로-돌아온다-mobile/error-context.md

    attachment #2: trace (application/zip) ─────────────────────────────────────────────────────────
    test-results/core-관리자는-앱-상세를-수정하고-삭제-확인-후-목록으로-돌아온다-mobile/trace.zip
    Usage:

        npx playwright show-trace test-results/core-관리자는-앱-상세를-수정하고-삭제-확인-후-목록으로-돌아온다-mobile/trace.zip

    ────────────────────────────────────────────────────────────────────────────────────────────────

  46) [mobile] › e2e/core.spec.ts:136:1 › SSO 연결 테스트는 discovery endpoint를 표시한다 ─────────────────────

    Error: browserType.launch: Executable doesn't exist at /mnt/c/Users/USER/projects/aidev/state/runs/2026-09-21-115415-appstore-improve/home/.cache/ms-playwright/chromium_headless_shell-1234/chrome-headless-shell-linux64/chrome-headless-shell
    ╔════════════════════════════════════════════════════════════╗
    ║ Looks like Playwright was just installed or updated.       ║
    ║ Please run the following command to download new browsers: ║
    ║                                                            ║
    ║     npx playwright install                                 ║
    ║                                                            ║
    ║ <3 Playwright Team                                         ║
    ╚════════════════════════════════════════════════════════════╝

    Error Context: test-results/core-SSO-연결-테스트는-discovery-endpoint를-표시한다-mobile/error-context.md

    attachment #2: trace (application/zip) ─────────────────────────────────────────────────────────
    test-results/core-SSO-연결-테스트는-discovery-endpoint를-표시한다-mobile/trace.zip
    Usage:

        npx playwright show-trace test-results/core-SSO-연결-테스트는-discovery-endpoint를-표시한다-mobile/trace.zip

    ────────────────────────────────────────────────────────────────────────────────────────────────

  47) [mobile] › e2e/core.spec.ts:149:1 › 스토어 메뉴는 Apps와 MCP Apps를 동시에 선택하지 않는다 ─────────────────────

    Error: browserType.launch: Executable doesn't exist at /mnt/c/Users/USER/projects/aidev/state/runs/2026-09-21-115415-appstore-improve/home/.cache/ms-playwright/chromium_headless_shell-1234/chrome-headless-shell-linux64/chrome-headless-shell
    ╔════════════════════════════════════════════════════════════╗
    ║ Looks like Playwright was just installed or updated.       ║
    ║ Please run the following command to download new browsers: ║
    ║                                                            ║
    ║     npx playwright install                                 ║
    ║                                                            ║
    ║ <3 Playwright Team                                         ║
    ╚════════════════════════════════════════════════════════════╝

    Error Context: test-results/core-스토어-메뉴는-Apps와-MCP-Apps를-동시에-선택하지-않는다-mobile/error-context.md

    attachment #2: trace (application/zip) ─────────────────────────────────────────────────────────
    test-results/core-스토어-메뉴는-Apps와-MCP-Apps를-동시에-선택하지-않는다-mobile/trace.zip
    Usage:

        npx playwright show-trace test-results/core-스토어-메뉴는-Apps와-MCP-Apps를-동시에-선택하지-않는다-mobile/trace.zip

    ────────────────────────────────────────────────────────────────────────────────────────────────

  48) [mobile] › e2e/core.spec.ts:171:3 › SSO 전용 설치에서는 사용 가능한 로그인 방식만 표시한다 ─────────────────────────

    Error: browserType.launch: Executable doesn't exist at /mnt/c/Users/USER/projects/aidev/state/runs/2026-09-21-115415-appstore-improve/home/.cache/ms-playwright/chromium_headless_shell-1234/chrome-headless-shell-linux64/chrome-headless-shell
    ╔════════════════════════════════════════════════════════════╗
    ║ Looks like Playwright was just installed or updated.       ║
    ║ Please run the following command to download new browsers: ║
    ║                                                            ║
    ║     npx playwright install                                 ║
    ║                                                            ║
    ║ <3 Playwright Team                                         ║
    ╚════════════════════════════════════════════════════════════╝

    Error Context: test-results/core-SSO-전용-설치에서는-사용-가능한-로그인-방식만-표시한다-mobile/error-context.md

    attachment #2: trace (application/zip) ─────────────────────────────────────────────────────────
    test-results/core-SSO-전용-설치에서는-사용-가능한-로그인-방식만-표시한다-mobile/trace.zip
    Usage:

        npx playwright show-trace test-results/core-SSO-전용-설치에서는-사용-가능한-로그인-방식만-표시한다-mobile/trace.zip

    ────────────────────────────────────────────────────────────────────────────────────────────────

  49) [mobile] › e2e/core.spec.ts:171:3 › Bootstrap 전용 설치에서는 사용 가능한 로그인 방식만 표시한다 ───────────────────

    Error: browserType.launch: Executable doesn't exist at /mnt/c/Users/USER/projects/aidev/state/runs/2026-09-21-115415-appstore-improve/home/.cache/ms-playwright/chromium_headless_shell-1234/chrome-headless-shell-linux64/chrome-headless-shell
    ╔════════════════════════════════════════════════════════════╗
    ║ Looks like Playwright was just installed or updated.       ║
    ║ Please run the following command to download new browsers: ║
    ║                                                            ║
    ║     npx playwright install                                 ║
    ║                                                            ║
    ║ <3 Playwright Team                                         ║
    ╚════════════════════════════════════════════════════════════╝

    Error Context: test-results/core-Bootstrap-전용-설치에서는-사용-가능한-로그인-방식만-표시한다-mobile/error-context.md

    attachment #2: trace (application/zip) ─────────────────────────────────────────────────────────
    test-results/core-Bootstrap-전용-설치에서는-사용-가능한-로그인-방식만-표시한다-mobile/trace.zip
    Usage:

        npx playwright show-trace test-results/core-Bootstrap-전용-설치에서는-사용-가능한-로그인-방식만-표시한다-mobile/trace.zip

    ────────────────────────────────────────────────────────────────────────────────────────────────

  50) [mobile] › e2e/core.spec.ts:214:1 › SSO를 설정해도 복구용 관리자 로그인을 계속 사용할 수 있다 ───────────────────────

    Error: browserType.launch: Executable doesn't exist at /mnt/c/Users/USER/projects/aidev/state/runs/2026-09-21-115415-appstore-improve/home/.cache/ms-playwright/chromium_headless_shell-1234/chrome-headless-shell-linux64/chrome-headless-shell
    ╔════════════════════════════════════════════════════════════╗
    ║ Looks like Playwright was just installed or updated.       ║
    ║ Please run the following command to download new browsers: ║
    ║                                                            ║
    ║     npx playwright install                                 ║
    ║                                                            ║
    ║ <3 Playwright Team                                         ║
    ╚════════════════════════════════════════════════════════════╝

    Error Context: test-results/core-SSO를-설정해도-복구용-관리자-로그인을-계속-사용할-수-있다-mobile/error-context.md

    attachment #2: trace (application/zip) ─────────────────────────────────────────────────────────
    test-results/core-SSO를-설정해도-복구용-관리자-로그인을-계속-사용할-수-있다-mobile/trace.zip
    Usage:

        npx playwright show-trace test-results/core-SSO를-설정해도-복구용-관리자-로그인을-계속-사용할-수-있다-mobile/trace.zip

    ────────────────────────────────────────────────────────────────────────────────────────────────

  51) [mobile] › e2e/core.spec.ts:236:1 › 거절된 silent SSO 뒤 로그인 화면은 이유를 알리고 SSO 링크는 그대로다 ────────────

    Error: browserType.launch: Executable doesn't exist at /mnt/c/Users/USER/projects/aidev/state/runs/2026-09-21-115415-appstore-improve/home/.cache/ms-playwright/chromium_headless_shell-1234/chrome-headless-shell-linux64/chrome-headless-shell
    ╔════════════════════════════════════════════════════════════╗
    ║ Looks like Playwright was just installed or updated.       ║
    ║ Please run the following command to download new browsers: ║
    ║                                                            ║
    ║     npx playwright install                                 ║
    ║                                                            ║
    ║ <3 Playwright Team                                         ║
    ╚════════════════════════════════════════════════════════════╝

    Error Context: test-results/core-거절된-silent-SSO-뒤-로그인-화면은-이유를-알리고-SSO-링크는-그대로다-mobile/error-context.md

    attachment #2: trace (application/zip) ─────────────────────────────────────────────────────────
    test-results/core-거절된-silent-SSO-뒤-로그인-화면은-이유를-알리고-SSO-링크는-그대로다-mobile/trace.zip
    Usage:

        npx playwright show-trace test-results/core-거절된-silent-SSO-뒤-로그인-화면은-이유를-알리고-SSO-링크는-그대로다-mobile/trace.zip

    ────────────────────────────────────────────────────────────────────────────────────────────────

  52) [mobile] › e2e/core.spec.ts:252:1 › 관리자는 스토어 목록과 상세에서 관리 설정으로 바로 이동한다 ────────────────────────

    Error: browserType.launch: Executable doesn't exist at /mnt/c/Users/USER/projects/aidev/state/runs/2026-09-21-115415-appstore-improve/home/.cache/ms-playwright/chromium_headless_shell-1234/chrome-headless-shell-linux64/chrome-headless-shell
    ╔════════════════════════════════════════════════════════════╗
    ║ Looks like Playwright was just installed or updated.       ║
    ║ Please run the following command to download new browsers: ║
    ║                                                            ║
    ║     npx playwright install                                 ║
    ║                                                            ║
    ║ <3 Playwright Team                                         ║
    ╚════════════════════════════════════════════════════════════╝

    Error Context: test-results/core-관리자는-스토어-목록과-상세에서-관리-설정으로-바로-이동한다-mobile/error-context.md

    attachment #2: trace (application/zip) ─────────────────────────────────────────────────────────
    test-results/core-관리자는-스토어-목록과-상세에서-관리-설정으로-바로-이동한다-mobile/trace.zip
    Usage:

        npx playwright show-trace test-results/core-관리자는-스토어-목록과-상세에서-관리-설정으로-바로-이동한다-mobile/trace.zip

    ────────────────────────────────────────────────────────────────────────────────────────────────

  53) [mobile] › e2e/core.spec.ts:270:1 › 일반 사용자에게는 관리 설정 바로가기가 보이지 않는다 ────────────────────────────

    Error: browserType.launch: Executable doesn't exist at /mnt/c/Users/USER/projects/aidev/state/runs/2026-09-21-115415-appstore-improve/home/.cache/ms-playwright/chromium_headless_shell-1234/chrome-headless-shell-linux64/chrome-headless-shell
    ╔════════════════════════════════════════════════════════════╗
    ║ Looks like Playwright was just installed or updated.       ║
    ║ Please run the following command to download new browsers: ║
    ║                                                            ║
    ║     npx playwright install                                 ║
    ║                                                            ║
    ║ <3 Playwright Team                                         ║
    ╚════════════════════════════════════════════════════════════╝

    Error Context: test-results/core-일반-사용자에게는-관리-설정-바로가기가-보이지-않는다-mobile/error-context.md

    attachment #2: trace (application/zip) ─────────────────────────────────────────────────────────
    test-results/core-일반-사용자에게는-관리-설정-바로가기가-보이지-않는다-mobile/trace.zip
    Usage:

        npx playwright show-trace test-results/core-일반-사용자에게는-관리-설정-바로가기가-보이지-않는다-mobile/trace.zip

    ────────────────────────────────────────────────────────────────────────────────────────────────

  54) [mobile] › e2e/core.spec.ts:284:1 › 관리자는 앱 관리에서 새 앱을 등록한다 ────────────────────────────────────

    Error: browserType.launch: Executable doesn't exist at /mnt/c/Users/USER/projects/aidev/state/runs/2026-09-21-115415-appstore-improve/home/.cache/ms-playwright/chromium_headless_shell-1234/chrome-headless-shell-linux64/chrome-headless-shell
    ╔════════════════════════════════════════════════════════════╗
    ║ Looks like Playwright was just installed or updated.       ║
    ║ Please run the following command to download new browsers: ║
    ║                                                            ║
    ║     npx playwright install                                 ║
    ║                                                            ║
    ║ <3 Playwright Team                                         ║
    ╚════════════════════════════════════════════════════════════╝

    Error Context: test-results/core-관리자는-앱-관리에서-새-앱을-등록한다-mobile/error-context.md

    attachment #2: trace (application/zip) ─────────────────────────────────────────────────────────
    test-results/core-관리자는-앱-관리에서-새-앱을-등록한다-mobile/trace.zip
    Usage:

        npx playwright show-trace test-results/core-관리자는-앱-관리에서-새-앱을-등록한다-mobile/trace.zip

    ────────────────────────────────────────────────────────────────────────────────────────────────

  55) [mobile] › e2e/core.spec.ts:303:1 › 빠른 이동 팔레트로 메뉴와 앱으로 이동한다 ──────────────────────────────────

    Error: browserType.launch: Executable doesn't exist at /mnt/c/Users/USER/projects/aidev/state/runs/2026-09-21-115415-appstore-improve/home/.cache/ms-playwright/chromium_headless_shell-1234/chrome-headless-shell-linux64/chrome-headless-shell
    ╔════════════════════════════════════════════════════════════╗
    ║ Looks like Playwright was just installed or updated.       ║
    ║ Please run the following command to download new browsers: ║
    ║                                                            ║
    ║     npx playwright install                                 ║
    ║                                                            ║
    ║ <3 Playwright Team                                         ║
    ╚════════════════════════════════════════════════════════════╝

    Error Context: test-results/core-빠른-이동-팔레트로-메뉴와-앱으로-이동한다-mobile/error-context.md

    attachment #2: trace (application/zip) ─────────────────────────────────────────────────────────
    test-results/core-빠른-이동-팔레트로-메뉴와-앱으로-이동한다-mobile/trace.zip
    Usage:

        npx playwright show-trace test-results/core-빠른-이동-팔레트로-메뉴와-앱으로-이동한다-mobile/trace.zip

    ────────────────────────────────────────────────────────────────────────────────────────────────

  56) [mobile] › e2e/core.spec.ts:330:1 › 빠른 이동 팔레트는 esc로 닫히고 최근 항목을 기억한다 ──────────────────────────

    Error: browserType.launch: Executable doesn't exist at /mnt/c/Users/USER/projects/aidev/state/runs/2026-09-21-115415-appstore-improve/home/.cache/ms-playwright/chromium_headless_shell-1234/chrome-headless-shell-linux64/chrome-headless-shell
    ╔════════════════════════════════════════════════════════════╗
    ║ Looks like Playwright was just installed or updated.       ║
    ║ Please run the following command to download new browsers: ║
    ║                                                            ║
    ║     npx playwright install                                 ║
    ║                                                            ║
    ║ <3 Playwright Team                                         ║
    ╚════════════════════════════════════════════════════════════╝

    Error Context: test-results/core-빠른-이동-팔레트는-esc로-닫히고-최근-항목을-기억한다-mobile/error-context.md

    attachment #2: trace (application/zip) ─────────────────────────────────────────────────────────
    test-results/core-빠른-이동-팔레트는-esc로-닫히고-최근-항목을-기억한다-mobile/trace.zip
    Usage:

        npx playwright show-trace test-results/core-빠른-이동-팔레트는-esc로-닫히고-최근-항목을-기억한다-mobile/trace.zip

    ────────────────────────────────────────────────────────────────────────────────────────────────

  57) [mobile] › e2e/core.spec.ts:349:1 › 관리자는 로고와 파비콘을 업로드하고 주소로 가져온다 ─────────────────────────────

    Error: browserType.launch: Executable doesn't exist at /mnt/c/Users/USER/projects/aidev/state/runs/2026-09-21-115415-appstore-improve/home/.cache/ms-playwright/chromium_headless_shell-1234/chrome-headless-shell-linux64/chrome-headless-shell
    ╔════════════════════════════════════════════════════════════╗
    ║ Looks like Playwright was just installed or updated.       ║
    ║ Please run the following command to download new browsers: ║
    ║                                                            ║
    ║     npx playwright install                                 ║
    ║                                                            ║
    ║ <3 Playwright Team                                         ║
    ╚════════════════════════════════════════════════════════════╝

    Error Context: test-results/core-관리자는-로고와-파비콘을-업로드하고-주소로-가져온다-mobile/error-context.md

    attachment #2: trace (application/zip) ─────────────────────────────────────────────────────────
    test-results/core-관리자는-로고와-파비콘을-업로드하고-주소로-가져온다-mobile/trace.zip
    Usage:

        npx playwright show-trace test-results/core-관리자는-로고와-파비콘을-업로드하고-주소로-가져온다-mobile/trace.zip

    ────────────────────────────────────────────────────────────────────────────────────────────────

  58) [mobile] › e2e/core.spec.ts:388:1 › 앱 관리 목록에서 서비스 주소로 바로 이동한다 ────────────────────────────────

    Error: browserType.launch: Executable doesn't exist at /mnt/c/Users/USER/projects/aidev/state/runs/2026-09-21-115415-appstore-improve/home/.cache/ms-playwright/chromium_headless_shell-1234/chrome-headless-shell-linux64/chrome-headless-shell
    ╔════════════════════════════════════════════════════════════╗
    ║ Looks like Playwright was just installed or updated.       ║
    ║ Please run the following command to download new browsers: ║
    ║                                                            ║
    ║     npx playwright install                                 ║
    ║                                                            ║
    ║ <3 Playwright Team                                         ║
    ╚════════════════════════════════════════════════════════════╝

    Error Context: test-results/core-앱-관리-목록에서-서비스-주소로-바로-이동한다-mobile/error-context.md

    attachment #2: trace (application/zip) ─────────────────────────────────────────────────────────
    test-results/core-앱-관리-목록에서-서비스-주소로-바로-이동한다-mobile/trace.zip
    Usage:

        npx playwright show-trace test-results/core-앱-관리-목록에서-서비스-주소로-바로-이동한다-mobile/trace.zip

    ────────────────────────────────────────────────────────────────────────────────────────────────

  59) [mobile] › e2e/core.spec.ts:396:1 › 첫 화면 배너는 관리자가 저장한 문구를 사용한다 ───────────────────────────────

    Error: browserType.launch: Executable doesn't exist at /mnt/c/Users/USER/projects/aidev/state/runs/2026-09-21-115415-appstore-improve/home/.cache/ms-playwright/chromium_headless_shell-1234/chrome-headless-shell-linux64/chrome-headless-shell
    ╔════════════════════════════════════════════════════════════╗
    ║ Looks like Playwright was just installed or updated.       ║
    ║ Please run the following command to download new browsers: ║
    ║                                                            ║
    ║     npx playwright install                                 ║
    ║                                                            ║
    ║ <3 Playwright Team                                         ║
    ╚════════════════════════════════════════════════════════════╝

    Error Context: test-results/core-첫-화면-배너는-관리자가-저장한-문구를-사용한다-mobile/error-context.md

    attachment #2: trace (application/zip) ─────────────────────────────────────────────────────────
    test-results/core-첫-화면-배너는-관리자가-저장한-문구를-사용한다-mobile/trace.zip
    Usage:

        npx playwright show-trace test-results/core-첫-화면-배너는-관리자가-저장한-문구를-사용한다-mobile/trace.zip

    ────────────────────────────────────────────────────────────────────────────────────────────────

  60) [mobile] › e2e/core.spec.ts:420:1 › 추천 진열은 최신순이 아니라 관리자가 정한 우선순위를 따른다 ────────────────────────

    Error: browserType.launch: Executable doesn't exist at /mnt/c/Users/USER/projects/aidev/state/runs/2026-09-21-115415-appstore-improve/home/.cache/ms-playwright/chromium_headless_shell-1234/chrome-headless-shell-linux64/chrome-headless-shell
    ╔════════════════════════════════════════════════════════════╗
    ║ Looks like Playwright was just installed or updated.       ║
    ║ Please run the following command to download new browsers: ║
    ║                                                            ║
    ║     npx playwright install                                 ║
    ║                                                            ║
    ║ <3 Playwright Team                                         ║
    ╚════════════════════════════════════════════════════════════╝

    Error Context: test-results/core-추천-진열은-최신순이-아니라-관리자가-정한-우선순위를-따른다-mobile/error-context.md

    attachment #2: trace (application/zip) ─────────────────────────────────────────────────────────
    test-results/core-추천-진열은-최신순이-아니라-관리자가-정한-우선순위를-따른다-mobile/trace.zip
    Usage:

        npx playwright show-trace test-results/core-추천-진열은-최신순이-아니라-관리자가-정한-우선순위를-따른다-mobile/trace.zip

    ────────────────────────────────────────────────────────────────────────────────────────────────

  61) [mobile] › e2e/core.spec.ts:432:1 › 관리자는 앱 관리에서 추천 우선순위를 지정하거나 지운다 ───────────────────────────

    Error: browserType.launch: Executable doesn't exist at /mnt/c/Users/USER/projects/aidev/state/runs/2026-09-21-115415-appstore-improve/home/.cache/ms-playwright/chromium_headless_shell-1234/chrome-headless-shell-linux64/chrome-headless-shell
    ╔════════════════════════════════════════════════════════════╗
    ║ Looks like Playwright was just installed or updated.       ║
    ║ Please run the following command to download new browsers: ║
    ║                                                            ║
    ║     npx playwright install                                 ║
    ║                                                            ║
    ║ <3 Playwright Team                                         ║
    ╚════════════════════════════════════════════════════════════╝

    Error Context: test-results/core-관리자는-앱-관리에서-추천-우선순위를-지정하거나-지운다-mobile/error-context.md

    attachment #2: trace (application/zip) ─────────────────────────────────────────────────────────
    test-results/core-관리자는-앱-관리에서-추천-우선순위를-지정하거나-지운다-mobile/trace.zip
    Usage:

        npx playwright show-trace test-results/core-관리자는-앱-관리에서-추천-우선순위를-지정하거나-지운다-mobile/trace.zip

    ────────────────────────────────────────────────────────────────────────────────────────────────

  62) [mobile] › e2e/core.spec.ts:460:1 › 가이드 문서는 비로그인 방문자도 앱 상세에서 내려받는다 ───────────────────────────

    Error: browserType.launch: Executable doesn't exist at /mnt/c/Users/USER/projects/aidev/state/runs/2026-09-21-115415-appstore-improve/home/.cache/ms-playwright/chromium_headless_shell-1234/chrome-headless-shell-linux64/chrome-headless-shell
    ╔════════════════════════════════════════════════════════════╗
    ║ Looks like Playwright was just installed or updated.       ║
    ║ Please run the following command to download new browsers: ║
    ║                                                            ║
    ║     npx playwright install                                 ║
    ║                                                            ║
    ║ <3 Playwright Team                                         ║
    ╚════════════════════════════════════════════════════════════╝

    Error Context: test-results/core-가이드-문서는-비로그인-방문자도-앱-상세에서-내려받는다-mobile/error-context.md

    attachment #2: trace (application/zip) ─────────────────────────────────────────────────────────
    test-results/core-가이드-문서는-비로그인-방문자도-앱-상세에서-내려받는다-mobile/trace.zip
    Usage:

        npx playwright show-trace test-results/core-가이드-문서는-비로그인-방문자도-앱-상세에서-내려받는다-mobile/trace.zip

    ────────────────────────────────────────────────────────────────────────────────────────────────

  63) [mobile] › e2e/core.spec.ts:476:1 › 소유자는 앱 수정 화면에서 가이드 문서를 첨부하고 삭제를 예약한다 ─────────────────────

    Error: browserType.launch: Executable doesn't exist at /mnt/c/Users/USER/projects/aidev/state/runs/2026-09-21-115415-appstore-improve/home/.cache/ms-playwright/chromium_headless_shell-1234/chrome-headless-shell-linux64/chrome-headless-shell
    ╔════════════════════════════════════════════════════════════╗
    ║ Looks like Playwright was just installed or updated.       ║
    ║ Please run the following command to download new browsers: ║
    ║                                                            ║
    ║     npx playwright install                                 ║
    ║                                                            ║
    ║ <3 Playwright Team                                         ║
    ╚════════════════════════════════════════════════════════════╝

    Error Context: test-results/core-소유자는-앱-수정-화면에서-가이드-문서를-첨부하고-삭제를-예약한다-mobile/error-context.md

    attachment #2: trace (application/zip) ─────────────────────────────────────────────────────────
    test-results/core-소유자는-앱-수정-화면에서-가이드-문서를-첨부하고-삭제를-예약한다-mobile/trace.zip
    Usage:

        npx playwright show-trace test-results/core-소유자는-앱-수정-화면에서-가이드-문서를-첨부하고-삭제를-예약한다-mobile/trace.zip

    ────────────────────────────────────────────────────────────────────────────────────────────────

  64) [mobile] › e2e/core.spec.ts:497:1 › 앱 카드는 이름 밖을 눌러도 앱 상세로 이동한다 ───────────────────────────────

    Error: browserType.launch: Executable doesn't exist at /mnt/c/Users/USER/projects/aidev/state/runs/2026-09-21-115415-appstore-improve/home/.cache/ms-playwright/chromium_headless_shell-1234/chrome-headless-shell-linux64/chrome-headless-shell
    ╔════════════════════════════════════════════════════════════╗
    ║ Looks like Playwright was just installed or updated.       ║
    ║ Please run the following command to download new browsers: ║
    ║                                                            ║
    ║     npx playwright install                                 ║
    ║                                                            ║
    ║ <3 Playwright Team                                         ║
    ╚════════════════════════════════════════════════════════════╝

    Error Context: test-results/core-앱-카드는-이름-밖을-눌러도-앱-상세로-이동한다-mobile/error-context.md

    attachment #2: trace (application/zip) ─────────────────────────────────────────────────────────
    test-results/core-앱-카드는-이름-밖을-눌러도-앱-상세로-이동한다-mobile/trace.zip
    Usage:

        npx playwright show-trace test-results/core-앱-카드는-이름-밖을-눌러도-앱-상세로-이동한다-mobile/trace.zip

    ────────────────────────────────────────────────────────────────────────────────────────────────

  65) [mobile] › e2e/core.spec.ts:508:1 › 게시되지 않은 내 앱의 카드는 수정 화면으로 열린다 ─────────────────────────────

    Error: browserType.launch: Executable doesn't exist at /mnt/c/Users/USER/projects/aidev/state/runs/2026-09-21-115415-appstore-improve/home/.cache/ms-playwright/chromium_headless_shell-1234/chrome-headless-shell-linux64/chrome-headless-shell
    ╔════════════════════════════════════════════════════════════╗
    ║ Looks like Playwright was just installed or updated.       ║
    ║ Please run the following command to download new browsers: ║
    ║                                                            ║
    ║     npx playwright install                                 ║
    ║                                                            ║
    ║ <3 Playwright Team                                         ║
    ╚════════════════════════════════════════════════════════════╝

    Error Context: test-results/core-게시되지-않은-내-앱의-카드는-수정-화면으로-열린다-mobile/error-context.md

    attachment #2: trace (application/zip) ─────────────────────────────────────────────────────────
    test-results/core-게시되지-않은-내-앱의-카드는-수정-화면으로-열린다-mobile/trace.zip
    Usage:

        npx playwright show-trace test-results/core-게시되지-않은-내-앱의-카드는-수정-화면으로-열린다-mobile/trace.zip

    ────────────────────────────────────────────────────────────────────────────────────────────────

  66) [mobile] › e2e/core.spec.ts:525:1 › 관리자의 앱 카드는 자세히 글자 없이 아이콘만 보여 준다 ──────────────────────────

    Error: browserType.launch: Executable doesn't exist at /mnt/c/Users/USER/projects/aidev/state/runs/2026-09-21-115415-appstore-improve/home/.cache/ms-playwright/chromium_headless_shell-1234/chrome-headless-shell-linux64/chrome-headless-shell
    ╔════════════════════════════════════════════════════════════╗
    ║ Looks like Playwright was just installed or updated.       ║
    ║ Please run the following command to download new browsers: ║
    ║                                                            ║
    ║     npx playwright install                                 ║
    ║                                                            ║
    ║ <3 Playwright Team                                         ║
    ╚════════════════════════════════════════════════════════════╝

    Error Context: test-results/core-관리자의-앱-카드는-자세히-글자-없이-아이콘만-보여-준다-mobile/error-context.md

    attachment #2: trace (application/zip) ─────────────────────────────────────────────────────────
    test-results/core-관리자의-앱-카드는-자세히-글자-없이-아이콘만-보여-준다-mobile/trace.zip
    Usage:

        npx playwright show-trace test-results/core-관리자의-앱-카드는-자세히-글자-없이-아이콘만-보여-준다-mobile/trace.zip

    ────────────────────────────────────────────────────────────────────────────────────────────────

  67) [mobile] › e2e/core.spec.ts:540:1 › 보안 심의를 마쳐야 앱을 제출할 수 있다 ───────────────────────────────────

    Error: browserType.launch: Executable doesn't exist at /mnt/c/Users/USER/projects/aidev/state/runs/2026-09-21-115415-appstore-improve/home/.cache/ms-playwright/chromium_headless_shell-1234/chrome-headless-shell-linux64/chrome-headless-shell
    ╔════════════════════════════════════════════════════════════╗
    ║ Looks like Playwright was just installed or updated.       ║
    ║ Please run the following command to download new browsers: ║
    ║                                                            ║
    ║     npx playwright install                                 ║
    ║                                                            ║
    ║ <3 Playwright Team                                         ║
    ╚════════════════════════════════════════════════════════════╝

    Error Context: test-results/core-보안-심의를-마쳐야-앱을-제출할-수-있다-mobile/error-context.md

    attachment #2: trace (application/zip) ─────────────────────────────────────────────────────────
    test-results/core-보안-심의를-마쳐야-앱을-제출할-수-있다-mobile/trace.zip
    Usage:

        npx playwright show-trace test-results/core-보안-심의를-마쳐야-앱을-제출할-수-있다-mobile/trace.zip

    ────────────────────────────────────────────────────────────────────────────────────────────────

  68) [mobile] › e2e/core.spec.ts:554:1 › 관리자는 SecCheck 연동을 설정하고 연결을 확인한다 ──────────────────────────

    Error: browserType.launch: Executable doesn't exist at /mnt/c/Users/USER/projects/aidev/state/runs/2026-09-21-115415-appstore-improve/home/.cache/ms-playwright/chromium_headless_shell-1234/chrome-headless-shell-linux64/chrome-headless-shell
    ╔════════════════════════════════════════════════════════════╗
    ║ Looks like Playwright was just installed or updated.       ║
    ║ Please run the following command to download new browsers: ║
    ║                                                            ║
    ║     npx playwright install                                 ║
    ║                                                            ║
    ║ <3 Playwright Team                                         ║
    ╚════════════════════════════════════════════════════════════╝

    Error Context: test-results/core-관리자는-SecCheck-연동을-설정하고-연결을-확인한다-mobile/error-context.md

    attachment #2: trace (application/zip) ─────────────────────────────────────────────────────────
    test-results/core-관리자는-SecCheck-연동을-설정하고-연결을-확인한다-mobile/trace.zip
    Usage:

        npx playwright show-trace test-results/core-관리자는-SecCheck-연동을-설정하고-연결을-확인한다-mobile/trace.zip

    ────────────────────────────────────────────────────────────────────────────────────────────────

  69) [mobile] › e2e/core.spec.ts:569:1 › 검토자는 앱 내용과 이전 검토를 보고 의견과 함께 결정한다 ─────────────────────────

    Error: browserType.launch: Executable doesn't exist at /mnt/c/Users/USER/projects/aidev/state/runs/2026-09-21-115415-appstore-improve/home/.cache/ms-playwright/chromium_headless_shell-1234/chrome-headless-shell-linux64/chrome-headless-shell
    ╔════════════════════════════════════════════════════════════╗
    ║ Looks like Playwright was just installed or updated.       ║
    ║ Please run the following command to download new browsers: ║
    ║                                                            ║
    ║     npx playwright install                                 ║
    ║                                                            ║
    ║ <3 Playwright Team                                         ║
    ╚════════════════════════════════════════════════════════════╝

    Error Context: test-results/core-검토자는-앱-내용과-이전-검토를-보고-의견과-함께-결정한다-mobile/error-context.md

    attachment #2: trace (application/zip) ─────────────────────────────────────────────────────────
    test-results/core-검토자는-앱-내용과-이전-검토를-보고-의견과-함께-결정한다-mobile/trace.zip
    Usage:

        npx playwright show-trace test-results/core-검토자는-앱-내용과-이전-검토를-보고-의견과-함께-결정한다-mobile/trace.zip

    ────────────────────────────────────────────────────────────────────────────────────────────────

  70) [mobile] › e2e/visual.spec.ts:123:1 › 공개 주요 화면 캡처 ────────────────────────────────────────────

    Error: browserType.launch: Executable doesn't exist at /mnt/c/Users/USER/projects/aidev/state/runs/2026-09-21-115415-appstore-improve/home/.cache/ms-playwright/chromium_headless_shell-1234/chrome-headless-shell-linux64/chrome-headless-shell
    ╔════════════════════════════════════════════════════════════╗
    ║ Looks like Playwright was just installed or updated.       ║
    ║ Please run the following command to download new browsers: ║
    ║                                                            ║
    ║     npx playwright install                                 ║
    ║                                                            ║
    ║ <3 Playwright Team                                         ║
    ╚════════════════════════════════════════════════════════════╝

    Error Context: test-results/visual-공개-주요-화면-캡처-mobile/error-context.md

    attachment #2: trace (application/zip) ─────────────────────────────────────────────────────────
    test-results/visual-공개-주요-화면-캡처-mobile/trace.zip
    Usage:

        npx playwright show-trace test-results/visual-공개-주요-화면-캡처-mobile/trace.zip

    ────────────────────────────────────────────────────────────────────────────────────────────────

  71) [mobile] › e2e/visual.spec.ts:154:1 › 개인화·검토 주요 화면 캡처 ────────────────────────────────────────

    Error: browserType.launch: Executable doesn't exist at /mnt/c/Users/USER/projects/aidev/state/runs/2026-09-21-115415-appstore-improve/home/.cache/ms-playwright/chromium_headless_shell-1234/chrome-headless-shell-linux64/chrome-headless-shell
    ╔════════════════════════════════════════════════════════════╗
    ║ Looks like Playwright was just installed or updated.       ║
    ║ Please run the following command to download new browsers: ║
    ║                                                            ║
    ║     npx playwright install                                 ║
    ║                                                            ║
    ║ <3 Playwright Team                                         ║
    ╚════════════════════════════════════════════════════════════╝

    Error Context: test-results/visual-개인화·검토-주요-화면-캡처-mobile/error-context.md

    attachment #2: trace (application/zip) ─────────────────────────────────────────────────────────
    test-results/visual-개인화·검토-주요-화면-캡처-mobile/trace.zip
    Usage:

        npx playwright show-trace test-results/visual-개인화·검토-주요-화면-캡처-mobile/trace.zip

    ────────────────────────────────────────────────────────────────────────────────────────────────

  72) [mobile] › e2e/visual.spec.ts:159:1 › 관리자 전체 주요 화면 캡처 ────────────────────────────────────────

    Error: browserType.launch: Executable doesn't exist at /mnt/c/Users/USER/projects/aidev/state/runs/2026-09-21-115415-appstore-improve/home/.cache/ms-playwright/chromium_headless_shell-1234/chrome-headless-shell-linux64/chrome-headless-shell
    ╔════════════════════════════════════════════════════════════╗
    ║ Looks like Playwright was just installed or updated.       ║
    ║ Please run the following command to download new browsers: ║
    ║                                                            ║
    ║     npx playwright install                                 ║
    ║                                                            ║
    ║ <3 Playwright Team                                         ║
    ╚════════════════════════════════════════════════════════════╝

    Error Context: test-results/visual-관리자-전체-주요-화면-캡처-mobile/error-context.md

    attachment #2: trace (application/zip) ─────────────────────────────────────────────────────────
    test-results/visual-관리자-전체-주요-화면-캡처-mobile/trace.zip
    Usage:

        npx playwright show-trace test-results/visual-관리자-전체-주요-화면-캡처-mobile/trace.zip

    ────────────────────────────────────────────────────────────────────────────────────────────────

  72 failed
    [desktop] › e2e/core.spec.ts:4:1 › 공개 탐색과 URL 검색 상태는 새로고침 후에도 유지된다 ─────────────────────────────
    [desktop] › e2e/core.spec.ts:19:1 › 비로그인 등록 접근은 원래 URL을 보존한 로그인 화면으로 이동한다 ──────────────────────
    [desktop] › e2e/core.spec.ts:31:1 › 일반 사용자는 관리자 화면에서 403 상태를 본다 ────────────────────────────────
    [desktop] › e2e/core.spec.ts:42:1 › 관리자 사용자 목록은 가상화되고 route refresh를 견딘다 ───────────────────────
    [desktop] › e2e/core.spec.ts:55:1 › AI는 256K 설정과 SSE token streaming을 처리한다 ─────────────────────
    [desktop] › e2e/core.spec.ts:69:1 › 관리자는 Key Permission과 Template을 편집할 수 있다 ────────────────────
    [desktop] › e2e/core.spec.ts:89:1 › light/dark 테마 선택은 새로고침 후 유지된다 ──────────────────────────────
    [desktop] › e2e/core.spec.ts:101:1 › 모바일 메뉴는 키보드와 명시적 버튼으로 접근 가능하다 ─────────────────────────────
    [desktop] › e2e/core.spec.ts:115:1 › 관리자는 앱 상세를 수정하고 삭제 확인 후 목록으로 돌아온다 ─────────────────────────
    [desktop] › e2e/core.spec.ts:136:1 › SSO 연결 테스트는 discovery endpoint를 표시한다 ──────────────────────
    [desktop] › e2e/core.spec.ts:149:1 › 스토어 메뉴는 Apps와 MCP Apps를 동시에 선택하지 않는다 ──────────────────────
    [desktop] › e2e/core.spec.ts:171:3 › SSO 전용 설치에서는 사용 가능한 로그인 방식만 표시한다 ──────────────────────────
    [desktop] › e2e/core.spec.ts:171:3 › Bootstrap 전용 설치에서는 사용 가능한 로그인 방식만 표시한다 ────────────────────
    [desktop] › e2e/core.spec.ts:214:1 › SSO를 설정해도 복구용 관리자 로그인을 계속 사용할 수 있다 ────────────────────────
    [desktop] › e2e/core.spec.ts:236:1 › 거절된 silent SSO 뒤 로그인 화면은 이유를 알리고 SSO 링크는 그대로다 ─────────────
    [desktop] › e2e/core.spec.ts:252:1 › 관리자는 스토어 목록과 상세에서 관리 설정으로 바로 이동한다 ─────────────────────────
    [desktop] › e2e/core.spec.ts:270:1 › 일반 사용자에게는 관리 설정 바로가기가 보이지 않는다 ─────────────────────────────
    [desktop] › e2e/core.spec.ts:284:1 › 관리자는 앱 관리에서 새 앱을 등록한다 ─────────────────────────────────────
    [desktop] › e2e/core.spec.ts:303:1 › 빠른 이동 팔레트로 메뉴와 앱으로 이동한다 ───────────────────────────────────
    [desktop] › e2e/core.spec.ts:330:1 › 빠른 이동 팔레트는 esc로 닫히고 최근 항목을 기억한다 ───────────────────────────
    [desktop] › e2e/core.spec.ts:349:1 › 관리자는 로고와 파비콘을 업로드하고 주소로 가져온다 ──────────────────────────────
    [desktop] › e2e/core.spec.ts:388:1 › 앱 관리 목록에서 서비스 주소로 바로 이동한다 ─────────────────────────────────
    [desktop] › e2e/core.spec.ts:396:1 › 첫 화면 배너는 관리자가 저장한 문구를 사용한다 ────────────────────────────────
    [desktop] › e2e/core.spec.ts:420:1 › 추천 진열은 최신순이 아니라 관리자가 정한 우선순위를 따른다 ─────────────────────────
    [desktop] › e2e/core.spec.ts:432:1 › 관리자는 앱 관리에서 추천 우선순위를 지정하거나 지운다 ────────────────────────────
    [desktop] › e2e/core.spec.ts:460:1 › 가이드 문서는 비로그인 방문자도 앱 상세에서 내려받는다 ────────────────────────────
    [desktop] › e2e/core.spec.ts:476:1 › 소유자는 앱 수정 화면에서 가이드 문서를 첨부하고 삭제를 예약한다 ──────────────────────
    [desktop] › e2e/core.spec.ts:497:1 › 앱 카드는 이름 밖을 눌러도 앱 상세로 이동한다 ────────────────────────────────
    [desktop] › e2e/core.spec.ts:508:1 › 게시되지 않은 내 앱의 카드는 수정 화면으로 열린다 ──────────────────────────────
    [desktop] › e2e/core.spec.ts:525:1 › 관리자의 앱 카드는 자세히 글자 없이 아이콘만 보여 준다 ───────────────────────────
    [desktop] › e2e/core.spec.ts:540:1 › 보안 심의를 마쳐야 앱을 제출할 수 있다 ────────────────────────────────────
    [desktop] › e2e/core.spec.ts:554:1 › 관리자는 SecCheck 연동을 설정하고 연결을 확인한다 ───────────────────────────
    [desktop] › e2e/core.spec.ts:569:1 › 검토자는 앱 내용과 이전 검토를 보고 의견과 함께 결정한다 ──────────────────────────
    [desktop] › e2e/visual.spec.ts:123:1 › 공개 주요 화면 캡처 ─────────────────────────────────────────────
    [desktop] › e2e/visual.spec.ts:154:1 › 개인화·검토 주요 화면 캡처 ─────────────────────────────────────────
    [desktop] › e2e/visual.spec.ts:159:1 › 관리자 전체 주요 화면 캡처 ─────────────────────────────────────────
    [mobile] › e2e/core.spec.ts:4:1 › 공개 탐색과 URL 검색 상태는 새로고침 후에도 유지된다 ──────────────────────────────
    [mobile] › e2e/core.spec.ts:19:1 › 비로그인 등록 접근은 원래 URL을 보존한 로그인 화면으로 이동한다 ───────────────────────
    [mobile] › e2e/core.spec.ts:31:1 › 일반 사용자는 관리자 화면에서 403 상태를 본다 ─────────────────────────────────
    [mobile] › e2e/core.spec.ts:42:1 › 관리자 사용자 목록은 가상화되고 route refresh를 견딘다 ────────────────────────
    [mobile] › e2e/core.spec.ts:55:1 › AI는 256K 설정과 SSE token streaming을 처리한다 ──────────────────────
    [mobile] › e2e/core.spec.ts:69:1 › 관리자는 Key Permission과 Template을 편집할 수 있다 ─────────────────────
    [mobile] › e2e/core.spec.ts:89:1 › light/dark 테마 선택은 새로고침 후 유지된다 ───────────────────────────────
    [mobile] › e2e/core.spec.ts:101:1 › 모바일 메뉴는 키보드와 명시적 버튼으로 접근 가능하다 ──────────────────────────────
    [mobile] › e2e/core.spec.ts:115:1 › 관리자는 앱 상세를 수정하고 삭제 확인 후 목록으로 돌아온다 ──────────────────────────
    [mobile] › e2e/core.spec.ts:136:1 › SSO 연결 테스트는 discovery endpoint를 표시한다 ───────────────────────
    [mobile] › e2e/core.spec.ts:149:1 › 스토어 메뉴는 Apps와 MCP Apps를 동시에 선택하지 않는다 ───────────────────────
    [mobile] › e2e/core.spec.ts:171:3 › SSO 전용 설치에서는 사용 가능한 로그인 방식만 표시한다 ───────────────────────────
    [mobile] › e2e/core.spec.ts:171:3 › Bootstrap 전용 설치에서는 사용 가능한 로그인 방식만 표시한다 ─────────────────────
    [mobile] › e2e/core.spec.ts:214:1 › SSO를 설정해도 복구용 관리자 로그인을 계속 사용할 수 있다 ─────────────────────────
    [mobile] › e2e/core.spec.ts:236:1 › 거절된 silent SSO 뒤 로그인 화면은 이유를 알리고 SSO 링크는 그대로다 ──────────────
    [mobile] › e2e/core.spec.ts:252:1 › 관리자는 스토어 목록과 상세에서 관리 설정으로 바로 이동한다 ──────────────────────────
    [mobile] › e2e/core.spec.ts:270:1 › 일반 사용자에게는 관리 설정 바로가기가 보이지 않는다 ──────────────────────────────
    [mobile] › e2e/core.spec.ts:284:1 › 관리자는 앱 관리에서 새 앱을 등록한다 ──────────────────────────────────────
    [mobile] › e2e/core.spec.ts:303:1 › 빠른 이동 팔레트로 메뉴와 앱으로 이동한다 ────────────────────────────────────
    [mobile] › e2e/core.spec.ts:330:1 › 빠른 이동 팔레트는 esc로 닫히고 최근 항목을 기억한다 ────────────────────────────
    [mobile] › e2e/core.spec.ts:349:1 › 관리자는 로고와 파비콘을 업로드하고 주소로 가져온다 ───────────────────────────────
    [mobile] › e2e/core.spec.ts:388:1 › 앱 관리 목록에서 서비스 주소로 바로 이동한다 ──────────────────────────────────
    [mobile] › e2e/core.spec.ts:396:1 › 첫 화면 배너는 관리자가 저장한 문구를 사용한다 ─────────────────────────────────
    [mobile] › e2e/core.spec.ts:420:1 › 추천 진열은 최신순이 아니라 관리자가 정한 우선순위를 따른다 ──────────────────────────
    [mobile] › e2e/core.spec.ts:432:1 › 관리자는 앱 관리에서 추천 우선순위를 지정하거나 지운다 ─────────────────────────────
    [mobile] › e2e/core.spec.ts:460:1 › 가이드 문서는 비로그인 방문자도 앱 상세에서 내려받는다 ─────────────────────────────
    [mobile] › e2e/core.spec.ts:476:1 › 소유자는 앱 수정 화면에서 가이드 문서를 첨부하고 삭제를 예약한다 ───────────────────────
    [mobile] › e2e/core.spec.ts:497:1 › 앱 카드는 이름 밖을 눌러도 앱 상세로 이동한다 ─────────────────────────────────
    [mobile] › e2e/core.spec.ts:508:1 › 게시되지 않은 내 앱의 카드는 수정 화면으로 열린다 ───────────────────────────────
    [mobile] › e2e/core.spec.ts:525:1 › 관리자의 앱 카드는 자세히 글자 없이 아이콘만 보여 준다 ────────────────────────────
    [mobile] › e2e/core.spec.ts:540:1 › 보안 심의를 마쳐야 앱을 제출할 수 있다 ─────────────────────────────────────
    [mobile] › e2e/core.spec.ts:554:1 › 관리자는 SecCheck 연동을 설정하고 연결을 확인한다 ────────────────────────────
    [mobile] › e2e/core.spec.ts:569:1 › 검토자는 앱 내용과 이전 검토를 보고 의견과 함께 결정한다 ───────────────────────────
    [mobile] › e2e/visual.spec.ts:123:1 › 공개 주요 화면 캡처 ──────────────────────────────────────────────
    [mobile] › e2e/visual.spec.ts:154:1 › 개인화·검토 주요 화면 캡처 ──────────────────────────────────────────
    [mobile] › e2e/visual.spec.ts:159:1 › 관리자 전체 주요 화면 캡처 ──────────────────────────────────────────
