0 verbose cli /home/hkjang/.nvm/versions/node/v22.23.1/bin/node /home/hkjang/.nvm/versions/node/v22.23.1/bin/npm
1 info using npm@10.9.8
2 info using node@v22.23.1
3 silly config load:file:/home/hkjang/.nvm/versions/node/v22.23.1/lib/node_modules/npm/npmrc
4 silly config load:file:/mnt/c/Users/USER/projects/aidev/state/runs/2026-09-20-220857-appstore-improve/repro/web/.npmrc
5 silly config load:file:/mnt/c/Users/USER/projects/aidev/state/runs/2026-09-20-220857-appstore-improve/home/.npmrc
6 silly config load:file:/mnt/c/Users/USER/projects/aidev/state/runs/2026-09-20-220857-appstore-improve/repro/web/etc/npmrc
7 verbose title npm ci
8 verbose argv "--prefix" "/mnt/c/Users/USER/projects/aidev/state/runs/2026-09-20-220857-appstore-improve/repro/web" "ci" "--no-audit" "--no-fund" "--cache" "/mnt/c/Users/USER/projects/aidev/state/runs/2026-09-20-220857-appstore-improve/npm-cache"
9 verbose logfile logs-max:10 dir:/mnt/c/Users/USER/projects/aidev/state/runs/2026-09-20-220857-appstore-improve/npm-cache/_logs/2026-09-20T13_11_15_182Z-
10 verbose logfile /mnt/c/Users/USER/projects/aidev/state/runs/2026-09-20-220857-appstore-improve/npm-cache/_logs/2026-09-20T13_11_15_182Z-debug-0.log
11 silly logfile done cleaning log files
12 silly packumentCache heap:4345298944 maxSize:1086324736 maxEntrySize:543162368
13 silly idealTree buildDeps
14 silly reify moves {}
15 http fetch GET 200 https://registry.npmjs.org/npm 137ms
16 verbose reify failed optional dependency /mnt/c/Users/USER/projects/aidev/state/runs/2026-09-20-220857-appstore-improve/repro/web/node_modules/@tailwindcss/oxide-wasm32-wasi
17 silly reify mark deleted [
17 silly reify   '/mnt/c/Users/USER/projects/aidev/state/runs/2026-09-20-220857-appstore-improve/repro/web/node_modules/@tailwindcss/oxide-wasm32-wasi'
17 silly reify ]
18 verbose reify failed optional dependency /mnt/c/Users/USER/projects/aidev/state/runs/2026-09-20-220857-appstore-improve/repro/web/node_modules/vite/node_modules/fsevents
19 silly reify mark deleted [
19 silly reify   '/mnt/c/Users/USER/projects/aidev/state/runs/2026-09-20-220857-appstore-improve/repro/web/node_modules/vite/node_modules/fsevents'
19 silly reify ]
20 verbose reify failed optional dependency /mnt/c/Users/USER/projects/aidev/state/runs/2026-09-20-220857-appstore-improve/repro/web/node_modules/lightningcss-win32-x64-msvc
21 silly reify mark deleted [
21 silly reify   '/mnt/c/Users/USER/projects/aidev/state/runs/2026-09-20-220857-appstore-improve/repro/web/node_modules/lightningcss-win32-x64-msvc'
21 silly reify ]
22 verbose reify failed optional dependency /mnt/c/Users/USER/projects/aidev/state/runs/2026-09-20-220857-appstore-improve/repro/web/node_modules/lightningcss-win32-arm64-msvc
23 silly reify mark deleted [
23 silly reify   '/mnt/c/Users/USER/projects/aidev/state/runs/2026-09-20-220857-appstore-improve/repro/web/node_modules/lightningcss-win32-arm64-msvc'
23 silly reify ]
24 verbose reify failed optional dependency /mnt/c/Users/USER/projects/aidev/state/runs/2026-09-20-220857-appstore-improve/repro/web/node_modules/lightningcss-linux-arm64-musl
25 silly reify mark deleted [
25 silly reify   '/mnt/c/Users/USER/projects/aidev/state/runs/2026-09-20-220857-appstore-improve/repro/web/node_modules/lightningcss-linux-arm64-musl'
25 silly reify ]
26 verbose reify failed optional dependency /mnt/c/Users/USER/projects/aidev/state/runs/2026-09-20-220857-appstore-improve/repro/web/node_modules/lightningcss-linux-arm64-gnu
27 silly reify mark deleted [
27 silly reify   '/mnt/c/Users/USER/projects/aidev/state/runs/2026-09-20-220857-appstore-improve/repro/web/node_modules/lightningcss-linux-arm64-gnu'
27 silly reify ]
28 verbose reify failed optional dependency /mnt/c/Users/USER/projects/aidev/state/runs/2026-09-20-220857-appstore-improve/repro/web/node_modules/lightningcss-linux-arm-gnueabihf
29 silly reify mark deleted [
29 silly reify   '/mnt/c/Users/USER/projects/aidev/state/runs/2026-09-20-220857-appstore-improve/repro/web/node_modules/lightningcss-linux-arm-gnueabihf'
29 silly reify ]
30 verbose reify failed optional dependency /mnt/c/Users/USER/projects/aidev/state/runs/2026-09-20-220857-appstore-improve/repro/web/node_modules/lightningcss-freebsd-x64
31 silly reify mark deleted [
31 silly reify   '/mnt/c/Users/USER/projects/aidev/state/runs/2026-09-20-220857-appstore-improve/repro/web/node_modules/lightningcss-freebsd-x64'
31 silly reify ]
32 verbose reify failed optional dependency /mnt/c/Users/USER/projects/aidev/state/runs/2026-09-20-220857-appstore-improve/repro/web/node_modules/lightningcss-darwin-x64
33 silly reify mark deleted [
33 silly reify   '/mnt/c/Users/USER/projects/aidev/state/runs/2026-09-20-220857-appstore-improve/repro/web/node_modules/lightningcss-darwin-x64'
33 silly reify ]
34 verbose reify failed optional dependency /mnt/c/Users/USER/projects/aidev/state/runs/2026-09-20-220857-appstore-improve/repro/web/node_modules/lightningcss-darwin-arm64
35 silly reify mark deleted [
35 silly reify   '/mnt/c/Users/USER/projects/aidev/state/runs/2026-09-20-220857-appstore-improve/repro/web/node_modules/lightningcss-darwin-arm64'
35 silly reify ]
36 verbose reify failed optional dependency /mnt/c/Users/USER/projects/aidev/state/runs/2026-09-20-220857-appstore-improve/repro/web/node_modules/lightningcss-android-arm64
37 silly reify mark deleted [
37 silly reify   '/mnt/c/Users/USER/projects/aidev/state/runs/2026-09-20-220857-appstore-improve/repro/web/node_modules/lightningcss-android-arm64'
37 silly reify ]
38 verbose reify failed optional dependency /mnt/c/Users/USER/projects/aidev/state/runs/2026-09-20-220857-appstore-improve/repro/web/node_modules/fsevents
39 silly reify mark deleted [
39 silly reify   '/mnt/c/Users/USER/projects/aidev/state/runs/2026-09-20-220857-appstore-improve/repro/web/node_modules/fsevents'
39 silly reify ]
40 verbose reify failed optional dependency /mnt/c/Users/USER/projects/aidev/state/runs/2026-09-20-220857-appstore-improve/repro/web/node_modules/@tailwindcss/oxide-win32-x64-msvc
41 silly reify mark deleted [
41 silly reify   '/mnt/c/Users/USER/projects/aidev/state/runs/2026-09-20-220857-appstore-improve/repro/web/node_modules/@tailwindcss/oxide-win32-x64-msvc'
41 silly reify ]
42 verbose reify failed optional dependency /mnt/c/Users/USER/projects/aidev/state/runs/2026-09-20-220857-appstore-improve/repro/web/node_modules/@tailwindcss/oxide-win32-arm64-msvc
43 silly reify mark deleted [
43 silly reify   '/mnt/c/Users/USER/projects/aidev/state/runs/2026-09-20-220857-appstore-improve/repro/web/node_modules/@tailwindcss/oxide-win32-arm64-msvc'
43 silly reify ]
44 verbose reify failed optional dependency /mnt/c/Users/USER/projects/aidev/state/runs/2026-09-20-220857-appstore-improve/repro/web/node_modules/@tailwindcss/oxide-linux-arm64-musl
45 silly reify mark deleted [
45 silly reify   '/mnt/c/Users/USER/projects/aidev/state/runs/2026-09-20-220857-appstore-improve/repro/web/node_modules/@tailwindcss/oxide-linux-arm64-musl'
45 silly reify ]
46 verbose reify failed optional dependency /mnt/c/Users/USER/projects/aidev/state/runs/2026-09-20-220857-appstore-improve/repro/web/node_modules/@tailwindcss/oxide-linux-arm64-gnu
47 silly reify mark deleted [
47 silly reify   '/mnt/c/Users/USER/projects/aidev/state/runs/2026-09-20-220857-appstore-improve/repro/web/node_modules/@tailwindcss/oxide-linux-arm64-gnu'
47 silly reify ]
48 verbose reify failed optional dependency /mnt/c/Users/USER/projects/aidev/state/runs/2026-09-20-220857-appstore-improve/repro/web/node_modules/@tailwindcss/oxide-linux-arm-gnueabihf
49 silly reify mark deleted [
49 silly reify   '/mnt/c/Users/USER/projects/aidev/state/runs/2026-09-20-220857-appstore-improve/repro/web/node_modules/@tailwindcss/oxide-linux-arm-gnueabihf'
49 silly reify ]
50 verbose reify failed optional dependency /mnt/c/Users/USER/projects/aidev/state/runs/2026-09-20-220857-appstore-improve/repro/web/node_modules/@tailwindcss/oxide-freebsd-x64
51 silly reify mark deleted [
51 silly reify   '/mnt/c/Users/USER/projects/aidev/state/runs/2026-09-20-220857-appstore-improve/repro/web/node_modules/@tailwindcss/oxide-freebsd-x64'
51 silly reify ]
52 verbose reify failed optional dependency /mnt/c/Users/USER/projects/aidev/state/runs/2026-09-20-220857-appstore-improve/repro/web/node_modules/@tailwindcss/oxide-darwin-x64
53 silly reify mark deleted [
53 silly reify   '/mnt/c/Users/USER/projects/aidev/state/runs/2026-09-20-220857-appstore-improve/repro/web/node_modules/@tailwindcss/oxide-darwin-x64'
53 silly reify ]
54 verbose reify failed optional dependency /mnt/c/Users/USER/projects/aidev/state/runs/2026-09-20-220857-appstore-improve/repro/web/node_modules/@tailwindcss/oxide-darwin-arm64
55 silly reify mark deleted [
55 silly reify   '/mnt/c/Users/USER/projects/aidev/state/runs/2026-09-20-220857-appstore-improve/repro/web/node_modules/@tailwindcss/oxide-darwin-arm64'
55 silly reify ]
56 verbose reify failed optional dependency /mnt/c/Users/USER/projects/aidev/state/runs/2026-09-20-220857-appstore-improve/repro/web/node_modules/@tailwindcss/oxide-android-arm64
57 silly reify mark deleted [
57 silly reify   '/mnt/c/Users/USER/projects/aidev/state/runs/2026-09-20-220857-appstore-improve/repro/web/node_modules/@tailwindcss/oxide-android-arm64'
57 silly reify ]
58 verbose reify failed optional dependency /mnt/c/Users/USER/projects/aidev/state/runs/2026-09-20-220857-appstore-improve/repro/web/node_modules/@rollup/rollup-win32-x64-msvc
59 silly reify mark deleted [
59 silly reify   '/mnt/c/Users/USER/projects/aidev/state/runs/2026-09-20-220857-appstore-improve/repro/web/node_modules/@rollup/rollup-win32-x64-msvc'
59 silly reify ]
60 verbose reify failed optional dependency /mnt/c/Users/USER/projects/aidev/state/runs/2026-09-20-220857-appstore-improve/repro/web/node_modules/@rollup/rollup-win32-x64-gnu
61 silly reify mark deleted [
61 silly reify   '/mnt/c/Users/USER/projects/aidev/state/runs/2026-09-20-220857-appstore-improve/repro/web/node_modules/@rollup/rollup-win32-x64-gnu'
61 silly reify ]
62 verbose reify failed optional dependency /mnt/c/Users/USER/projects/aidev/state/runs/2026-09-20-220857-appstore-improve/repro/web/node_modules/@rollup/rollup-win32-ia32-msvc
63 silly reify mark deleted [
63 silly reify   '/mnt/c/Users/USER/projects/aidev/state/runs/2026-09-20-220857-appstore-improve/repro/web/node_modules/@rollup/rollup-win32-ia32-msvc'
63 silly reify ]
64 verbose reify failed optional dependency /mnt/c/Users/USER/projects/aidev/state/runs/2026-09-20-220857-appstore-improve/repro/web/node_modules/@rollup/rollup-win32-arm64-msvc
65 silly reify mark deleted [
65 silly reify   '/mnt/c/Users/USER/projects/aidev/state/runs/2026-09-20-220857-appstore-improve/repro/web/node_modules/@rollup/rollup-win32-arm64-msvc'
65 silly reify ]
66 verbose reify failed optional dependency /mnt/c/Users/USER/projects/aidev/state/runs/2026-09-20-220857-appstore-improve/repro/web/node_modules/@rollup/rollup-openharmony-arm64
67 silly reify mark deleted [
67 silly reify   '/mnt/c/Users/USER/projects/aidev/state/runs/2026-09-20-220857-appstore-improve/repro/web/node_modules/@rollup/rollup-openharmony-arm64'
67 silly reify ]
68 verbose reify failed optional dependency /mnt/c/Users/USER/projects/aidev/state/runs/2026-09-20-220857-appstore-improve/repro/web/node_modules/@rollup/rollup-openbsd-x64
69 silly reify mark deleted [
69 silly reify   '/mnt/c/Users/USER/projects/aidev/state/runs/2026-09-20-220857-appstore-improve/repro/web/node_modules/@rollup/rollup-openbsd-x64'
69 silly reify ]
70 verbose reify failed optional dependency /mnt/c/Users/USER/projects/aidev/state/runs/2026-09-20-220857-appstore-improve/repro/web/node_modules/@rollup/rollup-linux-s390x-gnu
71 silly reify mark deleted [
71 silly reify   '/mnt/c/Users/USER/projects/aidev/state/runs/2026-09-20-220857-appstore-improve/repro/web/node_modules/@rollup/rollup-linux-s390x-gnu'
71 silly reify ]
72 verbose reify failed optional dependency /mnt/c/Users/USER/projects/aidev/state/runs/2026-09-20-220857-appstore-improve/repro/web/node_modules/@rollup/rollup-linux-riscv64-musl
73 silly reify mark deleted [
73 silly reify   '/mnt/c/Users/USER/projects/aidev/state/runs/2026-09-20-220857-appstore-improve/repro/web/node_modules/@rollup/rollup-linux-riscv64-musl'
73 silly reify ]
74 verbose reify failed optional dependency /mnt/c/Users/USER/projects/aidev/state/runs/2026-09-20-220857-appstore-improve/repro/web/node_modules/@rollup/rollup-linux-riscv64-gnu
75 silly reify mark deleted [
75 silly reify   '/mnt/c/Users/USER/projects/aidev/state/runs/2026-09-20-220857-appstore-improve/repro/web/node_modules/@rollup/rollup-linux-riscv64-gnu'
75 silly reify ]
76 verbose reify failed optional dependency /mnt/c/Users/USER/projects/aidev/state/runs/2026-09-20-220857-appstore-improve/repro/web/node_modules/@rollup/rollup-linux-ppc64-musl
77 silly reify mark deleted [
77 silly reify   '/mnt/c/Users/USER/projects/aidev/state/runs/2026-09-20-220857-appstore-improve/repro/web/node_modules/@rollup/rollup-linux-ppc64-musl'
77 silly reify ]
78 verbose reify failed optional dependency /mnt/c/Users/USER/projects/aidev/state/runs/2026-09-20-220857-appstore-improve/repro/web/node_modules/@rollup/rollup-linux-ppc64-gnu
79 silly reify mark deleted [
79 silly reify   '/mnt/c/Users/USER/projects/aidev/state/runs/2026-09-20-220857-appstore-improve/repro/web/node_modules/@rollup/rollup-linux-ppc64-gnu'
79 silly reify ]
80 verbose reify failed optional dependency /mnt/c/Users/USER/projects/aidev/state/runs/2026-09-20-220857-appstore-improve/repro/web/node_modules/@rollup/rollup-linux-loong64-musl
81 silly reify mark deleted [
81 silly reify   '/mnt/c/Users/USER/projects/aidev/state/runs/2026-09-20-220857-appstore-improve/repro/web/node_modules/@rollup/rollup-linux-loong64-musl'
81 silly reify ]
82 verbose reify failed optional dependency /mnt/c/Users/USER/projects/aidev/state/runs/2026-09-20-220857-appstore-improve/repro/web/node_modules/@rollup/rollup-linux-loong64-gnu
83 silly reify mark deleted [
83 silly reify   '/mnt/c/Users/USER/projects/aidev/state/runs/2026-09-20-220857-appstore-improve/repro/web/node_modules/@rollup/rollup-linux-loong64-gnu'
83 silly reify ]
84 verbose reify failed optional dependency /mnt/c/Users/USER/projects/aidev/state/runs/2026-09-20-220857-appstore-improve/repro/web/node_modules/@rollup/rollup-linux-arm64-musl
85 silly reify mark deleted [
85 silly reify   '/mnt/c/Users/USER/projects/aidev/state/runs/2026-09-20-220857-appstore-improve/repro/web/node_modules/@rollup/rollup-linux-arm64-musl'
85 silly reify ]
86 verbose reify failed optional dependency /mnt/c/Users/USER/projects/aidev/state/runs/2026-09-20-220857-appstore-improve/repro/web/node_modules/@rollup/rollup-linux-arm64-gnu
87 silly reify mark deleted [
87 silly reify   '/mnt/c/Users/USER/projects/aidev/state/runs/2026-09-20-220857-appstore-improve/repro/web/node_modules/@rollup/rollup-linux-arm64-gnu'
87 silly reify ]
88 verbose reify failed optional dependency /mnt/c/Users/USER/projects/aidev/state/runs/2026-09-20-220857-appstore-improve/repro/web/node_modules/@rollup/rollup-linux-arm-musleabihf
89 silly reify mark deleted [
89 silly reify   '/mnt/c/Users/USER/projects/aidev/state/runs/2026-09-20-220857-appstore-improve/repro/web/node_modules/@rollup/rollup-linux-arm-musleabihf'
89 silly reify ]
90 verbose reify failed optional dependency /mnt/c/Users/USER/projects/aidev/state/runs/2026-09-20-220857-appstore-improve/repro/web/node_modules/@rollup/rollup-linux-arm-gnueabihf
91 silly reify mark deleted [
91 silly reify   '/mnt/c/Users/USER/projects/aidev/state/runs/2026-09-20-220857-appstore-improve/repro/web/node_modules/@rollup/rollup-linux-arm-gnueabihf'
91 silly reify ]
92 verbose reify failed optional dependency /mnt/c/Users/USER/projects/aidev/state/runs/2026-09-20-220857-appstore-improve/repro/web/node_modules/@rollup/rollup-freebsd-x64
93 silly reify mark deleted [
93 silly reify   '/mnt/c/Users/USER/projects/aidev/state/runs/2026-09-20-220857-appstore-improve/repro/web/node_modules/@rollup/rollup-freebsd-x64'
93 silly reify ]
94 verbose reify failed optional dependency /mnt/c/Users/USER/projects/aidev/state/runs/2026-09-20-220857-appstore-improve/repro/web/node_modules/@rollup/rollup-freebsd-arm64
95 silly reify mark deleted [
95 silly reify   '/mnt/c/Users/USER/projects/aidev/state/runs/2026-09-20-220857-appstore-improve/repro/web/node_modules/@rollup/rollup-freebsd-arm64'
95 silly reify ]
96 verbose reify failed optional dependency /mnt/c/Users/USER/projects/aidev/state/runs/2026-09-20-220857-appstore-improve/repro/web/node_modules/@rollup/rollup-darwin-x64
97 silly reify mark deleted [
97 silly reify   '/mnt/c/Users/USER/projects/aidev/state/runs/2026-09-20-220857-appstore-improve/repro/web/node_modules/@rollup/rollup-darwin-x64'
97 silly reify ]
98 verbose reify failed optional dependency /mnt/c/Users/USER/projects/aidev/state/runs/2026-09-20-220857-appstore-improve/repro/web/node_modules/@rollup/rollup-darwin-arm64
99 silly reify mark deleted [
99 silly reify   '/mnt/c/Users/USER/projects/aidev/state/runs/2026-09-20-220857-appstore-improve/repro/web/node_modules/@rollup/rollup-darwin-arm64'
99 silly reify ]
100 verbose reify failed optional dependency /mnt/c/Users/USER/projects/aidev/state/runs/2026-09-20-220857-appstore-improve/repro/web/node_modules/@rollup/rollup-android-arm64
101 silly reify mark deleted [
101 silly reify   '/mnt/c/Users/USER/projects/aidev/state/runs/2026-09-20-220857-appstore-improve/repro/web/node_modules/@rollup/rollup-android-arm64'
101 silly reify ]
102 verbose reify failed optional dependency /mnt/c/Users/USER/projects/aidev/state/runs/2026-09-20-220857-appstore-improve/repro/web/node_modules/@rollup/rollup-android-arm-eabi
103 silly reify mark deleted [
103 silly reify   '/mnt/c/Users/USER/projects/aidev/state/runs/2026-09-20-220857-appstore-improve/repro/web/node_modules/@rollup/rollup-android-arm-eabi'
103 silly reify ]
104 verbose reify failed optional dependency /mnt/c/Users/USER/projects/aidev/state/runs/2026-09-20-220857-appstore-improve/repro/web/node_modules/@esbuild/win32-x64
105 silly reify mark deleted [
105 silly reify   '/mnt/c/Users/USER/projects/aidev/state/runs/2026-09-20-220857-appstore-improve/repro/web/node_modules/@esbuild/win32-x64'
105 silly reify ]
106 verbose reify failed optional dependency /mnt/c/Users/USER/projects/aidev/state/runs/2026-09-20-220857-appstore-improve/repro/web/node_modules/@esbuild/win32-ia32
107 silly reify mark deleted [
107 silly reify   '/mnt/c/Users/USER/projects/aidev/state/runs/2026-09-20-220857-appstore-improve/repro/web/node_modules/@esbuild/win32-ia32'
107 silly reify ]
108 verbose reify failed optional dependency /mnt/c/Users/USER/projects/aidev/state/runs/2026-09-20-220857-appstore-improve/repro/web/node_modules/@esbuild/win32-arm64
109 silly reify mark deleted [
109 silly reify   '/mnt/c/Users/USER/projects/aidev/state/runs/2026-09-20-220857-appstore-improve/repro/web/node_modules/@esbuild/win32-arm64'
109 silly reify ]
110 verbose reify failed optional dependency /mnt/c/Users/USER/projects/aidev/state/runs/2026-09-20-220857-appstore-improve/repro/web/node_modules/@esbuild/sunos-x64
111 silly reify mark deleted [
111 silly reify   '/mnt/c/Users/USER/projects/aidev/state/runs/2026-09-20-220857-appstore-improve/repro/web/node_modules/@esbuild/sunos-x64'
111 silly reify ]
112 verbose reify failed optional dependency /mnt/c/Users/USER/projects/aidev/state/runs/2026-09-20-220857-appstore-improve/repro/web/node_modules/@esbuild/openharmony-arm64
113 silly reify mark deleted [
113 silly reify   '/mnt/c/Users/USER/projects/aidev/state/runs/2026-09-20-220857-appstore-improve/repro/web/node_modules/@esbuild/openharmony-arm64'
113 silly reify ]
114 verbose reify failed optional dependency /mnt/c/Users/USER/projects/aidev/state/runs/2026-09-20-220857-appstore-improve/repro/web/node_modules/@esbuild/openbsd-x64
115 silly reify mark deleted [
115 silly reify   '/mnt/c/Users/USER/projects/aidev/state/runs/2026-09-20-220857-appstore-improve/repro/web/node_modules/@esbuild/openbsd-x64'
115 silly reify ]
116 verbose reify failed optional dependency /mnt/c/Users/USER/projects/aidev/state/runs/2026-09-20-220857-appstore-improve/repro/web/node_modules/@esbuild/openbsd-arm64
117 silly reify mark deleted [
117 silly reify   '/mnt/c/Users/USER/projects/aidev/state/runs/2026-09-20-220857-appstore-improve/repro/web/node_modules/@esbuild/openbsd-arm64'
117 silly reify ]
118 verbose reify failed optional dependency /mnt/c/Users/USER/projects/aidev/state/runs/2026-09-20-220857-appstore-improve/repro/web/node_modules/@esbuild/netbsd-x64
119 silly reify mark deleted [
119 silly reify   '/mnt/c/Users/USER/projects/aidev/state/runs/2026-09-20-220857-appstore-improve/repro/web/node_modules/@esbuild/netbsd-x64'
119 silly reify ]
120 verbose reify failed optional dependency /mnt/c/Users/USER/projects/aidev/state/runs/2026-09-20-220857-appstore-improve/repro/web/node_modules/@esbuild/netbsd-arm64
121 silly reify mark deleted [
121 silly reify   '/mnt/c/Users/USER/projects/aidev/state/runs/2026-09-20-220857-appstore-improve/repro/web/node_modules/@esbuild/netbsd-arm64'
121 silly reify ]
122 verbose reify failed optional dependency /mnt/c/Users/USER/projects/aidev/state/runs/2026-09-20-220857-appstore-improve/repro/web/node_modules/@esbuild/linux-s390x
123 silly reify mark deleted [
123 silly reify   '/mnt/c/Users/USER/projects/aidev/state/runs/2026-09-20-220857-appstore-improve/repro/web/node_modules/@esbuild/linux-s390x'
123 silly reify ]
124 verbose reify failed optional dependency /mnt/c/Users/USER/projects/aidev/state/runs/2026-09-20-220857-appstore-improve/repro/web/node_modules/@esbuild/linux-riscv64
125 silly reify mark deleted [
125 silly reify   '/mnt/c/Users/USER/projects/aidev/state/runs/2026-09-20-220857-appstore-improve/repro/web/node_modules/@esbuild/linux-riscv64'
125 silly reify ]
126 verbose reify failed optional dependency /mnt/c/Users/USER/projects/aidev/state/runs/2026-09-20-220857-appstore-improve/repro/web/node_modules/@esbuild/linux-ppc64
127 silly reify mark deleted [
127 silly reify   '/mnt/c/Users/USER/projects/aidev/state/runs/2026-09-20-220857-appstore-improve/repro/web/node_modules/@esbuild/linux-ppc64'
127 silly reify ]
128 verbose reify failed optional dependency /mnt/c/Users/USER/projects/aidev/state/runs/2026-09-20-220857-appstore-improve/repro/web/node_modules/@esbuild/linux-mips64el
129 silly reify mark deleted [
129 silly reify   '/mnt/c/Users/USER/projects/aidev/state/runs/2026-09-20-220857-appstore-improve/repro/web/node_modules/@esbuild/linux-mips64el'
129 silly reify ]
130 verbose reify failed optional dependency /mnt/c/Users/USER/projects/aidev/state/runs/2026-09-20-220857-appstore-improve/repro/web/node_modules/@esbuild/linux-loong64
131 silly reify mark deleted [
131 silly reify   '/mnt/c/Users/USER/projects/aidev/state/runs/2026-09-20-220857-appstore-improve/repro/web/node_modules/@esbuild/linux-loong64'
131 silly reify ]
132 verbose reify failed optional dependency /mnt/c/Users/USER/projects/aidev/state/runs/2026-09-20-220857-appstore-improve/repro/web/node_modules/@esbuild/linux-ia32
133 silly reify mark deleted [
133 silly reify   '/mnt/c/Users/USER/projects/aidev/state/runs/2026-09-20-220857-appstore-improve/repro/web/node_modules/@esbuild/linux-ia32'
133 silly reify ]
134 verbose reify failed optional dependency /mnt/c/Users/USER/projects/aidev/state/runs/2026-09-20-220857-appstore-improve/repro/web/node_modules/@esbuild/linux-arm64
135 silly reify mark deleted [
135 silly reify   '/mnt/c/Users/USER/projects/aidev/state/runs/2026-09-20-220857-appstore-improve/repro/web/node_modules/@esbuild/linux-arm64'
135 silly reify ]
136 verbose reify failed optional dependency /mnt/c/Users/USER/projects/aidev/state/runs/2026-09-20-220857-appstore-improve/repro/web/node_modules/@esbuild/linux-arm
137 silly reify mark deleted [
137 silly reify   '/mnt/c/Users/USER/projects/aidev/state/runs/2026-09-20-220857-appstore-improve/repro/web/node_modules/@esbuild/linux-arm'
137 silly reify ]
138 verbose reify failed optional dependency /mnt/c/Users/USER/projects/aidev/state/runs/2026-09-20-220857-appstore-improve/repro/web/node_modules/@esbuild/freebsd-x64
139 silly reify mark deleted [
139 silly reify   '/mnt/c/Users/USER/projects/aidev/state/runs/2026-09-20-220857-appstore-improve/repro/web/node_modules/@esbuild/freebsd-x64'
139 silly reify ]
140 verbose reify failed optional dependency /mnt/c/Users/USER/projects/aidev/state/runs/2026-09-20-220857-appstore-improve/repro/web/node_modules/@esbuild/freebsd-arm64
141 silly reify mark deleted [
141 silly reify   '/mnt/c/Users/USER/projects/aidev/state/runs/2026-09-20-220857-appstore-improve/repro/web/node_modules/@esbuild/freebsd-arm64'
141 silly reify ]
142 verbose reify failed optional dependency /mnt/c/Users/USER/projects/aidev/state/runs/2026-09-20-220857-appstore-improve/repro/web/node_modules/@esbuild/darwin-x64
143 silly reify mark deleted [
143 silly reify   '/mnt/c/Users/USER/projects/aidev/state/runs/2026-09-20-220857-appstore-improve/repro/web/node_modules/@esbuild/darwin-x64'
143 silly reify ]
144 verbose reify failed optional dependency /mnt/c/Users/USER/projects/aidev/state/runs/2026-09-20-220857-appstore-improve/repro/web/node_modules/@esbuild/darwin-arm64
145 silly reify mark deleted [
145 silly reify   '/mnt/c/Users/USER/projects/aidev/state/runs/2026-09-20-220857-appstore-improve/repro/web/node_modules/@esbuild/darwin-arm64'
145 silly reify ]
146 verbose reify failed optional dependency /mnt/c/Users/USER/projects/aidev/state/runs/2026-09-20-220857-appstore-improve/repro/web/node_modules/@esbuild/android-x64
147 silly reify mark deleted [
147 silly reify   '/mnt/c/Users/USER/projects/aidev/state/runs/2026-09-20-220857-appstore-improve/repro/web/node_modules/@esbuild/android-x64'
147 silly reify ]
148 verbose reify failed optional dependency /mnt/c/Users/USER/projects/aidev/state/runs/2026-09-20-220857-appstore-improve/repro/web/node_modules/@esbuild/android-arm64
149 silly reify mark deleted [
149 silly reify   '/mnt/c/Users/USER/projects/aidev/state/runs/2026-09-20-220857-appstore-improve/repro/web/node_modules/@esbuild/android-arm64'
149 silly reify ]
150 verbose reify failed optional dependency /mnt/c/Users/USER/projects/aidev/state/runs/2026-09-20-220857-appstore-improve/repro/web/node_modules/@esbuild/android-arm
151 silly reify mark deleted [
151 silly reify   '/mnt/c/Users/USER/projects/aidev/state/runs/2026-09-20-220857-appstore-improve/repro/web/node_modules/@esbuild/android-arm'
151 silly reify ]
152 verbose reify failed optional dependency /mnt/c/Users/USER/projects/aidev/state/runs/2026-09-20-220857-appstore-improve/repro/web/node_modules/@esbuild/aix-ppc64
153 silly reify mark deleted [
153 silly reify   '/mnt/c/Users/USER/projects/aidev/state/runs/2026-09-20-220857-appstore-improve/repro/web/node_modules/@esbuild/aix-ppc64'
153 silly reify ]
154 http cache zod@https://registry.npmjs.org/zod/-/zod-4.5.4.tgz 0ms (cache hit)
155 http cache zod-validation-error@https://registry.npmjs.org/zod-validation-error/-/zod-validation-error-4.0.2.tgz 0ms (cache hit)
156 http cache yocto-queue@https://registry.npmjs.org/yocto-queue/-/yocto-queue-0.1.0.tgz 0ms (cache hit)
157 http cache xmlchars@https://registry.npmjs.org/xmlchars/-/xmlchars-2.2.0.tgz 0ms (cache hit)
158 http cache yallist@https://registry.npmjs.org/yallist/-/yallist-3.1.1.tgz 0ms (cache hit)
159 http cache ws@https://registry.npmjs.org/ws/-/ws-8.21.3.tgz 0ms (cache hit)
160 http cache xml-name-validator@https://registry.npmjs.org/xml-name-validator/-/xml-name-validator-5.0.0.tgz 0ms (cache hit)
161 http cache word-wrap@https://registry.npmjs.org/word-wrap/-/word-wrap-1.2.5.tgz 0ms (cache hit)
162 http cache why-is-node-running@https://registry.npmjs.org/why-is-node-running/-/why-is-node-running-2.3.0.tgz 0ms (cache hit)
163 http cache which@https://registry.npmjs.org/which/-/which-2.0.2.tgz 0ms (cache hit)
164 http cache whatwg-url@https://registry.npmjs.org/whatwg-url/-/whatwg-url-14.2.0.tgz 0ms (cache hit)
165 http cache webidl-conversions@https://registry.npmjs.org/webidl-conversions/-/webidl-conversions-7.0.0.tgz 0ms (cache hit)
166 http cache whatwg-mimetype@https://registry.npmjs.org/whatwg-mimetype/-/whatwg-mimetype-4.0.0.tgz 0ms (cache hit)
167 http cache whatwg-encoding@https://registry.npmjs.org/whatwg-encoding/-/whatwg-encoding-3.1.1.tgz 0ms (cache hit)
168 http cache w3c-xmlserializer@https://registry.npmjs.org/w3c-xmlserializer/-/w3c-xmlserializer-5.0.0.tgz 0ms (cache hit)
169 http cache vitest@https://registry.npmjs.org/vitest/-/vitest-3.2.7.tgz 0ms (cache hit)
170 http cache vite-node@https://registry.npmjs.org/vite-node/-/vite-node-3.2.4.tgz 0ms (cache hit)
171 http cache vite@https://registry.npmjs.org/vite/-/vite-7.3.6.tgz 0ms (cache hit)
172 http cache uri-js@https://registry.npmjs.org/uri-js/-/uri-js-4.4.1.tgz 0ms (cache hit)
173 http cache update-browserslist-db@https://registry.npmjs.org/update-browserslist-db/-/update-browserslist-db-1.3.2.tgz 0ms (cache hit)
174 http cache undici-types@https://registry.npmjs.org/undici-types/-/undici-types-7.18.2.tgz 0ms (cache hit)
175 http cache typescript-eslint@https://registry.npmjs.org/typescript-eslint/-/typescript-eslint-8.69.0.tgz 0ms (cache hit)
176 http cache typescript@https://registry.npmjs.org/typescript/-/typescript-5.9.3.tgz 0ms (cache hit)
177 http cache type-check@https://registry.npmjs.org/type-check/-/type-check-0.4.0.tgz 0ms (cache hit)
178 http cache tr46@https://registry.npmjs.org/tr46/-/tr46-5.1.1.tgz 0ms (cache hit)
179 http cache ts-api-utils@https://registry.npmjs.org/ts-api-utils/-/ts-api-utils-2.5.0.tgz 0ms (cache hit)
180 http cache tldts-core@https://registry.npmjs.org/tldts-core/-/tldts-core-6.1.86.tgz 0ms (cache hit)
181 http cache tough-cookie@https://registry.npmjs.org/tough-cookie/-/tough-cookie-5.1.2.tgz 0ms (cache hit)
182 http cache tldts@https://registry.npmjs.org/tldts/-/tldts-6.1.86.tgz 0ms (cache hit)
183 http cache tinyspy@https://registry.npmjs.org/tinyspy/-/tinyspy-4.0.4.tgz 0ms (cache hit)
184 http cache tinypool@https://registry.npmjs.org/tinypool/-/tinypool-1.1.1.tgz 0ms (cache hit)
185 http cache tinyrainbow@https://registry.npmjs.org/tinyrainbow/-/tinyrainbow-2.0.0.tgz 0ms (cache hit)
186 http cache tinyexec@https://registry.npmjs.org/tinyexec/-/tinyexec-0.3.2.tgz 0ms (cache hit)
187 http cache tinyglobby@https://registry.npmjs.org/tinyglobby/-/tinyglobby-0.2.17.tgz 0ms (cache hit)
188 http cache tinybench@https://registry.npmjs.org/tinybench/-/tinybench-2.9.0.tgz 0ms (cache hit)
189 http cache tapable@https://registry.npmjs.org/tapable/-/tapable-2.3.3.tgz 0ms (cache hit)
190 http cache symbol-tree@https://registry.npmjs.org/symbol-tree/-/symbol-tree-3.2.4.tgz 0ms (cache hit)
191 http cache tailwindcss@https://registry.npmjs.org/tailwindcss/-/tailwindcss-4.3.3.tgz 0ms (cache hit)
192 http cache strip-literal@https://registry.npmjs.org/strip-literal/-/strip-literal-3.1.0.tgz 0ms (cache hit)
193 http cache strip-indent@https://registry.npmjs.org/strip-indent/-/strip-indent-3.0.0.tgz 0ms (cache hit)
194 http cache stackback@https://registry.npmjs.org/stackback/-/stackback-0.0.2.tgz 0ms (cache hit)
195 http cache std-env@https://registry.npmjs.org/std-env/-/std-env-3.10.0.tgz 0ms (cache hit)
196 http cache source-map-js@https://registry.npmjs.org/source-map-js/-/source-map-js-1.2.1.tgz 0ms (cache hit)
197 http cache siginfo@https://registry.npmjs.org/siginfo/-/siginfo-2.0.0.tgz 0ms (cache hit)
198 http cache shebang-command@https://registry.npmjs.org/shebang-command/-/shebang-command-2.0.0.tgz 0ms (cache hit)
199 http cache shebang-regex@https://registry.npmjs.org/shebang-regex/-/shebang-regex-3.0.0.tgz 0ms (cache hit)
200 http cache set-cookie-parser@https://registry.npmjs.org/set-cookie-parser/-/set-cookie-parser-2.7.2.tgz 0ms (cache hit)
201 http cache semver@https://registry.npmjs.org/semver/-/semver-6.3.1.tgz 0ms (cache hit)
202 http cache scheduler@https://registry.npmjs.org/scheduler/-/scheduler-0.27.0.tgz 0ms (cache hit)
203 http cache saxes@https://registry.npmjs.org/saxes/-/saxes-6.0.0.tgz 0ms (cache hit)
204 http cache safer-buffer@https://registry.npmjs.org/safer-buffer/-/safer-buffer-2.1.2.tgz 0ms (cache hit)
205 http cache rrweb-cssom@https://registry.npmjs.org/rrweb-cssom/-/rrweb-cssom-0.8.0.tgz 0ms (cache hit)
206 http cache rollup@https://registry.npmjs.org/rollup/-/rollup-4.63.1.tgz 0ms (cache hit)
207 http cache redent@https://registry.npmjs.org/redent/-/redent-3.0.0.tgz 0ms (cache hit)
208 http cache react-router-dom@https://registry.npmjs.org/react-router-dom/-/react-router-dom-7.18.3.tgz 0ms (cache hit)
209 http cache react-router@https://registry.npmjs.org/react-router/-/react-router-7.18.3.tgz 0ms (cache hit)
210 http cache react-refresh@https://registry.npmjs.org/react-refresh/-/react-refresh-0.18.0.tgz 0ms (cache hit)
211 http cache react-is@https://registry.npmjs.org/react-is/-/react-is-17.0.2.tgz 0ms (cache hit)
212 http cache react-dom@https://registry.npmjs.org/react-dom/-/react-dom-19.2.8.tgz 0ms (cache hit)
213 http cache react@https://registry.npmjs.org/react/-/react-19.2.8.tgz 0ms (cache hit)
214 http cache punycode@https://registry.npmjs.org/punycode/-/punycode-2.3.1.tgz 0ms (cache hit)
215 http cache pretty-format@https://registry.npmjs.org/pretty-format/-/pretty-format-27.5.1.tgz 0ms (cache hit)
216 http cache prettier@https://registry.npmjs.org/prettier/-/prettier-3.9.6.tgz 0ms (cache hit)
217 http cache prelude-ls@https://registry.npmjs.org/prelude-ls/-/prelude-ls-1.2.1.tgz 0ms (cache hit)
218 http cache postcss@https://registry.npmjs.org/postcss/-/postcss-8.5.26.tgz 0ms (cache hit)
219 http cache playwright-core@https://registry.npmjs.org/playwright-core/-/playwright-core-1.62.1.tgz 0ms (cache hit)
220 http cache playwright@https://registry.npmjs.org/playwright/-/playwright-1.62.1.tgz 0ms (cache hit)
221 http cache picomatch@https://registry.npmjs.org/picomatch/-/picomatch-4.0.7.tgz 0ms (cache hit)
222 http cache picocolors@https://registry.npmjs.org/picocolors/-/picocolors-1.1.1.tgz 0ms (cache hit)
223 http cache pathval@https://registry.npmjs.org/pathval/-/pathval-2.0.1.tgz 0ms (cache hit)
224 http cache pathe@https://registry.npmjs.org/pathe/-/pathe-2.0.3.tgz 0ms (cache hit)
225 http cache path-key@https://registry.npmjs.org/path-key/-/path-key-3.1.1.tgz 0ms (cache hit)
226 http cache path-exists@https://registry.npmjs.org/path-exists/-/path-exists-4.0.0.tgz 0ms (cache hit)
227 http cache parse5@https://registry.npmjs.org/parse5/-/parse5-7.3.0.tgz 0ms (cache hit)
228 http cache p-locate@https://registry.npmjs.org/p-locate/-/p-locate-5.0.0.tgz 0ms (cache hit)
229 http cache optionator@https://registry.npmjs.org/optionator/-/optionator-0.9.4.tgz 0ms (cache hit)
230 http cache p-limit@https://registry.npmjs.org/p-limit/-/p-limit-3.1.0.tgz 0ms (cache hit)
231 http cache nwsapi@https://registry.npmjs.org/nwsapi/-/nwsapi-2.2.27.tgz 0ms (cache hit)
232 http cache node-releases@https://registry.npmjs.org/node-releases/-/node-releases-2.0.54.tgz 0ms (cache hit)
233 http cache natural-compare@https://registry.npmjs.org/natural-compare/-/natural-compare-1.4.0.tgz 0ms (cache hit)
234 http cache nanoid@https://registry.npmjs.org/nanoid/-/nanoid-3.3.18.tgz 0ms (cache hit)
235 http cache ms@https://registry.npmjs.org/ms/-/ms-2.1.3.tgz 0ms (cache hit)
236 http cache minimatch@https://registry.npmjs.org/minimatch/-/minimatch-10.2.6.tgz 0ms (cache hit)
237 http cache min-indent@https://registry.npmjs.org/min-indent/-/min-indent-1.0.1.tgz 0ms (cache hit)
238 http cache magic-string@https://registry.npmjs.org/magic-string/-/magic-string-0.30.21.tgz 0ms (cache hit)
239 http cache lucide-react@https://registry.npmjs.org/lucide-react/-/lucide-react-0.542.0.tgz 0ms (cache hit)
240 http cache lz-string@https://registry.npmjs.org/lz-string/-/lz-string-1.5.0.tgz 0ms (cache hit)
241 http cache loupe@https://registry.npmjs.org/loupe/-/loupe-3.2.1.tgz 0ms (cache hit)
242 http cache lru-cache@https://registry.npmjs.org/lru-cache/-/lru-cache-5.1.1.tgz 0ms (cache hit)
243 http cache locate-path@https://registry.npmjs.org/locate-path/-/locate-path-6.0.0.tgz 0ms (cache hit)
244 http cache lightningcss-linux-x64-musl@https://registry.npmjs.org/lightningcss-linux-x64-musl/-/lightningcss-linux-x64-musl-1.32.0.tgz 0ms (cache hit)
245 http cache lightningcss-linux-x64-gnu@https://registry.npmjs.org/lightningcss-linux-x64-gnu/-/lightningcss-linux-x64-gnu-1.32.0.tgz 0ms (cache hit)
246 http cache levn@https://registry.npmjs.org/levn/-/levn-0.4.1.tgz 0ms (cache hit)
247 http cache lightningcss@https://registry.npmjs.org/lightningcss/-/lightningcss-1.32.0.tgz 0ms (cache hit)
248 http cache keyv@https://registry.npmjs.org/keyv/-/keyv-4.5.4.tgz 0ms (cache hit)
249 http cache json5@https://registry.npmjs.org/json5/-/json5-2.2.3.tgz 0ms (cache hit)
250 http cache json-schema-traverse@https://registry.npmjs.org/json-schema-traverse/-/json-schema-traverse-0.4.1.tgz 0ms (cache hit)
251 http cache json-stable-stringify-without-jsonify@https://registry.npmjs.org/json-stable-stringify-without-jsonify/-/json-stable-stringify-without-jsonify-1.0.1.tgz 0ms (cache hit)
252 http cache json-buffer@https://registry.npmjs.org/json-buffer/-/json-buffer-3.0.1.tgz 0ms (cache hit)
253 http cache jsesc@https://registry.npmjs.org/jsesc/-/jsesc-3.1.0.tgz 0ms (cache hit)
254 http cache jsdom@https://registry.npmjs.org/jsdom/-/jsdom-26.1.0.tgz 0ms (cache hit)
255 http cache js-tokens@https://registry.npmjs.org/js-tokens/-/js-tokens-4.0.0.tgz 0ms (cache hit)
256 http cache jiti@https://registry.npmjs.org/jiti/-/jiti-2.7.0.tgz 0ms (cache hit)
257 http cache isexe@https://registry.npmjs.org/isexe/-/isexe-2.0.0.tgz 0ms (cache hit)
258 http cache is-potential-custom-element-name@https://registry.npmjs.org/is-potential-custom-element-name/-/is-potential-custom-element-name-1.0.1.tgz 0ms (cache hit)
259 http cache is-glob@https://registry.npmjs.org/is-glob/-/is-glob-4.0.3.tgz 0ms (cache hit)
260 http cache indent-string@https://registry.npmjs.org/indent-string/-/indent-string-4.0.0.tgz 0ms (cache hit)
261 http cache is-extglob@https://registry.npmjs.org/is-extglob/-/is-extglob-2.1.1.tgz 0ms (cache hit)
262 http cache ignore@https://registry.npmjs.org/ignore/-/ignore-5.3.2.tgz 0ms (cache hit)
263 http cache imurmurhash@https://registry.npmjs.org/imurmurhash/-/imurmurhash-0.1.4.tgz 0ms (cache hit)
264 http cache https-proxy-agent@https://registry.npmjs.org/https-proxy-agent/-/https-proxy-agent-7.0.6.tgz 0ms (cache hit)
265 http cache iconv-lite@https://registry.npmjs.org/iconv-lite/-/iconv-lite-0.6.3.tgz 0ms (cache hit)
266 http cache http-proxy-agent@https://registry.npmjs.org/http-proxy-agent/-/http-proxy-agent-7.0.2.tgz 0ms (cache hit)
267 http cache html-encoding-sniffer@https://registry.npmjs.org/html-encoding-sniffer/-/html-encoding-sniffer-4.0.0.tgz 0ms (cache hit)
268 http cache hermes-parser@https://registry.npmjs.org/hermes-parser/-/hermes-parser-0.25.1.tgz 0ms (cache hit)
269 http cache hermes-estree@https://registry.npmjs.org/hermes-estree/-/hermes-estree-0.25.1.tgz 0ms (cache hit)
270 http cache graceful-fs@https://registry.npmjs.org/graceful-fs/-/graceful-fs-4.2.11.tgz 0ms (cache hit)
271 http cache globals@https://registry.npmjs.org/globals/-/globals-17.11.0.tgz 0ms (cache hit)
272 http cache glob-parent@https://registry.npmjs.org/glob-parent/-/glob-parent-6.0.2.tgz 0ms (cache hit)
273 http cache gensync@https://registry.npmjs.org/gensync/-/gensync-1.0.0-beta.2.tgz 0ms (cache hit)
274 http cache flatted@https://registry.npmjs.org/flatted/-/flatted-3.4.4.tgz 0ms (cache hit)
275 http cache flat-cache@https://registry.npmjs.org/flat-cache/-/flat-cache-4.0.1.tgz 0ms (cache hit)
276 http cache find-up@https://registry.npmjs.org/find-up/-/find-up-5.0.0.tgz 0ms (cache hit)
277 http cache file-entry-cache@https://registry.npmjs.org/file-entry-cache/-/file-entry-cache-8.0.0.tgz 0ms (cache hit)
278 http cache fdir@https://registry.npmjs.org/fdir/-/fdir-6.5.0.tgz 0ms (cache hit)
279 http cache fast-levenshtein@https://registry.npmjs.org/fast-levenshtein/-/fast-levenshtein-2.0.6.tgz 0ms (cache hit)
280 http cache fast-json-stable-stringify@https://registry.npmjs.org/fast-json-stable-stringify/-/fast-json-stable-stringify-2.1.0.tgz 0ms (cache hit)
281 http cache fast-deep-equal@https://registry.npmjs.org/fast-deep-equal/-/fast-deep-equal-3.1.3.tgz 0ms (cache hit)
282 http cache expect-type@https://registry.npmjs.org/expect-type/-/expect-type-1.4.0.tgz 0ms (cache hit)
283 http cache estraverse@https://registry.npmjs.org/estraverse/-/estraverse-5.3.0.tgz 0ms (cache hit)
284 http cache esutils@https://registry.npmjs.org/esutils/-/esutils-2.0.3.tgz 0ms (cache hit)
285 http cache esrecurse@https://registry.npmjs.org/esrecurse/-/esrecurse-4.3.0.tgz 0ms (cache hit)
286 http cache estree-walker@https://registry.npmjs.org/estree-walker/-/estree-walker-3.0.3.tgz 0ms (cache hit)
287 http cache espree@https://registry.npmjs.org/espree/-/espree-11.2.0.tgz 0ms (cache hit)
288 http cache esquery@https://registry.npmjs.org/esquery/-/esquery-1.7.0.tgz 0ms (cache hit)
289 http cache eslint-visitor-keys@https://registry.npmjs.org/eslint-visitor-keys/-/eslint-visitor-keys-5.0.1.tgz 0ms (cache hit)
290 http cache eslint-scope@https://registry.npmjs.org/eslint-scope/-/eslint-scope-9.1.2.tgz 0ms (cache hit)
291 http cache eslint-plugin-react-refresh@https://registry.npmjs.org/eslint-plugin-react-refresh/-/eslint-plugin-react-refresh-0.5.5.tgz 0ms (cache hit)
292 http cache eslint-plugin-react-hooks@https://registry.npmjs.org/eslint-plugin-react-hooks/-/eslint-plugin-react-hooks-7.1.1.tgz 0ms (cache hit)
293 http cache eslint@https://registry.npmjs.org/eslint/-/eslint-10.9.1.tgz 0ms (cache hit)
294 http cache escape-string-regexp@https://registry.npmjs.org/escape-string-regexp/-/escape-string-regexp-4.0.0.tgz 0ms (cache hit)
295 http cache escalade@https://registry.npmjs.org/escalade/-/escalade-3.2.0.tgz 0ms (cache hit)
296 http cache esbuild@https://registry.npmjs.org/esbuild/-/esbuild-0.28.2.tgz 0ms (cache hit)
297 http cache enhanced-resolve@https://registry.npmjs.org/enhanced-resolve/-/enhanced-resolve-5.24.5.tgz 0ms (cache hit)
298 http cache entities@https://registry.npmjs.org/entities/-/entities-6.0.1.tgz 0ms (cache hit)
299 http cache es-module-lexer@https://registry.npmjs.org/es-module-lexer/-/es-module-lexer-1.7.0.tgz 0ms (cache hit)
300 http cache dom-accessibility-api@https://registry.npmjs.org/dom-accessibility-api/-/dom-accessibility-api-0.5.16.tgz 0ms (cache hit)
301 http cache electron-to-chromium@https://registry.npmjs.org/electron-to-chromium/-/electron-to-chromium-1.5.418.tgz 0ms (cache hit)
302 http cache detect-libc@https://registry.npmjs.org/detect-libc/-/detect-libc-2.1.2.tgz 0ms (cache hit)
303 http cache dequal@https://registry.npmjs.org/dequal/-/dequal-2.0.3.tgz 0ms (cache hit)
304 http cache deep-eql@https://registry.npmjs.org/deep-eql/-/deep-eql-5.0.2.tgz 0ms (cache hit)
305 http cache deep-is@https://registry.npmjs.org/deep-is/-/deep-is-0.1.4.tgz 0ms (cache hit)
306 http cache decimal.js@https://registry.npmjs.org/decimal.js/-/decimal.js-10.6.0.tgz 0ms (cache hit)
307 http cache data-urls@https://registry.npmjs.org/data-urls/-/data-urls-5.0.0.tgz 0ms (cache hit)
308 http cache debug@https://registry.npmjs.org/debug/-/debug-4.4.3.tgz 0ms (cache hit)
309 http cache csstype@https://registry.npmjs.org/csstype/-/csstype-3.2.3.tgz 0ms (cache hit)
310 http cache css.escape@https://registry.npmjs.org/css.escape/-/css.escape-1.5.1.tgz 0ms (cache hit)
311 http cache cssstyle@https://registry.npmjs.org/cssstyle/-/cssstyle-4.6.0.tgz 0ms (cache hit)
312 http cache cross-spawn@https://registry.npmjs.org/cross-spawn/-/cross-spawn-7.0.6.tgz 0ms (cache hit)
313 http cache cookie@https://registry.npmjs.org/cookie/-/cookie-1.1.1.tgz 0ms (cache hit)
314 http cache convert-source-map@https://registry.npmjs.org/convert-source-map/-/convert-source-map-2.0.0.tgz 0ms (cache hit)
315 http cache chai@https://registry.npmjs.org/chai/-/chai-5.3.3.tgz 0ms (cache hit)
316 http cache clsx@https://registry.npmjs.org/clsx/-/clsx-2.1.1.tgz 0ms (cache hit)
317 http cache cac@https://registry.npmjs.org/cac/-/cac-6.7.14.tgz 0ms (cache hit)
318 http cache check-error@https://registry.npmjs.org/check-error/-/check-error-2.1.3.tgz 0ms (cache hit)
319 http cache caniuse-lite@https://registry.npmjs.org/caniuse-lite/-/caniuse-lite-1.0.30001810.tgz 0ms (cache hit)
320 http cache browserslist@https://registry.npmjs.org/browserslist/-/browserslist-4.28.8.tgz 0ms (cache hit)
321 http cache brace-expansion@https://registry.npmjs.org/brace-expansion/-/brace-expansion-5.0.9.tgz 0ms (cache hit)
322 http cache assertion-error@https://registry.npmjs.org/assertion-error/-/assertion-error-2.0.1.tgz 0ms (cache hit)
323 http cache baseline-browser-mapping@https://registry.npmjs.org/baseline-browser-mapping/-/baseline-browser-mapping-2.11.20.tgz 0ms (cache hit)
324 http cache balanced-match@https://registry.npmjs.org/balanced-match/-/balanced-match-4.0.4.tgz 0ms (cache hit)
325 http cache aria-query@https://registry.npmjs.org/aria-query/-/aria-query-5.3.0.tgz 0ms (cache hit)
326 http cache ansi-styles@https://registry.npmjs.org/ansi-styles/-/ansi-styles-5.2.0.tgz 0ms (cache hit)
327 http cache ansi-regex@https://registry.npmjs.org/ansi-regex/-/ansi-regex-5.0.1.tgz 0ms (cache hit)
328 http cache ajv@https://registry.npmjs.org/ajv/-/ajv-6.15.0.tgz 0ms (cache hit)
329 http cache agent-base@https://registry.npmjs.org/agent-base/-/agent-base-7.1.4.tgz 0ms (cache hit)
330 http cache acorn@https://registry.npmjs.org/acorn/-/acorn-8.18.0.tgz 0ms (cache hit)
331 http cache acorn-jsx@https://registry.npmjs.org/acorn-jsx/-/acorn-jsx-5.3.2.tgz 0ms (cache hit)
332 http cache @vitest/spy@https://registry.npmjs.org/@vitest/spy/-/spy-3.2.7.tgz 0ms (cache hit)
333 http cache @vitest/utils@https://registry.npmjs.org/@vitest/utils/-/utils-3.2.7.tgz 0ms (cache hit)
334 http cache @vitest/runner@https://registry.npmjs.org/@vitest/runner/-/runner-3.2.7.tgz 0ms (cache hit)
335 http cache @vitest/snapshot@https://registry.npmjs.org/@vitest/snapshot/-/snapshot-3.2.7.tgz 0ms (cache hit)
336 http cache @vitest/pretty-format@https://registry.npmjs.org/@vitest/pretty-format/-/pretty-format-3.2.7.tgz 0ms (cache hit)
337 http cache @vitest/mocker@https://registry.npmjs.org/@vitest/mocker/-/mocker-3.2.7.tgz 0ms (cache hit)
338 http cache @typescript-eslint/utils@https://registry.npmjs.org/@typescript-eslint/utils/-/utils-8.69.0.tgz 0ms (cache hit)
339 http cache @vitejs/plugin-react@https://registry.npmjs.org/@vitejs/plugin-react/-/plugin-react-5.2.0.tgz 0ms (cache hit)
340 http cache @typescript-eslint/visitor-keys@https://registry.npmjs.org/@typescript-eslint/visitor-keys/-/visitor-keys-8.69.0.tgz 0ms (cache hit)
341 http cache @vitest/expect@https://registry.npmjs.org/@vitest/expect/-/expect-3.2.7.tgz 0ms (cache hit)
342 http cache @typescript-eslint/typescript-estree@https://registry.npmjs.org/@typescript-eslint/typescript-estree/-/typescript-estree-8.69.0.tgz 0ms (cache hit)
343 http cache @typescript-eslint/types@https://registry.npmjs.org/@typescript-eslint/types/-/types-8.69.0.tgz 0ms (cache hit)
344 http cache @typescript-eslint/tsconfig-utils@https://registry.npmjs.org/@typescript-eslint/tsconfig-utils/-/tsconfig-utils-8.69.0.tgz 0ms (cache hit)
345 http cache @typescript-eslint/scope-manager@https://registry.npmjs.org/@typescript-eslint/scope-manager/-/scope-manager-8.69.0.tgz 0ms (cache hit)
346 http cache @typescript-eslint/type-utils@https://registry.npmjs.org/@typescript-eslint/type-utils/-/type-utils-8.69.0.tgz 0ms (cache hit)
347 http cache @typescript-eslint/parser@https://registry.npmjs.org/@typescript-eslint/parser/-/parser-8.69.0.tgz 0ms (cache hit)
348 http cache @typescript-eslint/eslint-plugin@https://registry.npmjs.org/@typescript-eslint/eslint-plugin/-/eslint-plugin-8.69.0.tgz 0ms (cache hit)
349 http cache @types/react-dom@https://registry.npmjs.org/@types/react-dom/-/react-dom-19.2.5.tgz 0ms (cache hit)
350 http cache @types/react@https://registry.npmjs.org/@types/react/-/react-19.2.18.tgz 0ms (cache hit)
351 http cache @typescript-eslint/project-service@https://registry.npmjs.org/@typescript-eslint/project-service/-/project-service-8.69.0.tgz 0ms (cache hit)
352 http cache @types/node@https://registry.npmjs.org/@types/node/-/node-24.13.3.tgz 0ms (cache hit)
353 http cache @types/json-schema@https://registry.npmjs.org/@types/json-schema/-/json-schema-7.0.15.tgz 0ms (cache hit)
354 http cache @types/estree@https://registry.npmjs.org/@types/estree/-/estree-1.0.9.tgz 0ms (cache hit)
355 http cache @types/deep-eql@https://registry.npmjs.org/@types/deep-eql/-/deep-eql-4.0.2.tgz 0ms (cache hit)
356 http cache @types/esrecurse@https://registry.npmjs.org/@types/esrecurse/-/esrecurse-4.3.1.tgz 0ms (cache hit)
357 http cache @types/chai@https://registry.npmjs.org/@types/chai/-/chai-5.2.3.tgz 0ms (cache hit)
358 http cache @types/babel__template@https://registry.npmjs.org/@types/babel__template/-/babel__template-7.4.4.tgz 0ms (cache hit)
359 http cache @types/babel__traverse@https://registry.npmjs.org/@types/babel__traverse/-/babel__traverse-7.28.0.tgz 0ms (cache hit)
360 http cache @types/babel__generator@https://registry.npmjs.org/@types/babel__generator/-/babel__generator-7.27.0.tgz 0ms (cache hit)
361 http cache @types/babel__core@https://registry.npmjs.org/@types/babel__core/-/babel__core-7.20.5.tgz 0ms (cache hit)
362 http cache @testing-library/jest-dom@https://registry.npmjs.org/@testing-library/jest-dom/-/jest-dom-6.9.1.tgz 0ms (cache hit)
363 http cache @testing-library/user-event@https://registry.npmjs.org/@testing-library/user-event/-/user-event-14.6.6.tgz 0ms (cache hit)
364 http cache @types/aria-query@https://registry.npmjs.org/@types/aria-query/-/aria-query-5.0.4.tgz 0ms (cache hit)
365 http cache @testing-library/react@https://registry.npmjs.org/@testing-library/react/-/react-16.3.3.tgz 0ms (cache hit)
366 http cache @testing-library/dom@https://registry.npmjs.org/@testing-library/dom/-/dom-10.4.1.tgz 0ms (cache hit)
367 http cache @tanstack/react-query@https://registry.npmjs.org/@tanstack/react-query/-/react-query-5.102.8.tgz 0ms (cache hit)
368 http cache @tanstack/virtual-core@https://registry.npmjs.org/@tanstack/virtual-core/-/virtual-core-3.17.8.tgz 0ms (cache hit)
369 http cache @tanstack/react-virtual@https://registry.npmjs.org/@tanstack/react-virtual/-/react-virtual-3.14.10.tgz 0ms (cache hit)
370 http cache @tanstack/query-core@https://registry.npmjs.org/@tanstack/query-core/-/query-core-5.102.8.tgz 0ms (cache hit)
371 http cache @tailwindcss/vite@https://registry.npmjs.org/@tailwindcss/vite/-/vite-4.3.3.tgz 0ms (cache hit)
372 http cache @tailwindcss/node@https://registry.npmjs.org/@tailwindcss/node/-/node-4.3.3.tgz 0ms (cache hit)
373 http cache @tailwindcss/oxide@https://registry.npmjs.org/@tailwindcss/oxide/-/oxide-4.3.3.tgz 0ms (cache hit)
374 http cache @tailwindcss/oxide-linux-x64-gnu@https://registry.npmjs.org/@tailwindcss/oxide-linux-x64-gnu/-/oxide-linux-x64-gnu-4.3.3.tgz 0ms (cache hit)
375 http cache @tailwindcss/oxide-linux-x64-musl@https://registry.npmjs.org/@tailwindcss/oxide-linux-x64-musl/-/oxide-linux-x64-musl-4.3.3.tgz 0ms (cache hit)
376 http cache @rollup/rollup-linux-x64-gnu@https://registry.npmjs.org/@rollup/rollup-linux-x64-gnu/-/rollup-linux-x64-gnu-4.63.1.tgz 0ms (cache hit)
377 http cache @rollup/rollup-linux-x64-musl@https://registry.npmjs.org/@rollup/rollup-linux-x64-musl/-/rollup-linux-x64-musl-4.63.1.tgz 0ms (cache hit)
378 http cache @jridgewell/trace-mapping@https://registry.npmjs.org/@jridgewell/trace-mapping/-/trace-mapping-0.3.31.tgz 0ms (cache hit)
379 http cache @jridgewell/sourcemap-codec@https://registry.npmjs.org/@jridgewell/sourcemap-codec/-/sourcemap-codec-1.6.0.tgz 0ms (cache hit)
380 http cache @napi-rs/lzma-linux-x64-gnu@https://registry.npmjs.org/@napi-rs/lzma-linux-x64-gnu/-/lzma-linux-x64-gnu-1.5.1.tgz 0ms (cache hit)
381 http cache @playwright/test@https://registry.npmjs.org/@playwright/test/-/test-1.62.1.tgz 0ms (cache hit)
382 http cache @rolldown/pluginutils@https://registry.npmjs.org/@rolldown/pluginutils/-/pluginutils-1.0.0-rc.3.tgz 0ms (cache hit)
383 http cache @jridgewell/resolve-uri@https://registry.npmjs.org/@jridgewell/resolve-uri/-/resolve-uri-3.1.2.tgz 0ms (cache hit)
384 http cache @jridgewell/gen-mapping@https://registry.npmjs.org/@jridgewell/gen-mapping/-/gen-mapping-0.3.13.tgz 0ms (cache hit)
385 http cache @humanwhocodes/retry@https://registry.npmjs.org/@humanwhocodes/retry/-/retry-0.4.3.tgz 0ms (cache hit)
386 http cache @jridgewell/remapping@https://registry.npmjs.org/@jridgewell/remapping/-/remapping-2.3.5.tgz 0ms (cache hit)
387 http cache @humanfs/core@https://registry.npmjs.org/@humanfs/core/-/core-0.19.2.tgz 0ms (cache hit)
388 http cache @humanfs/node@https://registry.npmjs.org/@humanfs/node/-/node-0.16.8.tgz 0ms (cache hit)
389 http cache @humanwhocodes/module-importer@https://registry.npmjs.org/@humanwhocodes/module-importer/-/module-importer-1.0.1.tgz 0ms (cache hit)
390 http cache @humanfs/types@https://registry.npmjs.org/@humanfs/types/-/types-0.15.0.tgz 0ms (cache hit)
391 http cache @eslint/js@https://registry.npmjs.org/@eslint/js/-/js-10.0.1.tgz 0ms (cache hit)
392 http cache @eslint/core@https://registry.npmjs.org/@eslint/core/-/core-1.2.1.tgz 0ms (cache hit)
393 http cache @eslint/plugin-kit@https://registry.npmjs.org/@eslint/plugin-kit/-/plugin-kit-0.7.2.tgz 0ms (cache hit)
394 http cache @eslint/object-schema@https://registry.npmjs.org/@eslint/object-schema/-/object-schema-3.0.5.tgz 0ms (cache hit)
395 http cache @eslint/config-helpers@https://registry.npmjs.org/@eslint/config-helpers/-/config-helpers-0.7.0.tgz 0ms (cache hit)
396 http cache @eslint-community/eslint-utils@https://registry.npmjs.org/@eslint-community/eslint-utils/-/eslint-utils-4.10.1.tgz 0ms (cache hit)
397 http cache @eslint/config-array@https://registry.npmjs.org/@eslint/config-array/-/config-array-0.23.5.tgz 0ms (cache hit)
398 http cache @eslint-community/regexpp@https://registry.npmjs.org/@eslint-community/regexpp/-/regexpp-4.12.2.tgz 0ms (cache hit)
399 http cache @esbuild/linux-x64@https://registry.npmjs.org/@esbuild/linux-x64/-/linux-x64-0.28.2.tgz 0ms (cache hit)
400 http cache @csstools/css-color-parser@https://registry.npmjs.org/@csstools/css-color-parser/-/css-color-parser-3.1.0.tgz 0ms (cache hit)
401 http cache @csstools/css-calc@https://registry.npmjs.org/@csstools/css-calc/-/css-calc-2.1.4.tgz 0ms (cache hit)
402 http cache @csstools/css-parser-algorithms@https://registry.npmjs.org/@csstools/css-parser-algorithms/-/css-parser-algorithms-3.0.5.tgz 0ms (cache hit)
403 http cache @babel/template@https://registry.npmjs.org/@babel/template/-/template-7.29.7.tgz 0ms (cache hit)
404 http cache @csstools/css-tokenizer@https://registry.npmjs.org/@csstools/css-tokenizer/-/css-tokenizer-3.0.4.tgz 0ms (cache hit)
405 http cache @babel/types@https://registry.npmjs.org/@babel/types/-/types-7.29.8.tgz 0ms (cache hit)
406 http cache @csstools/color-helpers@https://registry.npmjs.org/@csstools/color-helpers/-/color-helpers-5.1.0.tgz 0ms (cache hit)
407 http cache @babel/traverse@https://registry.npmjs.org/@babel/traverse/-/traverse-7.29.8.tgz 0ms (cache hit)
408 http cache @babel/runtime@https://registry.npmjs.org/@babel/runtime/-/runtime-7.29.7.tgz 0ms (cache hit)
409 http cache @babel/plugin-transform-react-jsx-self@https://registry.npmjs.org/@babel/plugin-transform-react-jsx-self/-/plugin-transform-react-jsx-self-7.29.7.tgz 0ms (cache hit)
410 http cache @babel/plugin-transform-react-jsx-source@https://registry.npmjs.org/@babel/plugin-transform-react-jsx-source/-/plugin-transform-react-jsx-source-7.29.7.tgz 0ms (cache hit)
411 http cache @babel/parser@https://registry.npmjs.org/@babel/parser/-/parser-7.29.8.tgz 0ms (cache hit)
412 http cache @babel/helpers@https://registry.npmjs.org/@babel/helpers/-/helpers-7.29.7.tgz 0ms (cache hit)
413 http cache @babel/helper-validator-identifier@https://registry.npmjs.org/@babel/helper-validator-identifier/-/helper-validator-identifier-7.29.7.tgz 0ms (cache hit)
414 http cache @babel/helper-validator-option@https://registry.npmjs.org/@babel/helper-validator-option/-/helper-validator-option-7.29.7.tgz 0ms (cache hit)
415 http cache @babel/helper-string-parser@https://registry.npmjs.org/@babel/helper-string-parser/-/helper-string-parser-7.29.7.tgz 0ms (cache hit)
416 http cache @babel/helper-plugin-utils@https://registry.npmjs.org/@babel/helper-plugin-utils/-/helper-plugin-utils-7.29.7.tgz 0ms (cache hit)
417 http cache @babel/helper-module-imports@https://registry.npmjs.org/@babel/helper-module-imports/-/helper-module-imports-7.29.7.tgz 0ms (cache hit)
418 http cache @babel/helper-module-transforms@https://registry.npmjs.org/@babel/helper-module-transforms/-/helper-module-transforms-7.29.7.tgz 0ms (cache hit)
419 http cache @babel/helper-globals@https://registry.npmjs.org/@babel/helper-globals/-/helper-globals-7.29.7.tgz 0ms (cache hit)
420 http cache @babel/helper-compilation-targets@https://registry.npmjs.org/@babel/helper-compilation-targets/-/helper-compilation-targets-7.29.7.tgz 0ms (cache hit)
421 http cache @babel/core@https://registry.npmjs.org/@babel/core/-/core-7.29.7.tgz 0ms (cache hit)
422 http cache @babel/generator@https://registry.npmjs.org/@babel/generator/-/generator-7.29.8.tgz 0ms (cache hit)
423 silly tarball no local data for zod@https://registry.npmjs.org/zod/-/zod-4.5.4.tgz. Extracting by manifest.
424 http cache @babel/compat-data@https://registry.npmjs.org/@babel/compat-data/-/compat-data-7.29.7.tgz 0ms (cache hit)
425 http cache @asamuzakjp/css-color@https://registry.npmjs.org/@asamuzakjp/css-color/-/css-color-3.2.0.tgz 0ms (cache hit)
426 http cache @babel/code-frame@https://registry.npmjs.org/@babel/code-frame/-/code-frame-7.29.7.tgz 0ms (cache hit)
427 silly tarball no local data for zod-validation-error@https://registry.npmjs.org/zod-validation-error/-/zod-validation-error-4.0.2.tgz. Extracting by manifest.
428 silly tarball no local data for yocto-queue@https://registry.npmjs.org/yocto-queue/-/yocto-queue-0.1.0.tgz. Extracting by manifest.
429 http cache @adobe/css-tools@https://registry.npmjs.org/@adobe/css-tools/-/css-tools-4.5.0.tgz 0ms (cache hit)
430 silly tarball no local data for xmlchars@https://registry.npmjs.org/xmlchars/-/xmlchars-2.2.0.tgz. Extracting by manifest.
431 silly tarball no local data for yallist@https://registry.npmjs.org/yallist/-/yallist-3.1.1.tgz. Extracting by manifest.
432 silly tarball no local data for ws@https://registry.npmjs.org/ws/-/ws-8.21.3.tgz. Extracting by manifest.
433 silly tarball no local data for xml-name-validator@https://registry.npmjs.org/xml-name-validator/-/xml-name-validator-5.0.0.tgz. Extracting by manifest.
434 http cache js-tokens@https://registry.npmjs.org/js-tokens/-/js-tokens-9.0.1.tgz 0ms (cache hit)
435 silly tarball no local data for word-wrap@https://registry.npmjs.org/word-wrap/-/word-wrap-1.2.5.tgz. Extracting by manifest.
436 silly tarball no local data for why-is-node-running@https://registry.npmjs.org/why-is-node-running/-/why-is-node-running-2.3.0.tgz. Extracting by manifest.
437 silly tarball no local data for which@https://registry.npmjs.org/which/-/which-2.0.2.tgz. Extracting by manifest.
438 silly tarball no local data for whatwg-url@https://registry.npmjs.org/whatwg-url/-/whatwg-url-14.2.0.tgz. Extracting by manifest.
439 silly tarball no local data for webidl-conversions@https://registry.npmjs.org/webidl-conversions/-/webidl-conversions-7.0.0.tgz. Extracting by manifest.
440 http cache semver@https://registry.npmjs.org/semver/-/semver-7.8.5.tgz 0ms (cache hit)
441 silly tarball no local data for whatwg-mimetype@https://registry.npmjs.org/whatwg-mimetype/-/whatwg-mimetype-4.0.0.tgz. Extracting by manifest.
442 silly tarball no local data for whatwg-encoding@https://registry.npmjs.org/whatwg-encoding/-/whatwg-encoding-3.1.1.tgz. Extracting by manifest.
443 http cache ignore@https://registry.npmjs.org/ignore/-/ignore-7.0.8.tgz 0ms (cache hit)
444 silly tarball no local data for w3c-xmlserializer@https://registry.npmjs.org/w3c-xmlserializer/-/w3c-xmlserializer-5.0.0.tgz. Extracting by manifest.
445 silly tarball no local data for vitest@https://registry.npmjs.org/vitest/-/vitest-3.2.7.tgz. Extracting by manifest.
446 silly tarball no local data for vite-node@https://registry.npmjs.org/vite-node/-/vite-node-3.2.4.tgz. Extracting by manifest.
447 http cache dom-accessibility-api@https://registry.npmjs.org/dom-accessibility-api/-/dom-accessibility-api-0.6.3.tgz 0ms (cache hit)
448 silly tarball no local data for vite@https://registry.npmjs.org/vite/-/vite-7.3.6.tgz. Extracting by manifest.
449 silly tarball no local data for update-browserslist-db@https://registry.npmjs.org/update-browserslist-db/-/update-browserslist-db-1.3.2.tgz. Extracting by manifest.
450 silly tarball no local data for undici-types@https://registry.npmjs.org/undici-types/-/undici-types-7.18.2.tgz. Extracting by manifest.
451 silly tarball no local data for typescript-eslint@https://registry.npmjs.org/typescript-eslint/-/typescript-eslint-8.69.0.tgz. Extracting by manifest.
452 silly tarball no local data for uri-js@https://registry.npmjs.org/uri-js/-/uri-js-4.4.1.tgz. Extracting by manifest.
453 silly tarball no local data for typescript@https://registry.npmjs.org/typescript/-/typescript-5.9.3.tgz. Extracting by manifest.
454 silly tarball no local data for tr46@https://registry.npmjs.org/tr46/-/tr46-5.1.1.tgz. Extracting by manifest.
455 silly tarball no local data for ts-api-utils@https://registry.npmjs.org/ts-api-utils/-/ts-api-utils-2.5.0.tgz. Extracting by manifest.
456 silly tarball no local data for tldts-core@https://registry.npmjs.org/tldts-core/-/tldts-core-6.1.86.tgz. Extracting by manifest.
457 silly tarball no local data for tough-cookie@https://registry.npmjs.org/tough-cookie/-/tough-cookie-5.1.2.tgz. Extracting by manifest.
458 silly tarball no local data for tldts@https://registry.npmjs.org/tldts/-/tldts-6.1.86.tgz. Extracting by manifest.
459 silly tarball no local data for tinyspy@https://registry.npmjs.org/tinyspy/-/tinyspy-4.0.4.tgz. Extracting by manifest.
460 silly tarball no local data for type-check@https://registry.npmjs.org/type-check/-/type-check-0.4.0.tgz. Extracting by manifest.
461 silly tarball no local data for tinypool@https://registry.npmjs.org/tinypool/-/tinypool-1.1.1.tgz. Extracting by manifest.
462 silly tarball no local data for tinyexec@https://registry.npmjs.org/tinyexec/-/tinyexec-0.3.2.tgz. Extracting by manifest.
463 silly tarball no local data for tinyglobby@https://registry.npmjs.org/tinyglobby/-/tinyglobby-0.2.17.tgz. Extracting by manifest.
464 silly tarball no local data for tinybench@https://registry.npmjs.org/tinybench/-/tinybench-2.9.0.tgz. Extracting by manifest.
465 silly tarball no local data for tapable@https://registry.npmjs.org/tapable/-/tapable-2.3.3.tgz. Extracting by manifest.
466 silly tarball no local data for tinyrainbow@https://registry.npmjs.org/tinyrainbow/-/tinyrainbow-2.0.0.tgz. Extracting by manifest.
467 silly tarball no local data for symbol-tree@https://registry.npmjs.org/symbol-tree/-/symbol-tree-3.2.4.tgz. Extracting by manifest.
468 silly tarball no local data for strip-literal@https://registry.npmjs.org/strip-literal/-/strip-literal-3.1.0.tgz. Extracting by manifest.
469 silly tarball no local data for strip-indent@https://registry.npmjs.org/strip-indent/-/strip-indent-3.0.0.tgz. Extracting by manifest.
470 silly tarball no local data for stackback@https://registry.npmjs.org/stackback/-/stackback-0.0.2.tgz. Extracting by manifest.
471 silly tarball no local data for std-env@https://registry.npmjs.org/std-env/-/std-env-3.10.0.tgz. Extracting by manifest.
472 silly tarball no local data for tailwindcss@https://registry.npmjs.org/tailwindcss/-/tailwindcss-4.3.3.tgz. Extracting by manifest.
473 silly tarball no local data for source-map-js@https://registry.npmjs.org/source-map-js/-/source-map-js-1.2.1.tgz. Extracting by manifest.
474 silly tarball no local data for shebang-command@https://registry.npmjs.org/shebang-command/-/shebang-command-2.0.0.tgz. Extracting by manifest.
475 silly tarball no local data for siginfo@https://registry.npmjs.org/siginfo/-/siginfo-2.0.0.tgz. Extracting by manifest.
476 silly tarball no local data for shebang-regex@https://registry.npmjs.org/shebang-regex/-/shebang-regex-3.0.0.tgz. Extracting by manifest.
477 silly tarball no local data for semver@https://registry.npmjs.org/semver/-/semver-6.3.1.tgz. Extracting by manifest.
478 silly tarball no local data for set-cookie-parser@https://registry.npmjs.org/set-cookie-parser/-/set-cookie-parser-2.7.2.tgz. Extracting by manifest.
479 http cache eslint-visitor-keys@https://registry.npmjs.org/eslint-visitor-keys/-/eslint-visitor-keys-3.4.3.tgz 0ms (cache hit)
480 silly tarball no local data for scheduler@https://registry.npmjs.org/scheduler/-/scheduler-0.27.0.tgz. Extracting by manifest.
481 silly tarball no local data for safer-buffer@https://registry.npmjs.org/safer-buffer/-/safer-buffer-2.1.2.tgz. Extracting by manifest.
482 silly tarball no local data for rrweb-cssom@https://registry.npmjs.org/rrweb-cssom/-/rrweb-cssom-0.8.0.tgz. Extracting by manifest.
483 silly tarball no local data for rollup@https://registry.npmjs.org/rollup/-/rollup-4.63.1.tgz. Extracting by manifest.
484 silly tarball no local data for redent@https://registry.npmjs.org/redent/-/redent-3.0.0.tgz. Extracting by manifest.
485 silly tarball no local data for react-router-dom@https://registry.npmjs.org/react-router-dom/-/react-router-dom-7.18.3.tgz. Extracting by manifest.
486 silly tarball no local data for react-router@https://registry.npmjs.org/react-router/-/react-router-7.18.3.tgz. Extracting by manifest.
487 silly tarball no local data for react-refresh@https://registry.npmjs.org/react-refresh/-/react-refresh-0.18.0.tgz. Extracting by manifest.
488 silly tarball no local data for react-is@https://registry.npmjs.org/react-is/-/react-is-17.0.2.tgz. Extracting by manifest.
489 silly tarball no local data for saxes@https://registry.npmjs.org/saxes/-/saxes-6.0.0.tgz. Extracting by manifest.
490 silly tarball no local data for react-dom@https://registry.npmjs.org/react-dom/-/react-dom-19.2.8.tgz. Extracting by manifest.
491 silly tarball no local data for punycode@https://registry.npmjs.org/punycode/-/punycode-2.3.1.tgz. Extracting by manifest.
492 silly tarball no local data for pretty-format@https://registry.npmjs.org/pretty-format/-/pretty-format-27.5.1.tgz. Extracting by manifest.
493 silly tarball no local data for prettier@https://registry.npmjs.org/prettier/-/prettier-3.9.6.tgz. Extracting by manifest.
494 silly tarball no local data for prelude-ls@https://registry.npmjs.org/prelude-ls/-/prelude-ls-1.2.1.tgz. Extracting by manifest.
495 silly tarball no local data for postcss@https://registry.npmjs.org/postcss/-/postcss-8.5.26.tgz. Extracting by manifest.
496 silly tarball no local data for playwright-core@https://registry.npmjs.org/playwright-core/-/playwright-core-1.62.1.tgz. Extracting by manifest.
497 silly tarball no local data for playwright@https://registry.npmjs.org/playwright/-/playwright-1.62.1.tgz. Extracting by manifest.
498 silly tarball no local data for picomatch@https://registry.npmjs.org/picomatch/-/picomatch-4.0.7.tgz. Extracting by manifest.
499 silly tarball no local data for react@https://registry.npmjs.org/react/-/react-19.2.8.tgz. Extracting by manifest.
500 silly tarball no local data for picocolors@https://registry.npmjs.org/picocolors/-/picocolors-1.1.1.tgz. Extracting by manifest.
501 silly tarball no local data for pathe@https://registry.npmjs.org/pathe/-/pathe-2.0.3.tgz. Extracting by manifest.
502 silly tarball no local data for path-key@https://registry.npmjs.org/path-key/-/path-key-3.1.1.tgz. Extracting by manifest.
503 silly tarball no local data for parse5@https://registry.npmjs.org/parse5/-/parse5-7.3.0.tgz. Extracting by manifest.
504 silly tarball no local data for p-locate@https://registry.npmjs.org/p-locate/-/p-locate-5.0.0.tgz. Extracting by manifest.
505 silly tarball no local data for pathval@https://registry.npmjs.org/pathval/-/pathval-2.0.1.tgz. Extracting by manifest.
506 http cache lru-cache@https://registry.npmjs.org/lru-cache/-/lru-cache-10.4.3.tgz 0ms (cache hit)
507 silly tarball no local data for optionator@https://registry.npmjs.org/optionator/-/optionator-0.9.4.tgz. Extracting by manifest.
508 silly tarball no local data for nwsapi@https://registry.npmjs.org/nwsapi/-/nwsapi-2.2.27.tgz. Extracting by manifest.
509 silly tarball no local data for path-exists@https://registry.npmjs.org/path-exists/-/path-exists-4.0.0.tgz. Extracting by manifest.
510 silly tarball no local data for node-releases@https://registry.npmjs.org/node-releases/-/node-releases-2.0.54.tgz. Extracting by manifest.
511 silly tarball no local data for natural-compare@https://registry.npmjs.org/natural-compare/-/natural-compare-1.4.0.tgz. Extracting by manifest.
512 silly tarball no local data for ms@https://registry.npmjs.org/ms/-/ms-2.1.3.tgz. Extracting by manifest.
513 silly tarball no local data for nanoid@https://registry.npmjs.org/nanoid/-/nanoid-3.3.18.tgz. Extracting by manifest.
514 silly tarball no local data for minimatch@https://registry.npmjs.org/minimatch/-/minimatch-10.2.6.tgz. Extracting by manifest.
515 silly tarball no local data for min-indent@https://registry.npmjs.org/min-indent/-/min-indent-1.0.1.tgz. Extracting by manifest.
516 silly tarball no local data for magic-string@https://registry.npmjs.org/magic-string/-/magic-string-0.30.21.tgz. Extracting by manifest.
517 silly tarball no local data for lucide-react@https://registry.npmjs.org/lucide-react/-/lucide-react-0.542.0.tgz. Extracting by manifest.
518 silly tarball no local data for lz-string@https://registry.npmjs.org/lz-string/-/lz-string-1.5.0.tgz. Extracting by manifest.
519 silly tarball no local data for p-limit@https://registry.npmjs.org/p-limit/-/p-limit-3.1.0.tgz. Extracting by manifest.
520 silly tarball no local data for lightningcss-linux-x64-musl@https://registry.npmjs.org/lightningcss-linux-x64-musl/-/lightningcss-linux-x64-musl-1.32.0.tgz. Extracting by manifest.
521 silly tarball no local data for loupe@https://registry.npmjs.org/loupe/-/loupe-3.2.1.tgz. Extracting by manifest.
522 silly tarball no local data for lru-cache@https://registry.npmjs.org/lru-cache/-/lru-cache-5.1.1.tgz. Extracting by manifest.
523 silly tarball no local data for lightningcss-linux-x64-gnu@https://registry.npmjs.org/lightningcss-linux-x64-gnu/-/lightningcss-linux-x64-gnu-1.32.0.tgz. Extracting by manifest.
524 silly tarball no local data for levn@https://registry.npmjs.org/levn/-/levn-0.4.1.tgz. Extracting by manifest.
525 silly tarball no local data for lightningcss@https://registry.npmjs.org/lightningcss/-/lightningcss-1.32.0.tgz. Extracting by manifest.
526 silly tarball no local data for locate-path@https://registry.npmjs.org/locate-path/-/locate-path-6.0.0.tgz. Extracting by manifest.
527 silly tarball no local data for keyv@https://registry.npmjs.org/keyv/-/keyv-4.5.4.tgz. Extracting by manifest.
528 silly tarball no local data for json5@https://registry.npmjs.org/json5/-/json5-2.2.3.tgz. Extracting by manifest.
529 silly tarball no local data for json-schema-traverse@https://registry.npmjs.org/json-schema-traverse/-/json-schema-traverse-0.4.1.tgz. Extracting by manifest.
530 silly tarball no local data for json-stable-stringify-without-jsonify@https://registry.npmjs.org/json-stable-stringify-without-jsonify/-/json-stable-stringify-without-jsonify-1.0.1.tgz. Extracting by manifest.
531 silly tarball no local data for json-buffer@https://registry.npmjs.org/json-buffer/-/json-buffer-3.0.1.tgz. Extracting by manifest.
532 silly tarball no local data for jsesc@https://registry.npmjs.org/jsesc/-/jsesc-3.1.0.tgz. Extracting by manifest.
533 silly tarball no local data for jsdom@https://registry.npmjs.org/jsdom/-/jsdom-26.1.0.tgz. Extracting by manifest.
534 silly tarball no local data for js-tokens@https://registry.npmjs.org/js-tokens/-/js-tokens-4.0.0.tgz. Extracting by manifest.
535 silly tarball no local data for jiti@https://registry.npmjs.org/jiti/-/jiti-2.7.0.tgz. Extracting by manifest.
536 silly tarball no local data for isexe@https://registry.npmjs.org/isexe/-/isexe-2.0.0.tgz. Extracting by manifest.
537 silly tarball no local data for is-potential-custom-element-name@https://registry.npmjs.org/is-potential-custom-element-name/-/is-potential-custom-element-name-1.0.1.tgz. Extracting by manifest.
538 silly tarball no local data for is-glob@https://registry.npmjs.org/is-glob/-/is-glob-4.0.3.tgz. Extracting by manifest.
539 silly tarball no local data for indent-string@https://registry.npmjs.org/indent-string/-/indent-string-4.0.0.tgz. Extracting by manifest.
540 silly tarball no local data for is-extglob@https://registry.npmjs.org/is-extglob/-/is-extglob-2.1.1.tgz. Extracting by manifest.
541 silly tarball no local data for ignore@https://registry.npmjs.org/ignore/-/ignore-5.3.2.tgz. Extracting by manifest.
542 silly tarball no local data for imurmurhash@https://registry.npmjs.org/imurmurhash/-/imurmurhash-0.1.4.tgz. Extracting by manifest.
543 silly tarball no local data for https-proxy-agent@https://registry.npmjs.org/https-proxy-agent/-/https-proxy-agent-7.0.6.tgz. Extracting by manifest.
544 silly tarball no local data for iconv-lite@https://registry.npmjs.org/iconv-lite/-/iconv-lite-0.6.3.tgz. Extracting by manifest.
545 silly tarball no local data for http-proxy-agent@https://registry.npmjs.org/http-proxy-agent/-/http-proxy-agent-7.0.2.tgz. Extracting by manifest.
546 silly tarball no local data for html-encoding-sniffer@https://registry.npmjs.org/html-encoding-sniffer/-/html-encoding-sniffer-4.0.0.tgz. Extracting by manifest.
547 silly tarball no local data for hermes-parser@https://registry.npmjs.org/hermes-parser/-/hermes-parser-0.25.1.tgz. Extracting by manifest.
548 silly tarball no local data for hermes-estree@https://registry.npmjs.org/hermes-estree/-/hermes-estree-0.25.1.tgz. Extracting by manifest.
549 silly tarball no local data for graceful-fs@https://registry.npmjs.org/graceful-fs/-/graceful-fs-4.2.11.tgz. Extracting by manifest.
550 silly tarball no local data for globals@https://registry.npmjs.org/globals/-/globals-17.11.0.tgz. Extracting by manifest.
551 silly tarball no local data for glob-parent@https://registry.npmjs.org/glob-parent/-/glob-parent-6.0.2.tgz. Extracting by manifest.
552 silly tarball no local data for gensync@https://registry.npmjs.org/gensync/-/gensync-1.0.0-beta.2.tgz. Extracting by manifest.
553 silly tarball no local data for flatted@https://registry.npmjs.org/flatted/-/flatted-3.4.4.tgz. Extracting by manifest.
554 silly tarball no local data for flat-cache@https://registry.npmjs.org/flat-cache/-/flat-cache-4.0.1.tgz. Extracting by manifest.
555 silly tarball no local data for find-up@https://registry.npmjs.org/find-up/-/find-up-5.0.0.tgz. Extracting by manifest.
556 silly tarball no local data for file-entry-cache@https://registry.npmjs.org/file-entry-cache/-/file-entry-cache-8.0.0.tgz. Extracting by manifest.
557 silly tarball no local data for fdir@https://registry.npmjs.org/fdir/-/fdir-6.5.0.tgz. Extracting by manifest.
558 silly tarball no local data for fast-levenshtein@https://registry.npmjs.org/fast-levenshtein/-/fast-levenshtein-2.0.6.tgz. Extracting by manifest.
559 silly tarball no local data for fast-json-stable-stringify@https://registry.npmjs.org/fast-json-stable-stringify/-/fast-json-stable-stringify-2.1.0.tgz. Extracting by manifest.
560 silly tarball no local data for fast-deep-equal@https://registry.npmjs.org/fast-deep-equal/-/fast-deep-equal-3.1.3.tgz. Extracting by manifest.
561 silly tarball no local data for expect-type@https://registry.npmjs.org/expect-type/-/expect-type-1.4.0.tgz. Extracting by manifest.
562 silly tarball no local data for estraverse@https://registry.npmjs.org/estraverse/-/estraverse-5.3.0.tgz. Extracting by manifest.
563 silly tarball no local data for esutils@https://registry.npmjs.org/esutils/-/esutils-2.0.3.tgz. Extracting by manifest.
564 silly tarball no local data for esrecurse@https://registry.npmjs.org/esrecurse/-/esrecurse-4.3.0.tgz. Extracting by manifest.
565 silly tarball no local data for estree-walker@https://registry.npmjs.org/estree-walker/-/estree-walker-3.0.3.tgz. Extracting by manifest.
566 silly tarball no local data for espree@https://registry.npmjs.org/espree/-/espree-11.2.0.tgz. Extracting by manifest.
567 silly tarball no local data for esquery@https://registry.npmjs.org/esquery/-/esquery-1.7.0.tgz. Extracting by manifest.
568 silly tarball no local data for eslint-visitor-keys@https://registry.npmjs.org/eslint-visitor-keys/-/eslint-visitor-keys-5.0.1.tgz. Extracting by manifest.
569 silly tarball no local data for eslint-scope@https://registry.npmjs.org/eslint-scope/-/eslint-scope-9.1.2.tgz. Extracting by manifest.
570 silly tarball no local data for eslint-plugin-react-refresh@https://registry.npmjs.org/eslint-plugin-react-refresh/-/eslint-plugin-react-refresh-0.5.5.tgz. Extracting by manifest.
571 silly tarball no local data for eslint-plugin-react-hooks@https://registry.npmjs.org/eslint-plugin-react-hooks/-/eslint-plugin-react-hooks-7.1.1.tgz. Extracting by manifest.
572 silly tarball no local data for eslint@https://registry.npmjs.org/eslint/-/eslint-10.9.1.tgz. Extracting by manifest.
573 silly tarball no local data for escape-string-regexp@https://registry.npmjs.org/escape-string-regexp/-/escape-string-regexp-4.0.0.tgz. Extracting by manifest.
574 silly tarball no local data for escalade@https://registry.npmjs.org/escalade/-/escalade-3.2.0.tgz. Extracting by manifest.
575 silly tarball no local data for esbuild@https://registry.npmjs.org/esbuild/-/esbuild-0.28.2.tgz. Extracting by manifest.
576 silly tarball no local data for enhanced-resolve@https://registry.npmjs.org/enhanced-resolve/-/enhanced-resolve-5.24.5.tgz. Extracting by manifest.
577 silly tarball no local data for entities@https://registry.npmjs.org/entities/-/entities-6.0.1.tgz. Extracting by manifest.
578 silly tarball no local data for es-module-lexer@https://registry.npmjs.org/es-module-lexer/-/es-module-lexer-1.7.0.tgz. Extracting by manifest.
579 silly tarball no local data for dom-accessibility-api@https://registry.npmjs.org/dom-accessibility-api/-/dom-accessibility-api-0.5.16.tgz. Extracting by manifest.
580 silly tarball no local data for electron-to-chromium@https://registry.npmjs.org/electron-to-chromium/-/electron-to-chromium-1.5.418.tgz. Extracting by manifest.
581 silly tarball no local data for detect-libc@https://registry.npmjs.org/detect-libc/-/detect-libc-2.1.2.tgz. Extracting by manifest.
582 silly tarball no local data for dequal@https://registry.npmjs.org/dequal/-/dequal-2.0.3.tgz. Extracting by manifest.
583 silly tarball no local data for deep-eql@https://registry.npmjs.org/deep-eql/-/deep-eql-5.0.2.tgz. Extracting by manifest.
584 silly tarball no local data for deep-is@https://registry.npmjs.org/deep-is/-/deep-is-0.1.4.tgz. Extracting by manifest.
585 silly tarball no local data for decimal.js@https://registry.npmjs.org/decimal.js/-/decimal.js-10.6.0.tgz. Extracting by manifest.
586 silly tarball no local data for data-urls@https://registry.npmjs.org/data-urls/-/data-urls-5.0.0.tgz. Extracting by manifest.
587 silly tarball no local data for debug@https://registry.npmjs.org/debug/-/debug-4.4.3.tgz. Extracting by manifest.
588 silly tarball no local data for csstype@https://registry.npmjs.org/csstype/-/csstype-3.2.3.tgz. Extracting by manifest.
589 silly tarball no local data for css.escape@https://registry.npmjs.org/css.escape/-/css.escape-1.5.1.tgz. Extracting by manifest.
590 silly tarball no local data for cssstyle@https://registry.npmjs.org/cssstyle/-/cssstyle-4.6.0.tgz. Extracting by manifest.
591 silly tarball no local data for cross-spawn@https://registry.npmjs.org/cross-spawn/-/cross-spawn-7.0.6.tgz. Extracting by manifest.
592 silly tarball no local data for cookie@https://registry.npmjs.org/cookie/-/cookie-1.1.1.tgz. Extracting by manifest.
593 silly tarball no local data for convert-source-map@https://registry.npmjs.org/convert-source-map/-/convert-source-map-2.0.0.tgz. Extracting by manifest.
594 silly tarball no local data for chai@https://registry.npmjs.org/chai/-/chai-5.3.3.tgz. Extracting by manifest.
595 silly tarball no local data for clsx@https://registry.npmjs.org/clsx/-/clsx-2.1.1.tgz. Extracting by manifest.
596 silly tarball no local data for cac@https://registry.npmjs.org/cac/-/cac-6.7.14.tgz. Extracting by manifest.
597 silly tarball no local data for check-error@https://registry.npmjs.org/check-error/-/check-error-2.1.3.tgz. Extracting by manifest.
598 silly tarball no local data for caniuse-lite@https://registry.npmjs.org/caniuse-lite/-/caniuse-lite-1.0.30001810.tgz. Extracting by manifest.
599 silly tarball no local data for browserslist@https://registry.npmjs.org/browserslist/-/browserslist-4.28.8.tgz. Extracting by manifest.
600 silly tarball no local data for brace-expansion@https://registry.npmjs.org/brace-expansion/-/brace-expansion-5.0.9.tgz. Extracting by manifest.
601 silly tarball no local data for assertion-error@https://registry.npmjs.org/assertion-error/-/assertion-error-2.0.1.tgz. Extracting by manifest.
602 silly tarball no local data for baseline-browser-mapping@https://registry.npmjs.org/baseline-browser-mapping/-/baseline-browser-mapping-2.11.20.tgz. Extracting by manifest.
603 silly tarball no local data for balanced-match@https://registry.npmjs.org/balanced-match/-/balanced-match-4.0.4.tgz. Extracting by manifest.
604 silly tarball no local data for aria-query@https://registry.npmjs.org/aria-query/-/aria-query-5.3.0.tgz. Extracting by manifest.
605 silly tarball no local data for ansi-styles@https://registry.npmjs.org/ansi-styles/-/ansi-styles-5.2.0.tgz. Extracting by manifest.
606 silly tarball no local data for ansi-regex@https://registry.npmjs.org/ansi-regex/-/ansi-regex-5.0.1.tgz. Extracting by manifest.
607 silly tarball no local data for ajv@https://registry.npmjs.org/ajv/-/ajv-6.15.0.tgz. Extracting by manifest.
608 silly tarball no local data for agent-base@https://registry.npmjs.org/agent-base/-/agent-base-7.1.4.tgz. Extracting by manifest.
609 silly tarball no local data for acorn@https://registry.npmjs.org/acorn/-/acorn-8.18.0.tgz. Extracting by manifest.
610 silly tarball no local data for acorn-jsx@https://registry.npmjs.org/acorn-jsx/-/acorn-jsx-5.3.2.tgz. Extracting by manifest.
611 silly tarball no local data for @vitest/spy@https://registry.npmjs.org/@vitest/spy/-/spy-3.2.7.tgz. Extracting by manifest.
612 silly tarball no local data for @vitest/utils@https://registry.npmjs.org/@vitest/utils/-/utils-3.2.7.tgz. Extracting by manifest.
613 silly tarball no local data for @vitest/runner@https://registry.npmjs.org/@vitest/runner/-/runner-3.2.7.tgz. Extracting by manifest.
614 silly tarball no local data for @vitest/snapshot@https://registry.npmjs.org/@vitest/snapshot/-/snapshot-3.2.7.tgz. Extracting by manifest.
615 silly tarball no local data for @vitest/pretty-format@https://registry.npmjs.org/@vitest/pretty-format/-/pretty-format-3.2.7.tgz. Extracting by manifest.
616 silly tarball no local data for @vitest/mocker@https://registry.npmjs.org/@vitest/mocker/-/mocker-3.2.7.tgz. Extracting by manifest.
617 silly tarball no local data for @typescript-eslint/utils@https://registry.npmjs.org/@typescript-eslint/utils/-/utils-8.69.0.tgz. Extracting by manifest.
618 silly tarball no local data for @vitejs/plugin-react@https://registry.npmjs.org/@vitejs/plugin-react/-/plugin-react-5.2.0.tgz. Extracting by manifest.
619 silly tarball no local data for @typescript-eslint/visitor-keys@https://registry.npmjs.org/@typescript-eslint/visitor-keys/-/visitor-keys-8.69.0.tgz. Extracting by manifest.
620 silly tarball no local data for @vitest/expect@https://registry.npmjs.org/@vitest/expect/-/expect-3.2.7.tgz. Extracting by manifest.
621 silly tarball no local data for @typescript-eslint/typescript-estree@https://registry.npmjs.org/@typescript-eslint/typescript-estree/-/typescript-estree-8.69.0.tgz. Extracting by manifest.
622 silly tarball no local data for @typescript-eslint/types@https://registry.npmjs.org/@typescript-eslint/types/-/types-8.69.0.tgz. Extracting by manifest.
623 silly tarball no local data for @typescript-eslint/tsconfig-utils@https://registry.npmjs.org/@typescript-eslint/tsconfig-utils/-/tsconfig-utils-8.69.0.tgz. Extracting by manifest.
624 silly tarball no local data for @typescript-eslint/scope-manager@https://registry.npmjs.org/@typescript-eslint/scope-manager/-/scope-manager-8.69.0.tgz. Extracting by manifest.
625 silly tarball no local data for @typescript-eslint/type-utils@https://registry.npmjs.org/@typescript-eslint/type-utils/-/type-utils-8.69.0.tgz. Extracting by manifest.
626 silly tarball no local data for @typescript-eslint/parser@https://registry.npmjs.org/@typescript-eslint/parser/-/parser-8.69.0.tgz. Extracting by manifest.
627 silly tarball no local data for @typescript-eslint/eslint-plugin@https://registry.npmjs.org/@typescript-eslint/eslint-plugin/-/eslint-plugin-8.69.0.tgz. Extracting by manifest.
628 silly tarball no local data for @types/react-dom@https://registry.npmjs.org/@types/react-dom/-/react-dom-19.2.5.tgz. Extracting by manifest.
629 silly tarball no local data for @types/react@https://registry.npmjs.org/@types/react/-/react-19.2.18.tgz. Extracting by manifest.
630 silly tarball no local data for @typescript-eslint/project-service@https://registry.npmjs.org/@typescript-eslint/project-service/-/project-service-8.69.0.tgz. Extracting by manifest.
631 silly tarball no local data for @types/node@https://registry.npmjs.org/@types/node/-/node-24.13.3.tgz. Extracting by manifest.
632 silly tarball no local data for @types/json-schema@https://registry.npmjs.org/@types/json-schema/-/json-schema-7.0.15.tgz. Extracting by manifest.
633 silly tarball no local data for @types/estree@https://registry.npmjs.org/@types/estree/-/estree-1.0.9.tgz. Extracting by manifest.
634 silly tarball no local data for @types/deep-eql@https://registry.npmjs.org/@types/deep-eql/-/deep-eql-4.0.2.tgz. Extracting by manifest.
635 silly tarball no local data for @types/esrecurse@https://registry.npmjs.org/@types/esrecurse/-/esrecurse-4.3.1.tgz. Extracting by manifest.
636 silly tarball no local data for @types/chai@https://registry.npmjs.org/@types/chai/-/chai-5.2.3.tgz. Extracting by manifest.
637 silly tarball no local data for @types/babel__template@https://registry.npmjs.org/@types/babel__template/-/babel__template-7.4.4.tgz. Extracting by manifest.
638 silly tarball no local data for @types/babel__traverse@https://registry.npmjs.org/@types/babel__traverse/-/babel__traverse-7.28.0.tgz. Extracting by manifest.
639 silly tarball no local data for @types/babel__generator@https://registry.npmjs.org/@types/babel__generator/-/babel__generator-7.27.0.tgz. Extracting by manifest.
640 silly tarball no local data for @types/babel__core@https://registry.npmjs.org/@types/babel__core/-/babel__core-7.20.5.tgz. Extracting by manifest.
641 silly tarball no local data for @testing-library/jest-dom@https://registry.npmjs.org/@testing-library/jest-dom/-/jest-dom-6.9.1.tgz. Extracting by manifest.
642 silly tarball no local data for @testing-library/user-event@https://registry.npmjs.org/@testing-library/user-event/-/user-event-14.6.6.tgz. Extracting by manifest.
643 silly tarball no local data for @types/aria-query@https://registry.npmjs.org/@types/aria-query/-/aria-query-5.0.4.tgz. Extracting by manifest.
644 silly tarball no local data for @testing-library/react@https://registry.npmjs.org/@testing-library/react/-/react-16.3.3.tgz. Extracting by manifest.
645 silly tarball no local data for @testing-library/dom@https://registry.npmjs.org/@testing-library/dom/-/dom-10.4.1.tgz. Extracting by manifest.
646 silly tarball no local data for @tanstack/react-query@https://registry.npmjs.org/@tanstack/react-query/-/react-query-5.102.8.tgz. Extracting by manifest.
647 silly tarball no local data for @tanstack/virtual-core@https://registry.npmjs.org/@tanstack/virtual-core/-/virtual-core-3.17.8.tgz. Extracting by manifest.
648 silly tarball no local data for @tanstack/react-virtual@https://registry.npmjs.org/@tanstack/react-virtual/-/react-virtual-3.14.10.tgz. Extracting by manifest.
649 silly tarball no local data for @tanstack/query-core@https://registry.npmjs.org/@tanstack/query-core/-/query-core-5.102.8.tgz. Extracting by manifest.
650 silly tarball no local data for @tailwindcss/vite@https://registry.npmjs.org/@tailwindcss/vite/-/vite-4.3.3.tgz. Extracting by manifest.
651 silly tarball no local data for @tailwindcss/node@https://registry.npmjs.org/@tailwindcss/node/-/node-4.3.3.tgz. Extracting by manifest.
652 silly tarball no local data for @tailwindcss/oxide@https://registry.npmjs.org/@tailwindcss/oxide/-/oxide-4.3.3.tgz. Extracting by manifest.
653 silly tarball no local data for @tailwindcss/oxide-linux-x64-gnu@https://registry.npmjs.org/@tailwindcss/oxide-linux-x64-gnu/-/oxide-linux-x64-gnu-4.3.3.tgz. Extracting by manifest.
654 silly tarball no local data for @tailwindcss/oxide-linux-x64-musl@https://registry.npmjs.org/@tailwindcss/oxide-linux-x64-musl/-/oxide-linux-x64-musl-4.3.3.tgz. Extracting by manifest.
655 silly tarball no local data for @rollup/rollup-linux-x64-gnu@https://registry.npmjs.org/@rollup/rollup-linux-x64-gnu/-/rollup-linux-x64-gnu-4.63.1.tgz. Extracting by manifest.
656 silly tarball no local data for @rollup/rollup-linux-x64-musl@https://registry.npmjs.org/@rollup/rollup-linux-x64-musl/-/rollup-linux-x64-musl-4.63.1.tgz. Extracting by manifest.
657 silly tarball no local data for @jridgewell/trace-mapping@https://registry.npmjs.org/@jridgewell/trace-mapping/-/trace-mapping-0.3.31.tgz. Extracting by manifest.
658 silly tarball no local data for @jridgewell/sourcemap-codec@https://registry.npmjs.org/@jridgewell/sourcemap-codec/-/sourcemap-codec-1.6.0.tgz. Extracting by manifest.
659 silly tarball no local data for @napi-rs/lzma-linux-x64-gnu@https://registry.npmjs.org/@napi-rs/lzma-linux-x64-gnu/-/lzma-linux-x64-gnu-1.5.1.tgz. Extracting by manifest.
660 silly tarball no local data for @playwright/test@https://registry.npmjs.org/@playwright/test/-/test-1.62.1.tgz. Extracting by manifest.
661 silly tarball no local data for @rolldown/pluginutils@https://registry.npmjs.org/@rolldown/pluginutils/-/pluginutils-1.0.0-rc.3.tgz. Extracting by manifest.
662 silly tarball no local data for @jridgewell/resolve-uri@https://registry.npmjs.org/@jridgewell/resolve-uri/-/resolve-uri-3.1.2.tgz. Extracting by manifest.
663 silly tarball no local data for @jridgewell/gen-mapping@https://registry.npmjs.org/@jridgewell/gen-mapping/-/gen-mapping-0.3.13.tgz. Extracting by manifest.
664 silly tarball no local data for @humanwhocodes/retry@https://registry.npmjs.org/@humanwhocodes/retry/-/retry-0.4.3.tgz. Extracting by manifest.
665 silly tarball no local data for @jridgewell/remapping@https://registry.npmjs.org/@jridgewell/remapping/-/remapping-2.3.5.tgz. Extracting by manifest.
666 silly tarball no local data for @humanfs/core@https://registry.npmjs.org/@humanfs/core/-/core-0.19.2.tgz. Extracting by manifest.
667 silly tarball no local data for @humanfs/node@https://registry.npmjs.org/@humanfs/node/-/node-0.16.8.tgz. Extracting by manifest.
668 silly tarball no local data for @humanwhocodes/module-importer@https://registry.npmjs.org/@humanwhocodes/module-importer/-/module-importer-1.0.1.tgz. Extracting by manifest.
669 silly tarball no local data for @humanfs/types@https://registry.npmjs.org/@humanfs/types/-/types-0.15.0.tgz. Extracting by manifest.
670 silly tarball no local data for @eslint/js@https://registry.npmjs.org/@eslint/js/-/js-10.0.1.tgz. Extracting by manifest.
671 silly tarball no local data for @eslint/core@https://registry.npmjs.org/@eslint/core/-/core-1.2.1.tgz. Extracting by manifest.
672 silly tarball no local data for @eslint/plugin-kit@https://registry.npmjs.org/@eslint/plugin-kit/-/plugin-kit-0.7.2.tgz. Extracting by manifest.
673 silly tarball no local data for @eslint/object-schema@https://registry.npmjs.org/@eslint/object-schema/-/object-schema-3.0.5.tgz. Extracting by manifest.
674 silly tarball no local data for @eslint/config-helpers@https://registry.npmjs.org/@eslint/config-helpers/-/config-helpers-0.7.0.tgz. Extracting by manifest.
675 silly tarball no local data for @eslint-community/eslint-utils@https://registry.npmjs.org/@eslint-community/eslint-utils/-/eslint-utils-4.10.1.tgz. Extracting by manifest.
676 silly tarball no local data for @eslint/config-array@https://registry.npmjs.org/@eslint/config-array/-/config-array-0.23.5.tgz. Extracting by manifest.
677 silly tarball no local data for @eslint-community/regexpp@https://registry.npmjs.org/@eslint-community/regexpp/-/regexpp-4.12.2.tgz. Extracting by manifest.
678 silly tarball no local data for @esbuild/linux-x64@https://registry.npmjs.org/@esbuild/linux-x64/-/linux-x64-0.28.2.tgz. Extracting by manifest.
679 silly tarball no local data for @csstools/css-color-parser@https://registry.npmjs.org/@csstools/css-color-parser/-/css-color-parser-3.1.0.tgz. Extracting by manifest.
680 silly tarball no local data for @csstools/css-calc@https://registry.npmjs.org/@csstools/css-calc/-/css-calc-2.1.4.tgz. Extracting by manifest.
681 silly tarball no local data for @csstools/css-parser-algorithms@https://registry.npmjs.org/@csstools/css-parser-algorithms/-/css-parser-algorithms-3.0.5.tgz. Extracting by manifest.
682 silly tarball no local data for @babel/template@https://registry.npmjs.org/@babel/template/-/template-7.29.7.tgz. Extracting by manifest.
683 silly tarball no local data for @csstools/css-tokenizer@https://registry.npmjs.org/@csstools/css-tokenizer/-/css-tokenizer-3.0.4.tgz. Extracting by manifest.
684 silly tarball no local data for @babel/types@https://registry.npmjs.org/@babel/types/-/types-7.29.8.tgz. Extracting by manifest.
685 silly tarball no local data for @csstools/color-helpers@https://registry.npmjs.org/@csstools/color-helpers/-/color-helpers-5.1.0.tgz. Extracting by manifest.
686 silly tarball no local data for @babel/traverse@https://registry.npmjs.org/@babel/traverse/-/traverse-7.29.8.tgz. Extracting by manifest.
687 silly tarball no local data for @babel/runtime@https://registry.npmjs.org/@babel/runtime/-/runtime-7.29.7.tgz. Extracting by manifest.
688 silly tarball no local data for @babel/plugin-transform-react-jsx-self@https://registry.npmjs.org/@babel/plugin-transform-react-jsx-self/-/plugin-transform-react-jsx-self-7.29.7.tgz. Extracting by manifest.
689 silly tarball no local data for @babel/plugin-transform-react-jsx-source@https://registry.npmjs.org/@babel/plugin-transform-react-jsx-source/-/plugin-transform-react-jsx-source-7.29.7.tgz. Extracting by manifest.
690 silly tarball no local data for @babel/parser@https://registry.npmjs.org/@babel/parser/-/parser-7.29.8.tgz. Extracting by manifest.
691 silly tarball no local data for @babel/helpers@https://registry.npmjs.org/@babel/helpers/-/helpers-7.29.7.tgz. Extracting by manifest.
692 silly tarball no local data for @babel/helper-validator-identifier@https://registry.npmjs.org/@babel/helper-validator-identifier/-/helper-validator-identifier-7.29.7.tgz. Extracting by manifest.
693 silly tarball no local data for @babel/helper-validator-option@https://registry.npmjs.org/@babel/helper-validator-option/-/helper-validator-option-7.29.7.tgz. Extracting by manifest.
694 silly tarball no local data for @babel/helper-string-parser@https://registry.npmjs.org/@babel/helper-string-parser/-/helper-string-parser-7.29.7.tgz. Extracting by manifest.
695 silly tarball no local data for @babel/helper-plugin-utils@https://registry.npmjs.org/@babel/helper-plugin-utils/-/helper-plugin-utils-7.29.7.tgz. Extracting by manifest.
696 silly tarball no local data for @babel/helper-module-imports@https://registry.npmjs.org/@babel/helper-module-imports/-/helper-module-imports-7.29.7.tgz. Extracting by manifest.
697 silly tarball no local data for @babel/helper-module-transforms@https://registry.npmjs.org/@babel/helper-module-transforms/-/helper-module-transforms-7.29.7.tgz. Extracting by manifest.
698 silly tarball no local data for @babel/helper-globals@https://registry.npmjs.org/@babel/helper-globals/-/helper-globals-7.29.7.tgz. Extracting by manifest.
699 silly tarball no local data for @babel/helper-compilation-targets@https://registry.npmjs.org/@babel/helper-compilation-targets/-/helper-compilation-targets-7.29.7.tgz. Extracting by manifest.
700 silly tarball no local data for @babel/core@https://registry.npmjs.org/@babel/core/-/core-7.29.7.tgz. Extracting by manifest.
701 silly tarball no local data for @babel/generator@https://registry.npmjs.org/@babel/generator/-/generator-7.29.8.tgz. Extracting by manifest.
702 silly tarball no local data for @babel/compat-data@https://registry.npmjs.org/@babel/compat-data/-/compat-data-7.29.7.tgz. Extracting by manifest.
703 silly tarball no local data for @asamuzakjp/css-color@https://registry.npmjs.org/@asamuzakjp/css-color/-/css-color-3.2.0.tgz. Extracting by manifest.
704 silly tarball no local data for @babel/code-frame@https://registry.npmjs.org/@babel/code-frame/-/code-frame-7.29.7.tgz. Extracting by manifest.
705 silly tarball no local data for @adobe/css-tools@https://registry.npmjs.org/@adobe/css-tools/-/css-tools-4.5.0.tgz. Extracting by manifest.
706 silly tarball no local data for js-tokens@https://registry.npmjs.org/js-tokens/-/js-tokens-9.0.1.tgz. Extracting by manifest.
707 silly tarball no local data for semver@https://registry.npmjs.org/semver/-/semver-7.8.5.tgz. Extracting by manifest.
708 silly tarball no local data for ignore@https://registry.npmjs.org/ignore/-/ignore-7.0.8.tgz. Extracting by manifest.
709 silly tarball no local data for dom-accessibility-api@https://registry.npmjs.org/dom-accessibility-api/-/dom-accessibility-api-0.6.3.tgz. Extracting by manifest.
710 silly tarball no local data for eslint-visitor-keys@https://registry.npmjs.org/eslint-visitor-keys/-/eslint-visitor-keys-3.4.3.tgz. Extracting by manifest.
711 silly tarball no local data for lru-cache@https://registry.npmjs.org/lru-cache/-/lru-cache-10.4.3.tgz. Extracting by manifest.
712 http fetch GET 200 https://registry.npmjs.org/which/-/which-2.0.2.tgz 840ms (cache miss)
713 http fetch GET 200 https://registry.npmjs.org/xml-name-validator/-/xml-name-validator-5.0.0.tgz 878ms (cache miss)
714 http fetch GET 200 https://registry.npmjs.org/yallist/-/yallist-3.1.1.tgz 903ms (cache miss)
715 http fetch GET 200 https://registry.npmjs.org/type-check/-/type-check-0.4.0.tgz 915ms (cache miss)
716 http fetch GET 200 https://registry.npmjs.org/word-wrap/-/word-wrap-1.2.5.tgz 931ms (cache miss)
717 http fetch GET 200 https://registry.npmjs.org/why-is-node-running/-/why-is-node-running-2.3.0.tgz 940ms (cache miss)
718 http fetch GET 200 https://registry.npmjs.org/whatwg-encoding/-/whatwg-encoding-3.1.1.tgz 944ms (cache miss)
719 warn deprecated whatwg-encoding@3.1.1: Use @exodus/bytes instead for a more spec-conformant and faster implementation
720 http fetch GET 200 https://registry.npmjs.org/webidl-conversions/-/webidl-conversions-7.0.0.tgz 968ms (cache miss)
721 http fetch GET 200 https://registry.npmjs.org/yocto-queue/-/yocto-queue-0.1.0.tgz 995ms (cache miss)
722 http fetch GET 200 https://registry.npmjs.org/w3c-xmlserializer/-/w3c-xmlserializer-5.0.0.tgz 1001ms (cache miss)
723 http fetch GET 200 https://registry.npmjs.org/strip-indent/-/strip-indent-3.0.0.tgz 1010ms (cache miss)
724 http fetch GET 200 https://registry.npmjs.org/update-browserslist-db/-/update-browserslist-db-1.3.2.tgz 1028ms (cache miss)
725 http fetch GET 200 https://registry.npmjs.org/tinyspy/-/tinyspy-4.0.4.tgz 1030ms (cache miss)
726 http fetch GET 200 https://registry.npmjs.org/tinyexec/-/tinyexec-0.3.2.tgz 1039ms (cache miss)
727 http fetch GET 200 https://registry.npmjs.org/strip-literal/-/strip-literal-3.1.0.tgz 1043ms (cache miss)
728 http fetch GET 200 https://registry.npmjs.org/stackback/-/stackback-0.0.2.tgz 1126ms (cache miss)
729 http fetch GET 200 https://registry.npmjs.org/siginfo/-/siginfo-2.0.0.tgz 1124ms (cache miss)
730 http fetch GET 200 https://registry.npmjs.org/redent/-/redent-3.0.0.tgz 1123ms (cache miss)
731 http fetch GET 200 https://registry.npmjs.org/shebang-command/-/shebang-command-2.0.0.tgz 1146ms (cache miss)
732 http fetch GET 200 https://registry.npmjs.org/react-router-dom/-/react-router-dom-7.18.3.tgz 1196ms (cache miss)
733 http fetch GET 200 https://registry.npmjs.org/shebang-regex/-/shebang-regex-3.0.0.tgz 1227ms (cache miss)
734 http fetch GET 200 https://registry.npmjs.org/tinyrainbow/-/tinyrainbow-2.0.0.tgz 1237ms (cache miss)
735 http fetch GET 200 https://registry.npmjs.org/path-key/-/path-key-3.1.1.tgz 1254ms (cache miss)
736 http fetch GET 200 https://registry.npmjs.org/react-is/-/react-is-17.0.2.tgz 1272ms (cache miss)
737 http fetch GET 200 https://registry.npmjs.org/punycode/-/punycode-2.3.1.tgz 1273ms (cache miss)
738 http fetch GET 200 https://registry.npmjs.org/safer-buffer/-/safer-buffer-2.1.2.tgz 1290ms (cache miss)
739 http fetch GET 200 https://registry.npmjs.org/tinyglobby/-/tinyglobby-0.2.17.tgz 1302ms (cache miss)
740 http fetch GET 200 https://registry.npmjs.org/std-env/-/std-env-3.10.0.tgz 1334ms (cache miss)
741 http fetch GET 200 https://registry.npmjs.org/set-cookie-parser/-/set-cookie-parser-2.7.2.tgz 1357ms (cache miss)
742 http fetch GET 200 https://registry.npmjs.org/whatwg-mimetype/-/whatwg-mimetype-4.0.0.tgz 1402ms (cache miss)
743 http fetch GET 200 https://registry.npmjs.org/picocolors/-/picocolors-1.1.1.tgz 1369ms (cache miss)
744 http fetch GET 200 https://registry.npmjs.org/react-refresh/-/react-refresh-0.18.0.tgz 1381ms (cache miss)
745 http fetch GET 200 https://registry.npmjs.org/semver/-/semver-6.3.1.tgz 1402ms (cache miss)
746 http fetch GET 200 https://registry.npmjs.org/symbol-tree/-/symbol-tree-3.2.4.tgz 1445ms (cache miss)
747 http fetch GET 200 https://registry.npmjs.org/p-locate/-/p-locate-5.0.0.tgz 1472ms (cache miss)
748 http fetch GET 200 https://registry.npmjs.org/pathval/-/pathval-2.0.1.tgz 1512ms (cache miss)
749 http fetch GET 200 https://registry.npmjs.org/ms/-/ms-2.1.3.tgz 1535ms (cache miss)
750 http fetch GET 200 https://registry.npmjs.org/optionator/-/optionator-0.9.4.tgz 1554ms (cache miss)
751 http fetch GET 200 https://registry.npmjs.org/prelude-ls/-/prelude-ls-1.2.1.tgz 1563ms (cache miss)
752 http fetch GET 200 https://registry.npmjs.org/node-releases/-/node-releases-2.0.54.tgz 1586ms (cache miss)
753 http fetch GET 200 https://registry.npmjs.org/tinybench/-/tinybench-2.9.0.tgz 1631ms (cache miss)
754 http fetch GET 200 https://registry.npmjs.org/natural-compare/-/natural-compare-1.4.0.tgz 1617ms (cache miss)
755 http fetch GET 200 https://registry.npmjs.org/p-limit/-/p-limit-3.1.0.tgz 1650ms (cache miss)
756 http fetch GET 200 https://registry.npmjs.org/min-indent/-/min-indent-1.0.1.tgz 1659ms (cache miss)
757 http fetch GET 200 https://registry.npmjs.org/path-exists/-/path-exists-4.0.0.tgz 1760ms (cache miss)
758 http fetch GET 200 https://registry.npmjs.org/keyv/-/keyv-4.5.4.tgz 1764ms (cache miss)
759 http fetch GET 200 https://registry.npmjs.org/saxes/-/saxes-6.0.0.tgz 1791ms (cache miss)
760 http fetch GET 200 https://registry.npmjs.org/json-schema-traverse/-/json-schema-traverse-0.4.1.tgz 1794ms (cache miss)
761 http fetch GET 200 https://registry.npmjs.org/levn/-/levn-0.4.1.tgz 1807ms (cache miss)
762 http fetch GET 200 https://registry.npmjs.org/lru-cache/-/lru-cache-5.1.1.tgz 1833ms (cache miss)
763 http fetch GET 200 https://registry.npmjs.org/locate-path/-/locate-path-6.0.0.tgz 1838ms (cache miss)
764 http fetch GET 200 https://registry.npmjs.org/json-buffer/-/json-buffer-3.0.1.tgz 1849ms (cache miss)
765 http fetch GET 200 https://registry.npmjs.org/is-glob/-/is-glob-4.0.3.tgz 1862ms (cache miss)
766 http fetch GET 200 https://registry.npmjs.org/scheduler/-/scheduler-0.27.0.tgz 2029ms (cache miss)
767 http fetch GET 200 https://registry.npmjs.org/jsesc/-/jsesc-3.1.0.tgz 2007ms (cache miss)
768 http fetch GET 200 https://registry.npmjs.org/js-tokens/-/js-tokens-4.0.0.tgz 2031ms (cache miss)
769 http fetch GET 200 https://registry.npmjs.org/isexe/-/isexe-2.0.0.tgz 2035ms (cache miss)
770 http fetch GET 200 https://registry.npmjs.org/indent-string/-/indent-string-4.0.0.tgz 2052ms (cache miss)
771 http fetch GET 200 https://registry.npmjs.org/is-extglob/-/is-extglob-2.1.1.tgz 2073ms (cache miss)
772 http fetch GET 200 https://registry.npmjs.org/imurmurhash/-/imurmurhash-0.1.4.tgz 2132ms (cache miss)
773 http fetch GET 200 https://registry.npmjs.org/nwsapi/-/nwsapi-2.2.27.tgz 2231ms (cache miss)
774 http fetch GET 200 https://registry.npmjs.org/is-potential-custom-element-name/-/is-potential-custom-element-name-1.0.1.tgz 2224ms (cache miss)
775 http fetch GET 200 https://registry.npmjs.org/ignore/-/ignore-5.3.2.tgz 2251ms (cache miss)
776 http fetch GET 200 https://registry.npmjs.org/html-encoding-sniffer/-/html-encoding-sniffer-4.0.0.tgz 2274ms (cache miss)
777 http fetch GET 200 https://registry.npmjs.org/find-up/-/find-up-5.0.0.tgz 2277ms (cache miss)
778 http fetch GET 200 https://registry.npmjs.org/graceful-fs/-/graceful-fs-4.2.11.tgz 2299ms (cache miss)
779 http fetch GET 200 https://registry.npmjs.org/http-proxy-agent/-/http-proxy-agent-7.0.2.tgz 2345ms (cache miss)
780 http fetch GET 200 https://registry.npmjs.org/typescript-eslint/-/typescript-eslint-8.69.0.tgz 2489ms (cache miss)
781 http fetch GET 200 https://registry.npmjs.org/gensync/-/gensync-1.0.0-beta.2.tgz 2439ms (cache miss)
782 http fetch GET 200 https://registry.npmjs.org/https-proxy-agent/-/https-proxy-agent-7.0.6.tgz 2456ms (cache miss)
783 http fetch GET 200 https://registry.npmjs.org/flat-cache/-/flat-cache-4.0.1.tgz 2511ms (cache miss)
784 http fetch GET 200 https://registry.npmjs.org/fast-deep-equal/-/fast-deep-equal-3.1.3.tgz 2514ms (cache miss)
785 http fetch GET 200 https://registry.npmjs.org/tinypool/-/tinypool-1.1.1.tgz 2619ms (cache miss)
786 http fetch GET 200 https://registry.npmjs.org/file-entry-cache/-/file-entry-cache-8.0.0.tgz 2573ms (cache miss)
787 http fetch GET 200 https://registry.npmjs.org/fast-json-stable-stringify/-/fast-json-stable-stringify-2.1.0.tgz 2595ms (cache miss)
788 http fetch GET 200 https://registry.npmjs.org/esrecurse/-/esrecurse-4.3.0.tgz 2598ms (cache miss)
789 http fetch GET 200 https://registry.npmjs.org/fast-levenshtein/-/fast-levenshtein-2.0.6.tgz 2604ms (cache miss)
790 http fetch GET 200 https://registry.npmjs.org/eslint-plugin-react-refresh/-/eslint-plugin-react-refresh-0.5.5.tgz 2691ms (cache miss)
791 http fetch GET 200 https://registry.npmjs.org/picomatch/-/picomatch-4.0.7.tgz 2752ms (cache miss)
792 http fetch GET 200 https://registry.npmjs.org/glob-parent/-/glob-parent-6.0.2.tgz 2718ms (cache miss)
793 http fetch GET 200 https://registry.npmjs.org/estraverse/-/estraverse-5.3.0.tgz 2716ms (cache miss)
794 http fetch GET 200 https://registry.npmjs.org/fdir/-/fdir-6.5.0.tgz 2767ms (cache miss)
795 http fetch GET 200 https://registry.npmjs.org/esutils/-/esutils-2.0.3.tgz 2805ms (cache miss)
796 http fetch GET 200 https://registry.npmjs.org/pathe/-/pathe-2.0.3.tgz 2883ms (cache miss)
797 http fetch GET 200 https://registry.npmjs.org/tr46/-/tr46-5.1.1.tgz 2970ms (cache miss)
798 http fetch GET 200 https://registry.npmjs.org/whatwg-url/-/whatwg-url-14.2.0.tgz 2982ms (cache miss)
799 http fetch GET 200 https://registry.npmjs.org/data-urls/-/data-urls-5.0.0.tgz 2898ms (cache miss)
800 http fetch GET 200 https://registry.npmjs.org/escape-string-regexp/-/escape-string-regexp-4.0.0.tgz 2909ms (cache miss)
801 http fetch GET 200 https://registry.npmjs.org/json-stable-stringify-without-jsonify/-/json-stable-stringify-without-jsonify-1.0.1.tgz 2978ms (cache miss)
802 http fetch GET 200 https://registry.npmjs.org/deep-eql/-/deep-eql-5.0.2.tgz 3016ms (cache miss)
803 http fetch GET 200 https://registry.npmjs.org/css.escape/-/css.escape-1.5.1.tgz 3092ms (cache miss)
804 http fetch GET 200 https://registry.npmjs.org/cross-spawn/-/cross-spawn-7.0.6.tgz 3109ms (cache miss)
805 http fetch GET 200 https://registry.npmjs.org/detect-libc/-/detect-libc-2.1.2.tgz 3121ms (cache miss)
806 http fetch GET 200 https://registry.npmjs.org/source-map-js/-/source-map-js-1.2.1.tgz 3216ms (cache miss)
807 http fetch GET 200 https://registry.npmjs.org/eslint-visitor-keys/-/eslint-visitor-keys-5.0.1.tgz 3155ms (cache miss)
808 http fetch GET 200 https://registry.npmjs.org/debug/-/debug-4.4.3.tgz 3149ms (cache miss)
809 http fetch GET 200 https://registry.npmjs.org/dequal/-/dequal-2.0.3.tgz 3157ms (cache miss)
810 http fetch GET 200 https://registry.npmjs.org/convert-source-map/-/convert-source-map-2.0.0.tgz 3166ms (cache miss)
811 http fetch GET 200 https://registry.npmjs.org/zod-validation-error/-/zod-validation-error-4.0.2.tgz 3283ms (cache miss)
812 http fetch GET 200 https://registry.npmjs.org/deep-is/-/deep-is-0.1.4.tgz 3238ms (cache miss)
813 http fetch GET 200 https://registry.npmjs.org/check-error/-/check-error-2.1.3.tgz 3241ms (cache miss)
814 http fetch GET 200 https://registry.npmjs.org/cookie/-/cookie-1.1.1.tgz 3247ms (cache miss)
815 http fetch GET 200 https://registry.npmjs.org/clsx/-/clsx-2.1.1.tgz 3256ms (cache miss)
816 http fetch GET 200 https://registry.npmjs.org/esbuild/-/esbuild-0.28.2.tgz 3278ms (cache miss)
817 http fetch GET 200 https://registry.npmjs.org/assertion-error/-/assertion-error-2.0.1.tgz 3276ms (cache miss)
818 http fetch GET 200 https://registry.npmjs.org/escalade/-/escalade-3.2.0.tgz 3339ms (cache miss)
819 http fetch GET 200 https://registry.npmjs.org/ansi-styles/-/ansi-styles-5.2.0.tgz 3327ms (cache miss)
820 http fetch GET 200 https://registry.npmjs.org/flatted/-/flatted-3.4.4.tgz 3371ms (cache miss)
821 http fetch GET 200 https://registry.npmjs.org/@vitest/pretty-format/-/pretty-format-3.2.7.tgz 3341ms (cache miss)
822 http fetch GET 200 https://registry.npmjs.org/browserslist/-/browserslist-4.28.8.tgz 3384ms (cache miss)
823 http fetch GET 200 https://registry.npmjs.org/@vitest/spy/-/spy-3.2.7.tgz 3384ms (cache miss)
824 http fetch GET 200 https://registry.npmjs.org/acorn-jsx/-/acorn-jsx-5.3.2.tgz 3384ms (cache miss)
825 http fetch GET 200 https://registry.npmjs.org/ts-api-utils/-/ts-api-utils-2.5.0.tgz 3519ms (cache miss)
826 http fetch GET 200 https://registry.npmjs.org/estree-walker/-/estree-walker-3.0.3.tgz 3455ms (cache miss)
827 http fetch GET 200 https://registry.npmjs.org/es-module-lexer/-/es-module-lexer-1.7.0.tgz 3451ms (cache miss)
828 http fetch GET 200 https://registry.npmjs.org/ansi-regex/-/ansi-regex-5.0.1.tgz 3454ms (cache miss)
829 http fetch GET 200 https://registry.npmjs.org/globals/-/globals-17.11.0.tgz 3500ms (cache miss)
830 http fetch GET 200 https://registry.npmjs.org/tapable/-/tapable-2.3.3.tgz 3682ms (cache miss)
831 http fetch GET 200 https://registry.npmjs.org/@types/esrecurse/-/esrecurse-4.3.1.tgz 3604ms (cache miss)
832 http fetch GET 200 https://registry.npmjs.org/@typescript-eslint/tsconfig-utils/-/tsconfig-utils-8.69.0.tgz 3622ms (cache miss)
833 http fetch GET 200 https://registry.npmjs.org/@typescript-eslint/project-service/-/project-service-8.69.0.tgz 3722ms (cache miss)
834 http fetch GET 200 https://registry.npmjs.org/@vitejs/plugin-react/-/plugin-react-5.2.0.tgz 3740ms (cache miss)
835 http fetch GET 200 https://registry.npmjs.org/@types/json-schema/-/json-schema-7.0.15.tgz 3730ms (cache miss)
836 http fetch GET 200 https://registry.npmjs.org/@typescript-eslint/visitor-keys/-/visitor-keys-8.69.0.tgz 3766ms (cache miss)
837 http fetch GET 200 https://registry.npmjs.org/nanoid/-/nanoid-3.3.18.tgz 3845ms (cache miss)
838 http fetch GET 200 https://registry.npmjs.org/@types/babel__core/-/babel__core-7.20.5.tgz 3771ms (cache miss)
839 http fetch GET 200 https://registry.npmjs.org/@types/babel__template/-/babel__template-7.4.4.tgz 3791ms (cache miss)
840 http fetch GET 200 https://registry.npmjs.org/@types/babel__generator/-/babel__generator-7.27.0.tgz 3810ms (cache miss)
841 http fetch GET 200 https://registry.npmjs.org/@vitest/expect/-/expect-3.2.7.tgz 3828ms (cache miss)
842 http fetch GET 200 https://registry.npmjs.org/@tailwindcss/vite/-/vite-4.3.3.tgz 3820ms (cache miss)
843 http fetch GET 200 https://registry.npmjs.org/@types/react-dom/-/react-dom-19.2.5.tgz 3837ms (cache miss)
844 http fetch GET 200 https://registry.npmjs.org/@types/aria-query/-/aria-query-5.0.4.tgz 3862ms (cache miss)
845 http fetch GET 200 https://registry.npmjs.org/@types/deep-eql/-/deep-eql-4.0.2.tgz 3881ms (cache miss)
846 http fetch GET 200 https://registry.npmjs.org/@types/estree/-/estree-1.0.9.tgz 3883ms (cache miss)
847 http fetch GET 200 https://registry.npmjs.org/espree/-/espree-11.2.0.tgz 3945ms (cache miss)
848 http fetch GET 200 https://registry.npmjs.org/@types/chai/-/chai-5.2.3.tgz 3948ms (cache miss)
849 http fetch GET 200 https://registry.npmjs.org/@tanstack/react-virtual/-/react-virtual-3.14.10.tgz 3953ms (cache miss)
850 http fetch GET 200 https://registry.npmjs.org/@types/babel__traverse/-/babel__traverse-7.28.0.tgz 4040ms (cache miss)
851 http fetch GET 200 https://registry.npmjs.org/undici-types/-/undici-types-7.18.2.tgz 4210ms (cache miss)
852 http fetch GET 200 https://registry.npmjs.org/electron-to-chromium/-/electron-to-chromium-1.5.418.tgz 4137ms (cache miss)
853 http fetch GET 200 https://registry.npmjs.org/xmlchars/-/xmlchars-2.2.0.tgz 4319ms (cache miss)
854 http fetch GET 200 https://registry.npmjs.org/@tailwindcss/oxide/-/oxide-4.3.3.tgz 4189ms (cache miss)
855 http fetch GET 200 https://registry.npmjs.org/@playwright/test/-/test-1.62.1.tgz 4193ms (cache miss)
856 http fetch GET 200 https://registry.npmjs.org/decimal.js/-/decimal.js-10.6.0.tgz 4304ms (cache miss)
857 http fetch GET 200 https://registry.npmjs.org/@humanwhocodes/module-importer/-/module-importer-1.0.1.tgz 4358ms (cache miss)
858 http fetch GET 200 https://registry.npmjs.org/@eslint/object-schema/-/object-schema-3.0.5.tgz 4395ms (cache miss)
859 http fetch GET 200 https://registry.npmjs.org/@typescript-eslint/parser/-/parser-8.69.0.tgz 4470ms (cache miss)
860 http fetch GET 200 https://registry.npmjs.org/@humanfs/core/-/core-0.19.2.tgz 4458ms (cache miss)
861 http fetch GET 200 https://registry.npmjs.org/@humanfs/types/-/types-0.15.0.tgz 4486ms (cache miss)
862 http fetch GET 200 https://registry.npmjs.org/@eslint/js/-/js-10.0.1.tgz 4488ms (cache miss)
863 http fetch GET 200 https://registry.npmjs.org/expect-type/-/expect-type-1.4.0.tgz 4568ms (cache miss)
864 http fetch GET 200 https://registry.npmjs.org/@jridgewell/resolve-uri/-/resolve-uri-3.1.2.tgz 4507ms (cache miss)
865 http fetch GET 200 https://registry.npmjs.org/ws/-/ws-8.21.3.tgz 4680ms (cache miss)
866 http fetch GET 200 https://registry.npmjs.org/@eslint/config-helpers/-/config-helpers-0.7.0.tgz 4525ms (cache miss)
867 http fetch GET 200 https://registry.npmjs.org/@babel/plugin-transform-react-jsx-source/-/plugin-transform-react-jsx-source-7.29.7.tgz 4521ms (cache miss)
868 http fetch GET 200 https://registry.npmjs.org/@jridgewell/remapping/-/remapping-2.3.5.tgz 4565ms (cache miss)
869 http fetch GET 200 https://registry.npmjs.org/@eslint/core/-/core-1.2.1.tgz 4610ms (cache miss)
870 http fetch GET 200 https://registry.npmjs.org/baseline-browser-mapping/-/baseline-browser-mapping-2.11.20.tgz 4677ms (cache miss)
871 http fetch GET 200 https://registry.npmjs.org/magic-string/-/magic-string-0.30.21.tgz 4750ms (cache miss)
872 http fetch GET 200 https://registry.npmjs.org/@csstools/css-parser-algorithms/-/css-parser-algorithms-3.0.5.tgz 4639ms (cache miss)
873 http fetch GET 200 https://registry.npmjs.org/@babel/plugin-transform-react-jsx-self/-/plugin-transform-react-jsx-self-7.29.7.tgz 4653ms (cache miss)
874 http fetch GET 200 https://registry.npmjs.org/@babel/helper-globals/-/helper-globals-7.29.7.tgz 4655ms (cache miss)
875 http fetch GET 200 https://registry.npmjs.org/agent-base/-/agent-base-7.1.4.tgz 4725ms (cache miss)
876 http fetch GET 200 https://registry.npmjs.org/@humanfs/node/-/node-0.16.8.tgz 4702ms (cache miss)
877 http fetch GET 200 https://registry.npmjs.org/@babel/compat-data/-/compat-data-7.29.7.tgz 4693ms (cache miss)
878 http fetch GET 200 https://registry.npmjs.org/lz-string/-/lz-string-1.5.0.tgz 4821ms (cache miss)
879 http fetch GET 200 https://registry.npmjs.org/@babel/helper-validator-identifier/-/helper-validator-identifier-7.29.7.tgz 4707ms (cache miss)
880 http fetch GET 200 https://registry.npmjs.org/@csstools/css-tokenizer/-/css-tokenizer-3.0.4.tgz 4720ms (cache miss)
881 http fetch GET 200 https://registry.npmjs.org/@csstools/color-helpers/-/color-helpers-5.1.0.tgz 4721ms (cache miss)
882 http fetch GET 200 https://registry.npmjs.org/cac/-/cac-6.7.14.tgz 4791ms (cache miss)
883 http fetch GET 200 https://registry.npmjs.org/@babel/code-frame/-/code-frame-7.29.7.tgz 4720ms (cache miss)
884 http fetch GET 200 https://registry.npmjs.org/@csstools/css-calc/-/css-calc-2.1.4.tgz 4749ms (cache miss)
885 http fetch GET 200 https://registry.npmjs.org/@babel/helper-compilation-targets/-/helper-compilation-targets-7.29.7.tgz 4781ms (cache miss)
886 http fetch GET 200 https://registry.npmjs.org/@babel/helper-validator-option/-/helper-validator-option-7.29.7.tgz 4800ms (cache miss)
887 http fetch GET 200 https://registry.npmjs.org/@csstools/css-color-parser/-/css-color-parser-3.1.0.tgz 4819ms (cache miss)
888 http fetch GET 200 https://registry.npmjs.org/@babel/helper-string-parser/-/helper-string-parser-7.29.7.tgz 4814ms (cache miss)
889 http fetch GET 200 https://registry.npmjs.org/@babel/helper-plugin-utils/-/helper-plugin-utils-7.29.7.tgz 4834ms (cache miss)
890 http fetch GET 200 https://registry.npmjs.org/@vitest/snapshot/-/snapshot-3.2.7.tgz 4921ms (cache miss)
891 http fetch GET 200 https://registry.npmjs.org/js-tokens/-/js-tokens-9.0.1.tgz 4879ms (cache miss)
892 http fetch GET 200 https://registry.npmjs.org/lightningcss/-/lightningcss-1.32.0.tgz 5021ms (cache miss)
893 http fetch GET 200 https://registry.npmjs.org/@vitest/runner/-/runner-3.2.7.tgz 4969ms (cache miss)
894 http fetch GET 200 https://registry.npmjs.org/@humanwhocodes/retry/-/retry-0.4.3.tgz 4957ms (cache miss)
895 http fetch GET 200 https://registry.npmjs.org/react/-/react-19.2.8.tgz 5075ms (cache miss)
896 http fetch GET 200 https://registry.npmjs.org/eslint-visitor-keys/-/eslint-visitor-keys-3.4.3.tgz 4928ms (cache miss)
897 http fetch GET 200 https://registry.npmjs.org/ignore/-/ignore-7.0.8.tgz 4941ms (cache miss)
898 http fetch GET 200 https://registry.npmjs.org/eslint-scope/-/eslint-scope-9.1.2.tgz 5089ms (cache miss)
899 http fetch GET 200 https://registry.npmjs.org/@tailwindcss/node/-/node-4.3.3.tgz 5113ms (cache miss)
900 http fetch GET 200 https://registry.npmjs.org/hermes-estree/-/hermes-estree-0.25.1.tgz 5244ms (cache miss)
901 http fetch GET 200 https://registry.npmjs.org/json5/-/json5-2.2.3.tgz 5457ms (cache miss)
902 http fetch GET 200 https://registry.npmjs.org/balanced-match/-/balanced-match-4.0.4.tgz 5430ms (cache miss)
903 http fetch GET 200 https://registry.npmjs.org/brace-expansion/-/brace-expansion-5.0.9.tgz 5489ms (cache miss)
904 http fetch GET 200 https://registry.npmjs.org/@babel/helper-module-imports/-/helper-module-imports-7.29.7.tgz 5434ms (cache miss)
905 http fetch GET 200 https://registry.npmjs.org/@typescript-eslint/types/-/types-8.69.0.tgz 5498ms (cache miss)
906 http fetch GET 200 https://registry.npmjs.org/@vitest/utils/-/utils-3.2.7.tgz 5600ms (cache miss)
907 http fetch GET 200 https://registry.npmjs.org/@eslint-community/regexpp/-/regexpp-4.12.2.tgz 5571ms (cache miss)
908 http fetch GET 200 https://registry.npmjs.org/@eslint-community/eslint-utils/-/eslint-utils-4.10.1.tgz 5617ms (cache miss)
909 http fetch GET 200 https://registry.npmjs.org/acorn/-/acorn-8.18.0.tgz 5717ms (cache miss)
910 http fetch GET 200 https://registry.npmjs.org/rrweb-cssom/-/rrweb-cssom-0.8.0.tgz 5819ms (cache miss)
911 http fetch GET 200 https://registry.npmjs.org/@types/react/-/react-19.2.18.tgz 5797ms (cache miss)
912 http fetch GET 200 https://registry.npmjs.org/@eslint/plugin-kit/-/plugin-kit-0.7.2.tgz 5818ms (cache miss)
913 http fetch GET 200 https://registry.npmjs.org/@rolldown/pluginutils/-/pluginutils-1.0.0-rc.3.tgz 5905ms (cache miss)
914 http fetch GET 200 https://registry.npmjs.org/@babel/template/-/template-7.29.7.tgz 6043ms (cache miss)
915 http fetch GET 200 https://registry.npmjs.org/@vitest/mocker/-/mocker-3.2.7.tgz 6138ms (cache miss)
916 http fetch GET 200 https://registry.npmjs.org/@babel/helper-module-transforms/-/helper-module-transforms-7.29.7.tgz 6094ms (cache miss)
917 http fetch GET 200 https://registry.npmjs.org/csstype/-/csstype-3.2.3.tgz 6226ms (cache miss)
918 http fetch GET 200 https://registry.npmjs.org/pretty-format/-/pretty-format-27.5.1.tgz 6379ms (cache miss)
919 http fetch GET 200 https://registry.npmjs.org/vite-node/-/vite-node-3.2.4.tgz 6533ms (cache miss)
920 http fetch GET 200 https://registry.npmjs.org/tailwindcss/-/tailwindcss-4.3.3.tgz 6754ms (cache miss)
921 http fetch GET 200 https://registry.npmjs.org/esquery/-/esquery-1.7.0.tgz 6820ms (cache miss)
922 http fetch GET 200 https://registry.npmjs.org/@eslint/config-array/-/config-array-0.23.5.tgz 6865ms (cache miss)
923 http fetch GET 200 https://registry.npmjs.org/@jridgewell/sourcemap-codec/-/sourcemap-codec-1.6.0.tgz 6901ms (cache miss)
924 http fetch GET 200 https://registry.npmjs.org/@jridgewell/gen-mapping/-/gen-mapping-0.3.13.tgz 7135ms (cache miss)
925 http fetch GET 200 https://registry.npmjs.org/@testing-library/react/-/react-16.3.3.tgz 7158ms (cache miss)
926 http fetch GET 200 https://registry.npmjs.org/iconv-lite/-/iconv-lite-0.6.3.tgz 7344ms (cache miss)
927 http fetch GET 200 https://registry.npmjs.org/@napi-rs/lzma-linux-x64-gnu/-/lzma-linux-x64-gnu-1.5.1.tgz 7379ms (cache miss)
928 http fetch GET 200 https://registry.npmjs.org/@adobe/css-tools/-/css-tools-4.5.0.tgz 7415ms (cache miss)
929 http fetch GET 200 https://registry.npmjs.org/jiti/-/jiti-2.7.0.tgz 7705ms (cache miss)
930 http fetch GET 200 https://registry.npmjs.org/@tanstack/virtual-core/-/virtual-core-3.17.8.tgz 7662ms (cache miss)
931 http fetch GET 200 https://registry.npmjs.org/postcss/-/postcss-8.5.26.tgz 7788ms (cache miss)
932 http fetch GET 200 https://registry.npmjs.org/tough-cookie/-/tough-cookie-5.1.2.tgz 8094ms (cache miss)
933 http fetch GET 200 https://registry.npmjs.org/loupe/-/loupe-3.2.1.tgz 8079ms (cache miss)
934 http fetch GET 200 https://registry.npmjs.org/lru-cache/-/lru-cache-10.4.3.tgz 8019ms (cache miss)
935 http fetch GET 200 https://registry.npmjs.org/@testing-library/jest-dom/-/jest-dom-6.9.1.tgz 8253ms (cache miss)
936 http fetch GET 200 https://registry.npmjs.org/@jridgewell/trace-mapping/-/trace-mapping-0.3.31.tgz 8248ms (cache miss)
937 http fetch GET 200 https://registry.npmjs.org/semver/-/semver-7.8.5.tgz 8308ms (cache miss)
938 http fetch GET 200 https://registry.npmjs.org/@babel/parser/-/parser-7.29.8.tgz 8382ms (cache miss)
939 http fetch GET 200 https://registry.npmjs.org/@typescript-eslint/type-utils/-/type-utils-8.69.0.tgz 8448ms (cache miss)
940 http fetch GET 200 https://registry.npmjs.org/@rollup/rollup-linux-x64-gnu/-/rollup-linux-x64-gnu-4.63.1.tgz 8490ms (cache miss)
941 http fetch GET 200 https://registry.npmjs.org/@rollup/rollup-linux-x64-musl/-/rollup-linux-x64-musl-4.63.1.tgz 8501ms (cache miss)
942 http fetch GET 200 https://registry.npmjs.org/enhanced-resolve/-/enhanced-resolve-5.24.5.tgz 9127ms (cache miss)
943 http fetch GET 200 https://registry.npmjs.org/dom-accessibility-api/-/dom-accessibility-api-0.5.16.tgz 9436ms (cache miss)
944 http fetch GET 200 https://registry.npmjs.org/@tailwindcss/oxide-linux-x64-musl/-/oxide-linux-x64-musl-4.3.3.tgz 9424ms (cache miss)
945 http fetch GET 200 https://registry.npmjs.org/@tailwindcss/oxide-linux-x64-gnu/-/oxide-linux-x64-gnu-4.3.3.tgz 9468ms (cache miss)
946 http fetch GET 200 https://registry.npmjs.org/hermes-parser/-/hermes-parser-0.25.1.tgz 9825ms (cache miss)
947 http fetch GET 200 https://registry.npmjs.org/chai/-/chai-5.3.3.tgz 9816ms (cache miss)
948 http fetch GET 200 https://registry.npmjs.org/minimatch/-/minimatch-10.2.6.tgz 10018ms (cache miss)
949 http fetch GET 200 https://registry.npmjs.org/@babel/generator/-/generator-7.29.8.tgz 9971ms (cache miss)
950 http fetch GET 200 https://registry.npmjs.org/uri-js/-/uri-js-4.4.1.tgz 10155ms (cache miss)
951 http fetch GET 200 https://registry.npmjs.org/eslint-plugin-react-hooks/-/eslint-plugin-react-hooks-7.1.1.tgz 10133ms (cache miss)
952 http fetch GET 200 https://registry.npmjs.org/dom-accessibility-api/-/dom-accessibility-api-0.6.3.tgz 10060ms (cache miss)
953 http fetch GET 200 https://registry.npmjs.org/rollup/-/rollup-4.63.1.tgz 10324ms (cache miss)
954 http fetch GET 200 https://registry.npmjs.org/tldts/-/tldts-6.1.86.tgz 10842ms (cache miss)
955 http fetch GET 200 https://registry.npmjs.org/@types/node/-/node-24.13.3.tgz 10732ms (cache miss)
956 http fetch GET 200 https://registry.npmjs.org/vite/-/vite-7.3.6.tgz 10857ms (cache miss)
957 http fetch GET 200 https://registry.npmjs.org/@testing-library/dom/-/dom-10.4.1.tgz 11224ms (cache miss)
958 http fetch GET 200 https://registry.npmjs.org/parse5/-/parse5-7.3.0.tgz 11730ms (cache miss)
959 http fetch GET 200 https://registry.npmjs.org/@babel/traverse/-/traverse-7.29.8.tgz 11844ms (cache miss)
960 http fetch GET 200 https://registry.npmjs.org/@typescript-eslint/typescript-estree/-/typescript-estree-8.69.0.tgz 12067ms (cache miss)
961 http fetch GET 200 https://registry.npmjs.org/vitest/-/vitest-3.2.7.tgz 12191ms (cache miss)
962 http fetch GET 200 https://registry.npmjs.org/cssstyle/-/cssstyle-4.6.0.tgz 12208ms (cache miss)
963 http fetch GET 200 https://registry.npmjs.org/@typescript-eslint/utils/-/utils-8.69.0.tgz 12462ms (cache miss)
964 http fetch GET 200 https://registry.npmjs.org/tldts-core/-/tldts-core-6.1.86.tgz 12620ms (cache miss)
965 http fetch GET 200 https://registry.npmjs.org/entities/-/entities-6.0.1.tgz 12852ms (cache miss)
966 http fetch GET 200 https://registry.npmjs.org/ajv/-/ajv-6.15.0.tgz 12846ms (cache miss)
967 http fetch GET 200 https://registry.npmjs.org/@asamuzakjp/css-color/-/css-color-3.2.0.tgz 13259ms (cache miss)
968 http fetch GET 200 https://registry.npmjs.org/react-dom/-/react-dom-19.2.8.tgz 13407ms (cache miss)
969 http fetch GET 200 https://registry.npmjs.org/playwright/-/playwright-1.62.1.tgz 13566ms (cache miss)
970 http fetch GET 200 https://registry.npmjs.org/lightningcss-linux-x64-gnu/-/lightningcss-linux-x64-gnu-1.32.0.tgz 14793ms (cache miss)
971 http fetch GET 200 https://registry.npmjs.org/lightningcss-linux-x64-musl/-/lightningcss-linux-x64-musl-1.32.0.tgz 14863ms (cache miss)
972 http fetch GET 200 https://registry.npmjs.org/@babel/core/-/core-7.29.7.tgz 15188ms (cache miss)
973 http fetch GET 200 https://registry.npmjs.org/prettier/-/prettier-3.9.6.tgz 15469ms (cache miss)
974 http fetch GET 200 https://registry.npmjs.org/@esbuild/linux-x64/-/linux-x64-0.28.2.tgz 14411ms (cache miss)
975 http fetch GET 200 https://registry.npmjs.org/@babel/runtime/-/runtime-7.29.7.tgz 15437ms (cache miss)
976 http fetch GET 200 https://registry.npmjs.org/@babel/types/-/types-7.29.8.tgz 16194ms (cache miss)
977 http fetch GET 200 https://registry.npmjs.org/react-router/-/react-router-7.18.3.tgz 16956ms (cache miss)
978 http fetch GET 200 https://registry.npmjs.org/@babel/helpers/-/helpers-7.29.7.tgz 17400ms (cache miss)
979 http fetch GET 200 https://registry.npmjs.org/aria-query/-/aria-query-5.3.0.tgz 17951ms (cache miss)
980 http fetch GET 200 https://registry.npmjs.org/playwright-core/-/playwright-core-1.62.1.tgz 18787ms (cache miss)
981 http fetch GET 200 https://registry.npmjs.org/@typescript-eslint/scope-manager/-/scope-manager-8.69.0.tgz 19750ms (cache miss)
982 http fetch GET 200 https://registry.npmjs.org/typescript/-/typescript-5.9.3.tgz 20189ms (cache miss)
983 http fetch GET 200 https://registry.npmjs.org/@tanstack/query-core/-/query-core-5.102.8.tgz 20674ms (cache miss)
984 http fetch GET 200 https://registry.npmjs.org/@tanstack/react-query/-/react-query-5.102.8.tgz 21369ms (cache miss)
985 http fetch GET 200 https://registry.npmjs.org/eslint/-/eslint-10.9.1.tgz 22124ms (cache miss)
986 http fetch GET 200 https://registry.npmjs.org/@typescript-eslint/eslint-plugin/-/eslint-plugin-8.69.0.tgz 22704ms (cache miss)
987 http fetch GET 200 https://registry.npmjs.org/@testing-library/user-event/-/user-event-14.6.6.tgz 22742ms (cache miss)
988 http fetch GET 200 https://registry.npmjs.org/caniuse-lite/-/caniuse-lite-1.0.30001810.tgz 24419ms (cache miss)
989 http fetch GET 200 https://registry.npmjs.org/jsdom/-/jsdom-26.1.0.tgz 25564ms (cache miss)
990 http fetch GET 200 https://registry.npmjs.org/zod/-/zod-4.5.4.tgz 26879ms (cache miss)
991 http fetch GET 200 https://registry.npmjs.org/lucide-react/-/lucide-react-0.542.0.tgz 32580ms (cache miss)
992 info run esbuild@0.28.2 postinstall node_modules/esbuild node install.js
993 info run esbuild@0.28.2 postinstall { code: 0, signal: null }
994 silly ADD node_modules/zod-validation-error
995 silly ADD node_modules/zod
996 silly ADD node_modules/yocto-queue
997 silly ADD node_modules/yallist
998 silly ADD node_modules/xmlchars
999 silly ADD node_modules/xml-name-validator
1000 silly ADD node_modules/ws
1001 silly ADD node_modules/word-wrap
1002 silly ADD node_modules/why-is-node-running
1003 silly ADD node_modules/which
1004 silly ADD node_modules/whatwg-url
1005 silly ADD node_modules/whatwg-mimetype
1006 silly ADD node_modules/whatwg-encoding
1007 silly ADD node_modules/webidl-conversions
1008 silly ADD node_modules/w3c-xmlserializer
1009 silly ADD node_modules/vitest
1010 silly ADD node_modules/vite-node
1011 silly ADD node_modules/vite
1012 silly ADD
1013 silly ADD node_modules/uri-js
1014 silly ADD node_modules/update-browserslist-db
1015 silly ADD node_modules/undici-types
1016 silly ADD node_modules/typescript-eslint
1017 silly ADD node_modules/typescript
1018 silly ADD node_modules/type-check
1019 silly ADD node_modules/ts-api-utils
1020 silly ADD node_modules/tr46
1021 silly ADD node_modules/tough-cookie
1022 silly ADD node_modules/tldts-core
1023 silly ADD node_modules/tldts
1024 silly ADD node_modules/tinyspy
1025 silly ADD node_modules/tinyrainbow
1026 silly ADD node_modules/tinypool
1027 silly ADD node_modules/tinyglobby
1028 silly ADD node_modules/tinyexec
1029 silly ADD node_modules/tinybench
1030 silly ADD node_modules/tapable
1031 silly ADD node_modules/tailwindcss
1032 silly ADD node_modules/symbol-tree
1033 silly ADD node_modules/strip-literal
1034 silly ADD node_modules/strip-literal/node_modules/js-tokens
1035 silly ADD node_modules/strip-indent
1036 silly ADD node_modules/std-env
1037 silly ADD node_modules/stackback
1038 silly ADD node_modules/source-map-js
1039 silly ADD node_modules/siginfo
1040 silly ADD node_modules/shebang-regex
1041 silly ADD node_modules/shebang-command
1042 silly ADD node_modules/set-cookie-parser
1043 silly ADD node_modules/semver
1044 silly ADD node_modules/scheduler
1045 silly ADD node_modules/saxes
1046 silly ADD node_modules/safer-buffer
1047 silly ADD node_modules/rrweb-cssom
1048 silly ADD node_modules/rollup
1049 silly ADD node_modules/redent
1050 silly ADD node_modules/react-router-dom
1051 silly ADD node_modules/react-router
1052 silly ADD node_modules/react-refresh
1053 silly ADD node_modules/react-is
1054 silly ADD node_modules/react-dom
1055 silly ADD node_modules/react
1056 silly ADD node_modules/punycode
1057 silly ADD node_modules/pretty-format
1058 silly ADD node_modules/prettier
1059 silly ADD node_modules/prelude-ls
1060 silly ADD node_modules/postcss
1061 silly ADD node_modules/playwright-core
1062 silly ADD node_modules/playwright
1063 silly ADD node_modules/picomatch
1064 silly ADD node_modules/picocolors
1065 silly ADD node_modules/pathval
1066 silly ADD node_modules/pathe
1067 silly ADD node_modules/path-key
1068 silly ADD node_modules/path-exists
1069 silly ADD node_modules/parse5
1070 silly ADD node_modules/p-locate
1071 silly ADD node_modules/p-limit
1072 silly ADD node_modules/optionator
1073 silly ADD node_modules/nwsapi
1074 silly ADD node_modules/node-releases
1075 silly ADD node_modules/natural-compare
1076 silly ADD node_modules/nanoid
1077 silly ADD node_modules/ms
1078 silly ADD node_modules/minimatch
1079 silly ADD node_modules/min-indent
1080 silly ADD node_modules/magic-string
1081 silly ADD node_modules/lz-string
1082 silly ADD node_modules/lucide-react
1083 silly ADD node_modules/lru-cache
1084 silly ADD node_modules/loupe
1085 silly ADD node_modules/locate-path
1086 silly ADD
1087 silly ADD
1088 silly ADD node_modules/lightningcss-linux-x64-musl
1089 silly ADD node_modules/lightningcss-linux-x64-gnu
1090 silly ADD
1091 silly ADD
1092 silly ADD
1093 silly ADD
1094 silly ADD
1095 silly ADD
1096 silly ADD
1097 silly ADD node_modules/lightningcss
1098 silly ADD node_modules/levn
1099 silly ADD node_modules/keyv
1100 silly ADD node_modules/json5
1101 silly ADD node_modules/json-stable-stringify-without-jsonify
1102 silly ADD node_modules/json-schema-traverse
1103 silly ADD node_modules/json-buffer
1104 silly ADD node_modules/jsesc
1105 silly ADD node_modules/jsdom
1106 silly ADD node_modules/js-tokens
1107 silly ADD node_modules/jiti
1108 silly ADD node_modules/isexe
1109 silly ADD node_modules/is-potential-custom-element-name
1110 silly ADD node_modules/is-glob
1111 silly ADD node_modules/is-extglob
1112 silly ADD node_modules/indent-string
1113 silly ADD node_modules/imurmurhash
1114 silly ADD node_modules/ignore
1115 silly ADD node_modules/iconv-lite
1116 silly ADD node_modules/https-proxy-agent
1117 silly ADD node_modules/http-proxy-agent
1118 silly ADD node_modules/html-encoding-sniffer
1119 silly ADD node_modules/hermes-parser
1120 silly ADD node_modules/hermes-estree
1121 silly ADD node_modules/graceful-fs
1122 silly ADD node_modules/globals
1123 silly ADD node_modules/glob-parent
1124 silly ADD node_modules/gensync
1125 silly ADD
1126 silly ADD node_modules/flatted
1127 silly ADD node_modules/flat-cache
1128 silly ADD node_modules/find-up
1129 silly ADD node_modules/file-entry-cache
1130 silly ADD node_modules/fdir
1131 silly ADD node_modules/fast-levenshtein
1132 silly ADD node_modules/fast-json-stable-stringify
1133 silly ADD node_modules/fast-deep-equal
1134 silly ADD node_modules/expect-type
1135 silly ADD node_modules/esutils
1136 silly ADD node_modules/estree-walker
1137 silly ADD node_modules/estraverse
1138 silly ADD node_modules/esrecurse
1139 silly ADD node_modules/esquery
1140 silly ADD node_modules/espree
1141 silly ADD node_modules/eslint-visitor-keys
1142 silly ADD node_modules/eslint-scope
1143 silly ADD node_modules/eslint-plugin-react-refresh
1144 silly ADD node_modules/eslint-plugin-react-hooks
1145 silly ADD node_modules/eslint
1146 silly ADD node_modules/escape-string-regexp
1147 silly ADD node_modules/escalade
1148 silly ADD node_modules/esbuild
1149 silly ADD node_modules/es-module-lexer
1150 silly ADD node_modules/entities
1151 silly ADD node_modules/enhanced-resolve
1152 silly ADD node_modules/electron-to-chromium
1153 silly ADD node_modules/dom-accessibility-api
1154 silly ADD node_modules/detect-libc
1155 silly ADD node_modules/dequal
1156 silly ADD node_modules/deep-is
1157 silly ADD node_modules/deep-eql
1158 silly ADD node_modules/decimal.js
1159 silly ADD node_modules/debug
1160 silly ADD node_modules/data-urls
1161 silly ADD node_modules/csstype
1162 silly ADD node_modules/cssstyle
1163 silly ADD node_modules/css.escape
1164 silly ADD node_modules/cross-spawn
1165 silly ADD node_modules/cookie
1166 silly ADD node_modules/convert-source-map
1167 silly ADD node_modules/clsx
1168 silly ADD node_modules/check-error
1169 silly ADD node_modules/chai
1170 silly ADD node_modules/caniuse-lite
1171 silly ADD node_modules/cac
1172 silly ADD node_modules/browserslist
1173 silly ADD node_modules/brace-expansion
1174 silly ADD node_modules/baseline-browser-mapping
1175 silly ADD node_modules/balanced-match
1176 silly ADD node_modules/assertion-error
1177 silly ADD node_modules/aria-query
1178 silly ADD node_modules/ansi-styles
1179 silly ADD node_modules/ansi-regex
1180 silly ADD node_modules/ajv
1181 silly ADD node_modules/agent-base
1182 silly ADD node_modules/acorn-jsx
1183 silly ADD node_modules/acorn
1184 silly ADD node_modules/@vitest/utils
1185 silly ADD node_modules/@vitest/spy
1186 silly ADD node_modules/@vitest/snapshot
1187 silly ADD node_modules/@vitest/runner
1188 silly ADD node_modules/@vitest/pretty-format
1189 silly ADD node_modules/@vitest/mocker
1190 silly ADD node_modules/@vitest/expect
1191 silly ADD node_modules/@vitejs/plugin-react
1192 silly ADD node_modules/@typescript-eslint/visitor-keys
1193 silly ADD node_modules/@typescript-eslint/utils
1194 silly ADD node_modules/@typescript-eslint/typescript-estree
1195 silly ADD node_modules/@typescript-eslint/typescript-estree/node_modules/semver
1196 silly ADD node_modules/@typescript-eslint/types
1197 silly ADD node_modules/@typescript-eslint/type-utils
1198 silly ADD node_modules/@typescript-eslint/tsconfig-utils
1199 silly ADD node_modules/@typescript-eslint/scope-manager
1200 silly ADD node_modules/@typescript-eslint/project-service
1201 silly ADD node_modules/@typescript-eslint/parser
1202 silly ADD node_modules/@typescript-eslint/eslint-plugin
1203 silly ADD node_modules/@typescript-eslint/eslint-plugin/node_modules/ignore
1204 silly ADD node_modules/@types/react-dom
1205 silly ADD node_modules/@types/react
1206 silly ADD node_modules/@types/node
1207 silly ADD node_modules/@types/json-schema
1208 silly ADD node_modules/@types/estree
1209 silly ADD node_modules/@types/esrecurse
1210 silly ADD node_modules/@types/deep-eql
1211 silly ADD node_modules/@types/chai
1212 silly ADD node_modules/@types/babel__traverse
1213 silly ADD node_modules/@types/babel__template
1214 silly ADD node_modules/@types/babel__generator
1215 silly ADD node_modules/@types/babel__core
1216 silly ADD node_modules/@types/aria-query
1217 silly ADD node_modules/@testing-library/user-event
1218 silly ADD node_modules/@testing-library/react
1219 silly ADD node_modules/@testing-library/jest-dom
1220 silly ADD node_modules/@testing-library/jest-dom/node_modules/dom-accessibility-api
1221 silly ADD node_modules/@testing-library/dom
1222 silly ADD node_modules/@tanstack/virtual-core
1223 silly ADD node_modules/@tanstack/react-virtual
1224 silly ADD node_modules/@tanstack/react-query
1225 silly ADD node_modules/@tanstack/query-core
1226 silly ADD node_modules/@tailwindcss/vite
1227 silly ADD
1228 silly ADD
1229 silly ADD
1230 silly ADD node_modules/@tailwindcss/oxide-linux-x64-musl
1231 silly ADD node_modules/@tailwindcss/oxide-linux-x64-gnu
1232 silly ADD
1233 silly ADD
1234 silly ADD
1235 silly ADD
1236 silly ADD
1237 silly ADD
1238 silly ADD
1239 silly ADD node_modules/@tailwindcss/oxide
1240 silly ADD node_modules/@tailwindcss/node
1241 silly ADD
1242 silly ADD
1243 silly ADD
1244 silly ADD
1245 silly ADD
1246 silly ADD
1247 silly ADD node_modules/@rollup/rollup-linux-x64-musl
1248 silly ADD node_modules/@rollup/rollup-linux-x64-gnu
1249 silly ADD
1250 silly ADD
1251 silly ADD
1252 silly ADD
1253 silly ADD
1254 silly ADD
1255 silly ADD
1256 silly ADD
1257 silly ADD
1258 silly ADD
1259 silly ADD
1260 silly ADD
1261 silly ADD
1262 silly ADD
1263 silly ADD
1264 silly ADD
1265 silly ADD
1266 silly ADD node_modules/@rolldown/pluginutils
1267 silly ADD node_modules/@playwright/test
1268 silly ADD node_modules/@napi-rs/lzma-linux-x64-gnu
1269 silly ADD node_modules/@jridgewell/trace-mapping
1270 silly ADD node_modules/@jridgewell/sourcemap-codec
1271 silly ADD node_modules/@jridgewell/resolve-uri
1272 silly ADD node_modules/@jridgewell/remapping
1273 silly ADD node_modules/@jridgewell/gen-mapping
1274 silly ADD node_modules/@humanwhocodes/retry
1275 silly ADD node_modules/@humanwhocodes/module-importer
1276 silly ADD node_modules/@humanfs/types
1277 silly ADD node_modules/@humanfs/node
1278 silly ADD node_modules/@humanfs/core
1279 silly ADD node_modules/@eslint/plugin-kit
1280 silly ADD node_modules/@eslint/object-schema
1281 silly ADD node_modules/@eslint/js
1282 silly ADD node_modules/@eslint/core
1283 silly ADD node_modules/@eslint/config-helpers
1284 silly ADD node_modules/@eslint/config-array
1285 silly ADD node_modules/@eslint-community/regexpp
1286 silly ADD node_modules/@eslint-community/eslint-utils
1287 silly ADD node_modules/@eslint-community/eslint-utils/node_modules/eslint-visitor-keys
1288 silly ADD
1289 silly ADD
1290 silly ADD
1291 silly ADD
1292 silly ADD
1293 silly ADD
1294 silly ADD
1295 silly ADD
1296 silly ADD
1297 silly ADD node_modules/@esbuild/linux-x64
1298 silly ADD
1299 silly ADD
1300 silly ADD
1301 silly ADD
1302 silly ADD
1303 silly ADD
1304 silly ADD
1305 silly ADD
1306 silly ADD
1307 silly ADD
1308 silly ADD
1309 silly ADD
1310 silly ADD
1311 silly ADD
1312 silly ADD
1313 silly ADD
1314 silly ADD node_modules/@csstools/css-tokenizer
1315 silly ADD node_modules/@csstools/css-parser-algorithms
1316 silly ADD node_modules/@csstools/css-color-parser
1317 silly ADD node_modules/@csstools/css-calc
1318 silly ADD node_modules/@csstools/color-helpers
1319 silly ADD node_modules/@babel/types
1320 silly ADD node_modules/@babel/traverse
1321 silly ADD node_modules/@babel/template
1322 silly ADD node_modules/@babel/runtime
1323 silly ADD node_modules/@babel/plugin-transform-react-jsx-source
1324 silly ADD node_modules/@babel/plugin-transform-react-jsx-self
1325 silly ADD node_modules/@babel/parser
1326 silly ADD node_modules/@babel/helpers
1327 silly ADD node_modules/@babel/helper-validator-option
1328 silly ADD node_modules/@babel/helper-validator-identifier
1329 silly ADD node_modules/@babel/helper-string-parser
1330 silly ADD node_modules/@babel/helper-plugin-utils
1331 silly ADD node_modules/@babel/helper-module-transforms
1332 silly ADD node_modules/@babel/helper-module-imports
1333 silly ADD node_modules/@babel/helper-globals
1334 silly ADD node_modules/@babel/helper-compilation-targets
1335 silly ADD node_modules/@babel/generator
1336 silly ADD node_modules/@babel/core
1337 silly ADD node_modules/@babel/compat-data
1338 silly ADD node_modules/@babel/code-frame
1339 silly ADD node_modules/@asamuzakjp/css-color
1340 silly ADD node_modules/@asamuzakjp/css-color/node_modules/lru-cache
1341 silly ADD node_modules/@adobe/css-tools
1342 verbose cwd /home/hkjang/.cache/auto-improve-wt/appstore
1343 verbose os Linux 6.18.33.2-microsoft-standard-WSL2
1344 verbose node v22.23.1
1345 verbose npm  v10.9.8
1346 notice
1346 notice New major version of npm available! 10.9.8 -> 12.0.2
1346 notice Changelog: https://github.com/npm/cli/releases/tag/v12.0.2
1346 notice To update run: npm install -g npm@12.0.2
1346 notice  { force: true, [Symbol(proc-log.meta)]: true }
1347 verbose exit 0
1348 info ok
